backend_id,eval_id,status,from_cache,wer,hits,substitutions,deletions,insertions,reference_words,inference_seconds,audio_seconds,rtf,error_category,error_message,attempts,raw_reference,raw_hypothesis,normalized_reference,normalized_hypothesis
voicerefine_whisper_tiny_int8,svarah_test_0000,success,0,0.066667,28,2,0,0,30,1.804466,14.646375,0.123202,,,1,English breaks the communication barriers between people of diverse cultural backgrounds and it creates a new community where people come together and share their cultures and ideas with broader audience.,"English breaks the communication barriers between people of drivers, cultural background and it creates a new community where people come together and share their cultures and ideas with broader audience.",english breaks the communication barriers between people of diverse cultural backgrounds and it creates a new community where people come together and share their cultures and ideas with broader audience,english breaks the communication barriers between people of drivers cultural background and it creates a new community where people come together and share their cultures and ideas with broader audience
voicerefine_whisper_tiny_int8,svarah_test_0001,success,0,0.030303,32,0,1,0,33,3.739081,14.365250,0.260287,,,1,"The radiation, the chemotherapy, everything, every every option for cancer treatment is available over here and it is largely used not only by the people of Gujarat but also by the nearby states.","The radiation, the chemotherapy, everything, every option for cancer treatment is available over here and it is largely used not only by the people of Gujarat but also by the nearby states.",the radiation the chemotherapy everything every every option for cancer treatment is available over here and it is largely used not only by the people of gujarat but also by the nearby states,the radiation the chemotherapy everything every option for cancer treatment is available over here and it is largely used not only by the people of gujarat but also by the nearby states
voicerefine_whisper_tiny_int8,svarah_test_0002,success,0,0.000000,13,0,0,0,13,0.662054,4.778375,0.138552,,,1,"We differ from other countries in terms of food, in terms of dress","We differ from other countries in terms of food, in terms of dress,",we differ from other countries in terms of food in terms of dress,we differ from other countries in terms of food in terms of dress
voicerefine_whisper_tiny_int8,svarah_test_0003,success,0,0.000000,16,0,0,0,16,1.343205,6.987188,0.192238,,,1,Can you list all the Paid vaccination centres for age group 18+ years in district Chatra,Can you list all the paid vaccination centers for age group 18+ years in district chatra?,can you list all the paid vaccination centers for age group 18 years in district chatra,can you list all the paid vaccination centers for age group 18 years in district chatra
voicerefine_whisper_tiny_int8,svarah_test_0004,success,0,0.000000,1,0,0,0,1,0.227195,1.100875,0.206377,,,1,39,39.,39,39
voicerefine_whisper_tiny_int8,svarah_test_0005,success,0,0.000000,8,0,0,0,8,0.441099,2.889187,0.152672,,,1,Clear all the reminders set up last Year,clear all the reminders set up last year.,clear all the reminders set up last year,clear all the reminders set up last year
voicerefine_whisper_tiny_int8,svarah_test_0006,success,0,0.142857,12,1,1,0,14,0.881216,5.507062,0.160016,,,1,A few tributaries form marshy land in early dry season due to natural seepage,A few tributaries form Marcilian in early dry season due to natural seepage.,a few tributaries form marshy land in early dry season due to natural seepage,a few tributaries form marcilian in early dry season due to natural seepage
voicerefine_whisper_tiny_int8,svarah_test_0007,success,0,0.000000,1,0,0,0,1,0.211032,0.500875,0.421326,,,1,Time,time.,time,time
voicerefine_whisper_tiny_int8,svarah_test_0008,success,0,0.444444,5,4,0,0,9,1.072714,5.400125,0.198646,,,1,"So, starting with Maghi Chakrati, on Maghi Chakrati which","So, starting with Maggie Saccrati on Maggie Saccrati which",so starting with maghi chakrati on maghi chakrati which,so starting with maggie saccrati on maggie saccrati which
voicerefine_whisper_tiny_int8,svarah_test_0009,success,0,0.125000,7,1,0,0,8,0.938216,2.535938,0.369968,,,1,change the color of the lights to blue,since the color of the lights to blue.,change the color of the lights to blue,since the color of the lights to blue
voicerefine_whisper_tiny_int8,svarah_test_0010,success,0,0.000000,1,0,0,0,1,0.230600,0.311688,0.739843,,,1,Three,3,3,3
voicerefine_whisper_tiny_int8,svarah_test_0011,success,0,0.000000,1,0,0,0,1,0.250137,0.516188,0.484586,,,1,Agree,agree.,agree,agree
voicerefine_whisper_tiny_int8,svarah_test_0012,success,0,0.200000,9,1,0,1,10,0.953748,4.298250,0.221892,,,1,How is the availability of healthcare professionals in your state?,How is the availability of health care professionals in your state?,how is the availability of healthcare professionals in your state,how is the availability of health care professionals in your state
voicerefine_whisper_tiny_int8,svarah_test_0013,success,0,0.230769,11,2,0,1,13,1.122437,4.952875,0.226623,,,1,I am trying to search for ESIC Centres with centre type Local Office,I am trying to search for a 6-centre with centre type local office.,i am trying to search for esic centers with center type local office,i am trying to search for a 6 center with center type local office
voicerefine_whisper_tiny_int8,svarah_test_0014,success,0,0.000000,1,0,0,0,1,0.219825,0.364250,0.603501,,,1,Help,help,help,help
voicerefine_whisper_tiny_int8,svarah_test_0015,success,0,0.212121,28,5,0,2,33,2.733997,13.936125,0.196181,,,1,"my other favorite herbs are tulsi, pudina, dodapathre and vandalaga, tulsi as we all know is a very good medicinal plant or herb that can be used in treating common cold and cough","My other favorite herbs are Tullisi, Pudina, Daudapatran, one De La Gah. Tullisi as we all know is a very good medicinal plant or herb that can be used in treating common cold and cough.",my other favorite herbs are tulsi pudina dodapathre and vandalaga tulsi as we all know is a very good medicinal plant or herb that can be used in treating common cold and cough,my other favorite herbs are tullisi pudina daudapatran one de la gah tullisi as we all know is a very good medicinal plant or herb that can be used in treating common cold and cough
voicerefine_whisper_tiny_int8,svarah_test_0016,success,0,0.000000,8,0,0,0,8,0.566643,5.112312,0.110839,,,1,"where I was trained physical, mental and spiritual",where I was trained physical mental and spiritual.,where i was trained physical mental and spiritual,where i was trained physical mental and spiritual
voicerefine_whisper_tiny_int8,svarah_test_0017,success,0,0.000000,1,0,0,0,1,0.311529,0.690312,0.451287,,,1,because,because,because,because
voicerefine_whisper_tiny_int8,svarah_test_0018,success,0,1.000000,0,1,0,0,1,0.328912,0.833313,0.394704,,,1,Manas,Manash.,manas,manash
voicerefine_whisper_tiny_int8,svarah_test_0019,success,0,0.142857,6,1,0,0,7,0.877494,3.345375,0.262301,,,1,"As for my opinion, there are not","As per my opinion, there are not.",as for my opinion there are not,as per my opinion there are not
voicerefine_whisper_tiny_int8,svarah_test_0020,success,0,0.086957,21,2,0,0,23,1.396764,11.101750,0.125815,,,1,"The biking is booming. The demand is increasing, just because they are way cheaper than the cars. And it is environment-friendly, too","The biking is booming, the demand is increasing, just because the are way cheaper than the cars and it is environmentally friendly too.",the biking is booming the demand is increasing just because they are way cheaper than the cars and it is environment friendly too,the biking is booming the demand is increasing just because the are way cheaper than the cars and it is environmentally friendly too
voicerefine_whisper_tiny_int8,svarah_test_0021,success,0,1.333333,2,1,0,3,3,0.470801,4.960000,0.094919,,,1,entire world interconnected.,the entire world inter connected not.,entire world interconnected,the entire world inter connected not
voicerefine_whisper_tiny_int8,svarah_test_0022,success,0,0.500000,6,1,1,2,8,0.846681,6.000000,0.141113,,,1,"it It is funded by state government, UCSH","It is funded by state government, you see, etcetera.",it it is funded by state government ucsh,it is funded by state government you see etcetera
voicerefine_whisper_tiny_int8,svarah_test_0023,success,0,0.888889,3,6,0,2,9,0.774195,3.240000,0.238949,,,1,I also like Levi Skrull's Alice in Wonderland.,I also like device controls and a send one to learn.,i also like levi skrull is alice in wonderland,i also like device controls and a send one to learn
voicerefine_whisper_tiny_int8,svarah_test_0024,success,0,0.000000,6,0,0,0,6,0.364484,2.129563,0.171155,,,1,Mute my reminders for a day!,mute my reminders for a day,mute my reminders for a day,mute my reminders for a day
voicerefine_whisper_tiny_int8,svarah_test_0025,success,0,0.100000,9,1,0,0,10,0.948698,6.360938,0.149144,,,1,Find all blood banks with A- blood in district Warangal,find all blood banks with A blood in district varangul.,find all blood banks with a blood in district warangal,find all blood banks with a blood in district varangul
voicerefine_whisper_tiny_int8,svarah_test_0026,success,0,0.142857,20,1,0,2,21,2.107099,10.678500,0.197322,,,1,For people of age group 18+ years is there any Free vaccination centre available in district Jaipur which provides First Dose,"For people of age group about 18 years, is there any free vaccination centre available in District J-Poor which provides first dose?",for people of age group 18 years is there any free vaccination center available in district jaipur which provides 1st dose,for people of age group about 18 years is there any free vaccination center available in district j poor which provides 1st dose
voicerefine_whisper_tiny_int8,svarah_test_0027,success,0,0.000000,7,0,0,0,7,0.844661,2.799625,0.301705,,,1,Start a new email to George Brown,Start a new email to George Brown.,start a new email to george brown,start a new email to george brown
voicerefine_whisper_tiny_int8,svarah_test_0028,success,0,1.000000,0,1,0,0,1,0.315371,0.591625,0.533059,,,1,farming,forming,farming,forming
voicerefine_whisper_tiny_int8,svarah_test_0029,success,0,1.000000,0,2,0,0,2,0.372330,1.113000,0.334528,,,1,Chandrashekhar Jha,"gender say,",chandrashekhar jha,gender say
voicerefine_whisper_tiny_int8,svarah_test_0030,success,0,0.000000,5,0,0,0,5,0.786982,3.160000,0.249045,,,1,I love doing nature photography.,I love doing nature photography,i love doing nature photography,i love doing nature photography
voicerefine_whisper_tiny_int8,svarah_test_0031,success,0,0.055556,17,1,0,0,18,1.483366,5.859250,0.253166,,,1,"That if someone speaks in English, then he is literate. We can justify that, we can judge that.",that if someone speak in English then he is literate. We can justify that we can judge that.,that if someone speaks in english then he is literate we can justify that we can judge that,that if someone speak in english then he is literate we can justify that we can judge that
voicerefine_whisper_tiny_int8,svarah_test_0032,success,0,0.000000,5,0,0,0,5,0.586731,3.720250,0.157713,,,1,Also music has a very,also music has a very,also music has a very,also music has a very
voicerefine_whisper_tiny_int8,svarah_test_0033,success,0,0.000000,1,0,0,0,1,0.232598,0.310000,0.750315,,,1,Three,3,3,3
voicerefine_whisper_tiny_int8,svarah_test_0034,success,0,2.000000,0,1,0,1,1,0.202834,0.430625,0.471024,,,1,Padma,Thank you,padma,thank you
voicerefine_whisper_tiny_int8,svarah_test_0035,success,0,0.250000,15,5,0,0,20,1.099202,6.638687,0.165575,,,1,The scenes of the movie of John Abraham riding the Suzuki Hayabusa It made me fall in love with biking,The scenes of the movie of Zona Braham writing the Suzuki I was made me fall in love with biking.,the scenes of the movie of john abraham riding the suzuki hayabusa it made me fall in love with biking,the scenes of the movie of zona braham writing the suzuki i was made me fall in love with biking
voicerefine_whisper_tiny_int8,svarah_test_0036,success,0,0.000000,10,0,0,0,10,0.496230,2.768438,0.179245,,,1,and hoping that one of them would turn out good,and hoping that one of them would turn out good.,and hoping that one of them would turn out good,and hoping that one of them would turn out good
voicerefine_whisper_tiny_int8,svarah_test_0037,success,0,0.176471,14,3,0,0,17,1.075094,8.461500,0.127057,,,1,The price mentioned for National Gardens Potted Tomato Seeds is not correct as compare to market prices.,The price mentioned for National Gardens Potted Tomatoes Eins is not correct as compared to market prices.,the price mentioned for national gardens potted tomato seeds is not correct as compare to market prices,the price mentioned for national gardens potted tomatoes eins is not correct as compared to market prices
voicerefine_whisper_tiny_int8,svarah_test_0038,success,0,0.100000,9,1,0,0,10,0.941954,6.520000,0.144471,,,1,And so difficult to say a favorite particular favorite quote,"And so, difficult to say a favorite particular favorite code.",and so difficult to say a favorite particular favorite quote,and so difficult to say a favorite particular favorite code
voicerefine_whisper_tiny_int8,svarah_test_0039,success,0,0.000000,12,0,0,0,12,1.949477,5.480000,0.355744,,,1,"the religion, or the community, or the race that they belong to,",the religion or the community or the race that they belong to.,the religion or the community or the race that they belong to,the religion or the community or the race that they belong to
voicerefine_whisper_tiny_int8,svarah_test_0040,success,0,0.090909,10,1,0,0,11,1.590426,3.530063,0.450538,,,1,Tennis courts have been built for youngsters to learn the sport.,tennis courts have been built for youngsters to learn this sport.,tennis courts have been built for youngsters to learn the sport,tennis courts have been built for youngsters to learn this sport
voicerefine_whisper_tiny_int8,svarah_test_0041,success,0,0.166667,11,1,0,1,12,1.600655,7.043000,0.227269,,,1,"yes it caters different need and different sectors for example, hospitality, agriculture","And yes, it catos different need and different sectors for example, hospitality, agriculture.",yes it caters different need and different sectors for example hospitality agriculture,and yes it catos different need and different sectors for example hospitality agriculture
voicerefine_whisper_tiny_int8,svarah_test_0042,success,0,0.085714,32,0,3,0,35,2.805102,15.625813,0.179517,,,1,"It celebrates the occasion on two days, that is 15th and 16th of August. The festivity is held on such a large scale that even people from neighboring town gather here to witness the spectacle","It celebrates the occasion on two days, 15th and 16th August. The festivity is held on such a large scale that even people from neighboring town gather here to witness the spectacle.",it celebrates the occasion on 2 days that is 15th and 16th of august the festivity is held on such a large scale that even people from neighboring town gather here to witness the spectacle,it celebrates the occasion on 2 days 15th and 16th august the festivity is held on such a large scale that even people from neighboring town gather here to witness the spectacle
voicerefine_whisper_tiny_int8,svarah_test_0043,success,0,0.000000,1,0,0,0,1,0.134775,0.514500,0.261953,,,1,On,on,on,on
voicerefine_whisper_tiny_int8,svarah_test_0044,success,0,0.117647,15,2,0,0,17,0.738141,5.823563,0.126751,,,1,The people in a traditional school focus on the subjects that are of the same for everyone,The pupils in a traditional school focus on the subjects data are of the same for everyone.,the people in a traditional school focus on the subjects that are of the same for everyone,the pupils in a traditional school focus on the subjects data are of the same for everyone
voicerefine_whisper_tiny_int8,svarah_test_0045,success,0,0.000000,12,0,0,0,12,0.912787,7.051437,0.129447,,,1,"Initially, I used to think that yoga is very hard to practice.",Initially I used to think that yoga is very hard to practice.,initially i used to think that yoga is very hard to practice,initially i used to think that yoga is very hard to practice
voicerefine_whisper_tiny_int8,svarah_test_0046,success,0,0.090909,10,1,0,0,11,0.501970,3.884125,0.129236,,,1,"For example, you might be able to decrease your shipping costs","For example, you might be able to decrease your shipping cost.",for example you might be able to decrease your shipping costs,for example you might be able to decrease your shipping cost
voicerefine_whisper_tiny_int8,svarah_test_0047,success,0,0.064516,30,1,0,1,31,1.836821,12.755250,0.144005,,,1,"Apart from these factors, the challenges like salary given to private school teachers is quite meager and they find it quite hard to make their ends meet in such less income.","Apart from these factors, the challenge is like salary given to private school teachers is quite meager and they find it quite hard to make their ends meet in such less income.",apart from these factors the challenges like salary given to private school teachers is quite meager and they find it quite hard to make their ends meet in such less income,apart from these factors the challenge is like salary given to private school teachers is quite meager and they find it quite hard to make their ends meet in such less income
voicerefine_whisper_tiny_int8,svarah_test_0048,success,0,0.272727,8,3,0,0,11,0.696805,4.151438,0.167847,,,1,Show a list of all available vaccination center in State Maharashtra,show a list of all available vaccinations and during state Maharashtra.,show a list of all available vaccination center in state maharashtra,show a list of all available vaccinations and during state maharashtra
voicerefine_whisper_tiny_int8,svarah_test_0049,success,0,0.000000,1,0,0,0,1,0.162801,0.622062,0.261711,,,1,Government,government,government,government
voicerefine_whisper_tiny_int8,svarah_test_0050,success,0,0.105263,17,1,1,0,19,1.613472,9.400875,0.171630,,,1,"So, the matter I took take to paint is nature maybe a same scenery or any animal or flowers","So, the matter I took take to paint is nature, maybe a sincery or any animal or flowers.",so the matter i took take to paint is nature maybe a same scenery or any animal or flowers,so the matter i took take to paint is nature maybe a sincery or any animal or flowers
voicerefine_whisper_tiny_int8,svarah_test_0051,success,0,0.000000,17,0,0,0,17,1.031792,7.465937,0.138200,,,1,"So yes, English plays a very important role in exchanging and communication that is very very important","So, yes, English plays a very important role in exchanging and communication that is very, very important.",so yes english plays a very important role in exchanging and communication that is very very important,so yes english plays a very important role in exchanging and communication that is very very important
voicerefine_whisper_tiny_int8,svarah_test_0052,success,0,0.000000,5,0,0,0,5,0.822472,1.867063,0.440517,,,1,more than any other kind,more than any other kind.,more than any other kind,more than any other kind
voicerefine_whisper_tiny_int8,svarah_test_0053,success,0,0.083333,11,0,1,0,12,1.063401,8.849438,0.120166,,,1,"the 10th day and up to Purnima, people visit to their relatives","the day and up to Purnima, people visit to their relatives.",the 10th day and up to purnima people visit to their relatives,the day and up to purnima people visit to their relatives
voicerefine_whisper_tiny_int8,svarah_test_0054,success,0,0.833333,1,5,0,0,6,0.462137,1.799375,0.256832,,,1,throng and climb the Baukungri peak,Trones and plant about concrete free.,throng and climb the baukungri peak,trones and plant about concrete free
voicerefine_whisper_tiny_int8,svarah_test_0055,success,0,1.000000,0,1,0,0,1,0.508491,0.560000,0.908019,,,1,Yeah.,here.,yeah,here
voicerefine_whisper_tiny_int8,svarah_test_0056,success,0,0.000000,1,0,0,0,1,0.510247,0.690750,0.738686,,,1,On,On,on,on
voicerefine_whisper_tiny_int8,svarah_test_0057,success,0,0.000000,1,0,0,0,1,0.569529,0.480000,1.186520,,,1,food,food,food,food
voicerefine_whisper_tiny_int8,svarah_test_0058,success,0,0.181818,10,1,0,1,11,0.726400,3.553187,0.204436,,,1,She is the recipient of several accolades including a Filmfare Award.,She is the recipient of several accolades including a film Fair Award.,she is the recipient of several accolades including a filmfare award,she is the recipient of several accolades including a film fair award
voicerefine_whisper_tiny_int8,svarah_test_0059,success,0,0.000000,17,0,0,0,17,1.237720,5.000000,0.247544,,,1,"So in order to bring all these back, in order to promote our cultural aspects, our cultural","So in order to bring all these back, in order to promote our cultural aspects our cultural.",so in order to bring all these back in order to promote our cultural aspects our cultural,so in order to bring all these back in order to promote our cultural aspects our cultural
voicerefine_whisper_tiny_int8,svarah_test_0060,success,0,0.034483,28,0,1,0,29,1.451486,12.481188,0.116294,,,1,"There, There is something which pulls me towards that book which makes me read again and again and again is the kind of connection I feel with her stories.",There is something which pulls me towards that book which makes me read again and again and again is the kind of connection I feel with her stories.,there there is something which pulls me towards that book which makes me read again and again and again is the kind of connection i feel with her stories,there is something which pulls me towards that book which makes me read again and again and again is the kind of connection i feel with her stories
voicerefine_whisper_tiny_int8,svarah_test_0061,success,0,0.000000,2,0,0,0,2,0.176511,1.105500,0.159666,,,1,volume level,Volume level,volume level,volume level
voicerefine_whisper_tiny_int8,svarah_test_0062,success,0,0.400000,6,4,0,0,10,0.450565,3.456000,0.130372,,,1,Pay Rs. 500 more to the last scanned QR code,pair piece 500 mode to the last canned QR code.,pay rs 500 more to the last scanned qr code,pair piece 500 mode to the last canned qr code
voicerefine_whisper_tiny_int8,svarah_test_0063,success,0,0.000000,1,0,0,0,1,0.116492,0.287000,0.405895,,,1,Down,down,down,down
voicerefine_whisper_tiny_int8,svarah_test_0064,success,0,0.000000,16,0,0,0,16,1.301368,10.309375,0.126231,,,1,William Shakespeare is believed to be responsible for the addition of thousands of words new words.,"William Shakespeare is believed to be responsible for the addition of thousands of words, new words.",william shakespeare is believed to be responsible for the addition of 1000s of words new words,william shakespeare is believed to be responsible for the addition of 1000s of words new words
voicerefine_whisper_tiny_int8,svarah_test_0065,success,0,0.047619,21,0,0,1,21,1.256647,7.659500,0.164064,,,1,"the people who practice those different religions, they have a high level of tolerance and respect for each other's religion","Well, the people who practice those different religions, they have a high level of tolerance and respect for each other's religion.",the people who practice those different religions they have a high level of tolerance and respect for each other is religion,well the people who practice those different religions they have a high level of tolerance and respect for each other is religion
voicerefine_whisper_tiny_int8,svarah_test_0066,success,0,0.888889,4,5,0,3,9,1.044084,5.145000,0.202932,,,1,"Lakshmi Vilas Palace, residence of Vadodara's royal family.","Lectum, we will ask Pales, the residents of Audodra's Royal Family.",lakshmi vilas palace residence of vadodara is royal family,lectum we will ask pales the residents of audodra is royal family
voicerefine_whisper_tiny_int8,svarah_test_0067,success,0,0.357143,11,3,0,2,14,0.739685,5.680500,0.130215,,,1,What are the items in Processed Food items with the offer of minimum 40 % ?,What are the items in the process for the items with the offer of minimum 40%.,what are the items in processed food items with the offer of minimum 40 ,what are the items in the process for the items with the offer of minimum 40%
voicerefine_whisper_tiny_int8,svarah_test_0068,success,0,0.000000,1,0,0,0,1,0.156540,0.332375,0.470974,,,1,Up,up,up,up
voicerefine_whisper_tiny_int8,svarah_test_0069,success,0,0.000000,9,0,0,0,9,0.530229,5.599687,0.094689,,,1,our festivals which are considered to be the symbols,our festivals which are considered to be the symbols.,our festivals which are considered to be the symbols,our festivals which are considered to be the symbols
voicerefine_whisper_tiny_int8,svarah_test_0070,success,0,0.000000,1,0,0,0,1,0.132965,0.864563,0.153794,,,1,Backward,backward,backward,backward
voicerefine_whisper_tiny_int8,svarah_test_0071,success,0,0.214286,11,1,2,0,14,0.595211,4.800000,0.124002,,,1,"That is why I like poetry, and it is my favorite genre in writing.",That is why I like poetry and it is my favorite journey.,that is why i like poetry and it is my favorite genre in writing,that is why i like poetry and it is my favorite journey
voicerefine_whisper_tiny_int8,svarah_test_0072,success,0,1.000000,0,1,0,0,1,0.152674,0.433437,0.352240,,,1,Agree,have,agree,have
voicerefine_whisper_tiny_int8,svarah_test_0073,success,0,0.181818,10,1,0,1,11,0.612971,4.160000,0.147349,,,1,The Fine Old English Gentleman is one of his finest poems.,The fine old English-reneral man is one of his finest poems.,the fine old english gentleman is one of his finest poems,the fine old english reneral man is one of his finest poems
voicerefine_whisper_tiny_int8,svarah_test_0074,success,0,3.000000,0,1,0,2,1,0.199028,0.794375,0.250546,,,1,Subarnapur,"So, burn up",subarnapur,so burn up
voicerefine_whisper_tiny_int8,svarah_test_0075,success,0,0.000000,5,0,0,0,5,0.398306,1.975000,0.201674,,,1,There is no restriction on,there is no restriction on,there is no restriction on,there is no restriction on
voicerefine_whisper_tiny_int8,svarah_test_0076,success,0,0.333333,2,1,0,0,3,0.513606,0.958937,0.535599,,,1,that is noodle.,that is nodal.,that is noodle,that is nodal
voicerefine_whisper_tiny_int8,svarah_test_0077,success,0,0.058824,16,1,0,0,17,0.732692,5.701750,0.128503,,,1,"Although a French citizen, she has been brought up and lived most of her life in India.","Although a friend citizen, she has been brought up and lived most of her life in India.",although a french citizen she has been brought up and lived most of her life in india,although a friend citizen she has been brought up and lived most of her life in india
voicerefine_whisper_tiny_int8,svarah_test_0078,success,0,0.000000,19,0,0,0,19,1.215282,7.880375,0.154216,,,1,or may it be any local vendor. They will always be ready to help people coming from outside Odisha.,"or may it be any local vendor, they will always be ready to help people coming from outside Odisha.",or may it be any local vendor they will always be ready to help people coming from outside odisha,or may it be any local vendor they will always be ready to help people coming from outside odisha
voicerefine_whisper_tiny_int8,svarah_test_0079,success,0,0.500000,1,1,0,0,2,0.274822,0.957125,0.287133,,,1,developing steps,developing state.,developing steps,developing state
voicerefine_whisper_tiny_int8,svarah_test_0080,success,0,0.111111,24,3,0,0,27,1.628186,13.535562,0.120289,,,1,"In India, most states, they focus more on studies and rather less on sports. That is the reason why we have low sports categories in our states","In India, more states they focus more on study and further less on sports. That is the reason why we have low sports categories in our states.",in india most states they focus more on studies and rather less on sports that is the reason why we have low sports categories in our states,in india more states they focus more on study and further less on sports that is the reason why we have low sports categories in our states
voicerefine_whisper_tiny_int8,svarah_test_0081,success,0,0.200000,4,1,0,0,5,0.301152,2.133938,0.141125,,,1,let me hear my list,"Let me, your my list.",let me hear my list,let me your my list
voicerefine_whisper_tiny_int8,svarah_test_0082,success,0,0.071429,13,1,0,0,14,0.843404,6.716500,0.125572,,,1,A reduction in this cost is evidence that you are building a recognized brand.,a reduction in this cost is evidence that you are building a recognized branch.,a reduction in this cost is evidence that you are building a recognized brand,a reduction in this cost is evidence that you are building a recognized branch
voicerefine_whisper_tiny_int8,svarah_test_0083,success,0,1.000000,0,1,0,0,1,0.342698,0.663000,0.516890,,,1,Kuwait,Great.,kuwait,great
voicerefine_whisper_tiny_int8,svarah_test_0084,success,0,0.000000,10,0,0,0,10,0.907990,3.327062,0.272910,,,1,Being even a few minutes late may disqualify your submission.,"being even a few minutes late, may disqualify your submission.",being even a few minutes late may disqualify your submission,being even a few minutes late may disqualify your submission
voicerefine_whisper_tiny_int8,svarah_test_0085,success,0,0.000000,1,0,0,0,1,0.282922,0.540937,0.523022,,,1,Forward,forward.,forward,forward
voicerefine_whisper_tiny_int8,svarah_test_0086,success,0,0.000000,5,0,0,0,5,0.398372,0.904937,0.440221,,,1,i want you to mute,I want you to mute,i want you to mute,i want you to mute
voicerefine_whisper_tiny_int8,svarah_test_0087,success,0,1.000000,0,1,0,0,1,0.199301,0.483000,0.412632,,,1,Three,tree,3,tree
voicerefine_whisper_tiny_int8,svarah_test_0088,success,0,1.375000,5,3,0,8,8,1.544671,7.283812,0.212069,,,1,Your MPIN is invalid for mobile number 77341091445,"Your ampean is invalid form mobile number 773-4, 1-0, 9-1, 4-4, 5.",your mpin is invalid for mobile number 77341091445,your ampean is invalid form mobile number 773 4 one 0 9 one 4 4 5
voicerefine_whisper_tiny_int8,svarah_test_0089,success,0,0.000000,3,0,0,0,3,0.332910,0.931562,0.357367,,,1,raise the volume,raise the volume.,raise the volume,raise the volume
voicerefine_whisper_tiny_int8,svarah_test_0090,success,0,0.050000,19,0,1,0,20,1.613082,11.045063,0.146045,,,1,So if they are not using glutes they will tire the their other muscles and that will lead to fatigue.,"So, if they are not using glutes, they will tire the other muscles and that will lead to fatigue.",so if they are not using glutes they will tire the their other muscles and that will lead to fatigue,so if they are not using glutes they will tire the other muscles and that will lead to fatigue
voicerefine_whisper_tiny_int8,svarah_test_0091,success,0,0.000000,6,0,0,0,6,0.660699,2.927625,0.225677,,,1,are being converted into residential sites,are being converted into residential sites.,are being converted into residential sites,are being converted into residential sites
voicerefine_whisper_tiny_int8,svarah_test_0092,success,0,0.000000,7,0,0,0,7,0.497080,2.117500,0.234749,,,1,"As I am not a professional singer,",as I am not a professional singer.,as i am not a professional singer,as i am not a professional singer
voicerefine_whisper_tiny_int8,svarah_test_0093,success,0,0.272727,9,2,0,1,11,0.831216,4.880000,0.170331,,,1,But somebody from Mumbai or Bangalore could very well learn Odissi,but somebody from Mumbai or Bangalore could very well know or see.,but somebody from mumbai or bangalore could very well learn odissi,but somebody from mumbai or bangalore could very well know or see
voicerefine_whisper_tiny_int8,svarah_test_0094,success,0,0.000000,8,0,0,0,8,0.769842,3.168625,0.242958,,,1,and use them in our bath powders or,and use them in our bath powders or um,and use them in our bath powders or,and use them in our bath powders or
voicerefine_whisper_tiny_int8,svarah_test_0095,success,0,0.555556,6,3,0,2,9,1.773952,7.183375,0.246952,,,1,"Well, I was not a student of English medium.",Will I ever say not a student of a simulation medium?,well i was not a student of english medium,will i ever say not a student of a simulation medium
voicerefine_whisper_tiny_int8,svarah_test_0096,success,0,0.000000,1,0,0,0,1,0.308545,0.850000,0.362995,,,1,agriculture,agriculture,agriculture,agriculture
voicerefine_whisper_tiny_int8,svarah_test_0097,success,0,0.285714,6,1,0,1,7,0.615959,3.803500,0.161945,,,1,its multiple subplots and the complicated plot,its multiple sub plots and the complicated plot.,its multiple subplots and the complicated plot,its multiple sub plots and the complicated plot
voicerefine_whisper_tiny_int8,svarah_test_0098,success,0,0.153846,11,2,0,0,13,1.074020,8.324312,0.129022,,,1,So after the celebration all the materials that is gathered or collected are,"So, after this integration all the materials that is gathered or collected are",so after the celebration all the materials that is gathered or collected are,so after this integration all the materials that is gathered or collected are
voicerefine_whisper_tiny_int8,svarah_test_0099,success,0,0.210526,17,2,0,2,19,1.180959,11.592813,0.101870,,,1,Can you help in searching for ESIC Centres located in area with pincode 198753 and centre type IMP Clinic,Can you help in searching for ESIC centers located in area with pin code 198 753 and center type IMP clinic?,can you help in searching for esic centers located in area with pincode 198753 and center type imp clinic,can you help in searching for esic centers located in area with pin code 198 753 and center type imp clinic
voicerefine_whisper_tiny_int8,svarah_test_0100,success,0,0.000000,15,0,0,0,15,0.915805,6.168500,0.148465,,,1,Social media and online education platforms plays a vital role in the field of education.,social media and online education platforms plays a vital role in the field of education.,social media and online education platforms plays a vital role in the field of education,social media and online education platforms plays a vital role in the field of education
voicerefine_whisper_tiny_int8,svarah_test_0101,success,0,1.000000,0,1,0,0,1,0.209586,0.546875,0.383243,,,1,Off,of,off,of
voicerefine_whisper_tiny_int8,svarah_test_0102,success,0,0.375000,6,2,0,1,8,0.705104,5.298687,0.133072,,,1,compare to other languages English has wider audience,compared to other languages English as a wider audience.,compare to other languages english has wider audience,compared to other languages english as a wider audience
voicerefine_whisper_tiny_int8,svarah_test_0103,success,0,0.125000,7,1,0,0,8,0.511734,3.324125,0.153946,,,1,Bangalore is known as a city of entrepreneurs.,Bangalore is known as the city of entrepreneurs.,bangalore is known as a city of entrepreneurs,bangalore is known as the city of entrepreneurs
voicerefine_whisper_tiny_int8,svarah_test_0104,success,0,0.105263,18,1,0,1,19,1.258340,8.204875,0.153365,,,1,Tell me how to link multiple bank accounts and transfer money between my own accounts in Maharashtra Gramin Bank,Tell me how to link multiple bank accounts and transfer money between my own accounts in Maharashtra Gram in Bank.,tell me how to link multiple bank accounts and transfer money between my own accounts in maharashtra gramin bank,tell me how to link multiple bank accounts and transfer money between my own accounts in maharashtra gram in bank
voicerefine_whisper_tiny_int8,svarah_test_0105,success,0,0.000000,1,0,0,0,1,0.465768,0.996687,0.467316,,,1,Previous,previous,previous,previous
voicerefine_whisper_tiny_int8,svarah_test_0106,success,0,0.100000,9,1,0,0,10,1.652633,3.796250,0.435333,,,1,Attacks targeting police have become common in the Nangarhar province,attacks targeting police have become common in the Nangarha province.,attacks targeting police have become common in the nangarhar province,attacks targeting police have become common in the nangarha province
voicerefine_whisper_tiny_int8,svarah_test_0107,success,0,0.444444,6,2,1,1,9,0.706780,4.240000,0.166693,,,1,"In North Bihar, there is a lot of flooding,",In North we are there is lot of flirting.,in north bihar there is a lot of flooding,in north we are there is lot of flirting
voicerefine_whisper_tiny_int8,svarah_test_0108,success,0,0.100000,9,0,1,0,10,0.647494,4.359000,0.148542,,,1,Capturing candid moment can make a great portrait I think.,"Capturing candid moment can make great portrait, I think.",capturing candid moment can make a great portrait i think,capturing candid moment can make great portrait i think
voicerefine_whisper_tiny_int8,svarah_test_0109,success,0,0.428571,4,2,1,0,7,0.844081,3.001875,0.281185,,,1,The art and craft of our state,that in craft of our state.,the art and craft of our state,that in craft of our state
voicerefine_whisper_tiny_int8,svarah_test_0110,success,0,0.000000,9,0,0,0,9,1.080435,3.060062,0.353076,,,1,Can I get my order delivered after 2 Hours,Can I get my order delivered after 2 hours?,can i get my order delivered after 2 hours,can i get my order delivered after 2 hours
voicerefine_whisper_tiny_int8,svarah_test_0111,success,0,0.500000,5,4,1,0,10,1.167227,4.539500,0.257127,,,1,Chhath Puja is a folk festival that lasts four days.,Third puja is folk festival that large for this.,chhath puja is a folk festival that lasts 4 days,3rd puja is folk festival that large for this
voicerefine_whisper_tiny_int8,svarah_test_0112,success,0,0.000000,1,0,0,0,1,0.334263,0.477500,0.700027,,,1,One,"one,",one,one
voicerefine_whisper_tiny_int8,svarah_test_0113,success,0,0.000000,1,0,0,0,1,0.388703,0.435125,0.893313,,,1,On,on.,on,on
voicerefine_whisper_tiny_int8,svarah_test_0114,success,0,0.240000,19,4,2,0,25,1.746567,12.950000,0.134870,,,1,"So the first day of Bohag Bihu is called Guru Bihu. In this Bihu, bulls or cows are bathed in the bank of a river.","So the first day of Bhuagbhu is called Guru Bhu. In this Bhu, bulls or cows are battered in the Bank of River.",so the 1st day of bohag bihu is called guru bihu in this bihu bulls or cows are bathed in the bank of a river,so the 1st day of bhuagbhu is called guru bhu in this bhu bulls or cows are battered in the bank of river
voicerefine_whisper_tiny_int8,svarah_test_0115,success,0,0.000000,11,0,0,0,11,0.382631,3.100000,0.123429,,,1,"Now taking the government schools into account, not much was done",Now taking the government schools into account not much was done.,now taking the government schools into account not much was done,now taking the government schools into account not much was done
voicerefine_whisper_tiny_int8,svarah_test_0116,success,0,0.300000,7,2,1,0,10,0.379700,3.160000,0.120158,,,1,We have a composter at our garden in our house,We have a composer actor garden in our house.,we have a composter at our garden in our house,we have a composer actor garden in our house
voicerefine_whisper_tiny_int8,svarah_test_0117,success,0,0.000000,11,0,0,0,11,0.417200,2.797750,0.149120,,,1,What remaining bills do I have to pay for this month ?,What remaining bills do I have to pay for this month?,what remaining bills do i have to pay for this month,what remaining bills do i have to pay for this month
voicerefine_whisper_tiny_int8,svarah_test_0118,success,0,0.200000,4,1,0,0,5,0.438198,3.558625,0.123137,,,1,Indian English speakers of English,Indian English because of English.,indian english speakers of english,indian english because of english
voicerefine_whisper_tiny_int8,svarah_test_0119,success,0,0.400000,8,2,0,2,10,0.638605,5.561687,0.114822,,,1,Chalazion surgery is a safe procedure and complications seldom occur.,Shell as Yon Sargeri is a safe procedure and complications seldom occur.,chalazion surgery is a safe procedure and complications seldom occur,shell as yon sargeri is a safe procedure and complications seldom occur
voicerefine_whisper_tiny_int8,svarah_test_0120,success,0,0.066667,14,1,0,0,15,0.726785,7.148937,0.101663,,,1,Can you add 120 gm The Laughing Cow Creamy Cheese Triangles to my shopping list?,Can you add 120 gram? The laughing cow creamy cheese triangles to my shopping list.,can you add 120 gm the laughing cow creamy cheese triangles to my shopping list,can you add 120 gram the laughing cow creamy cheese triangles to my shopping list
voicerefine_whisper_tiny_int8,svarah_test_0121,success,0,0.333333,2,1,0,0,3,0.304813,0.966000,0.315542,,,1,One is their,one is there.,one is their,one is there
voicerefine_whisper_tiny_int8,svarah_test_0122,success,0,0.021739,45,1,0,0,46,2.678056,26.609750,0.100642,,,1,"as the story developed, which is set in the time of the English Civil War in the 17th century, it became really very interesting and also described not only the culture and the social mores of the period, but also developed into a very good storyline.",as the story developed which is set in the time of the English civil war in the 17th century it became really very interesting and also described not only the culture and the social modes of the period but also developed into a very good storyline.,as the story developed which is set in the time of the english civil war in the 17th century it became really very interesting and also described not only the culture and the social mores of the period but also developed into a very good storyline,as the story developed which is set in the time of the english civil war in the 17th century it became really very interesting and also described not only the culture and the social modes of the period but also developed into a very good storyline
voicerefine_whisper_tiny_int8,svarah_test_0123,success,0,0.200000,9,1,0,1,10,0.495526,3.702750,0.133827,,,1,Can you send money to unsaved mobile numbers in Pay,Can you send money to un-saved mobile numbers in pay?,can you send money to unsaved mobile numbers in pay,can you send money to un saved mobile numbers in pay
voicerefine_whisper_tiny_int8,svarah_test_0124,success,0,0.125000,29,3,0,1,32,1.748013,16.597000,0.105321,,,1,"Kerala's cultural heritage is centuries old. The culture of Kerala is an amalgam of native art forms, language, literature, architectural style, music, festivals, cuisine, archaeological monuments, heritage centers and so on","It's chaos cultural heritage is centuries old. The culture of scale is an amalgam of native art forms language literature, architectural style, music festivals, QZ, archaeological monuments, heritage centres and so on.",kerala is cultural heritage is centuries old the culture of kerala is an amalgam of native art forms language literature architectural style music festivals cuisine archaeological monuments heritage centers and so on,it is chaos cultural heritage is centuries old the culture of scale is an amalgam of native art forms language literature architectural style music festivals qz archaeological monuments heritage centers and so on
voicerefine_whisper_tiny_int8,svarah_test_0125,success,0,1.000000,0,0,1,0,1,0.080135,0.135313,0.592222,,,1,Up,,up,
voicerefine_whisper_tiny_int8,svarah_test_0126,success,0,0.250000,11,1,0,2,12,0.744347,9.000000,0.082705,,,1,"So the climate here in Kanimpung, the winter are a bit cold,","So, the climate here in Kanim-Bon and the winter are a bit cold.",so the climate here in kanimpung the winter are a bit cold,so the climate here in kanim bon and the winter are a bit cold
voicerefine_whisper_tiny_int8,svarah_test_0127,success,0,0.000000,2,0,0,0,2,0.201675,1.720000,0.117253,,,1,in 1864,"in 1864,",in 1864,in 1864
voicerefine_whisper_tiny_int8,svarah_test_0128,success,0,0.153846,11,2,0,0,13,0.991407,7.852688,0.126251,,,1,"It is famous for many cultural traditions like Kirtan, Natak, Allah Rudal etc.","It is famous for many cultural traditions like Kirthan, Nautak, Allah Rudal, etc.",it is famous for many cultural traditions like kirtan natak allah rudal etc,it is famous for many cultural traditions like kirthan nautak allah rudal etc
voicerefine_whisper_tiny_int8,svarah_test_0129,success,0,0.000000,18,0,0,0,18,1.477589,9.410500,0.157015,,,1,"HIV directly infects a small number of T helper cells, and also impairs other immune system responses indirectly.",HIV directly infects a small number of T-helper cells and also impairs other immune system responses indirectly.,hiv directly infects a small number of t helper cells and also impairs other immune system responses indirectly,hiv directly infects a small number of t helper cells and also impairs other immune system responses indirectly
voicerefine_whisper_tiny_int8,svarah_test_0130,success,0,0.000000,6,0,0,0,6,0.522624,4.808438,0.108689,,,1,"London, Singapore, New York, Bangkok, Dubai.",London Singapore New York Bangkok Dubai,london singapore new york bangkok dubai,london singapore new york bangkok dubai
voicerefine_whisper_tiny_int8,svarah_test_0131,success,0,0.375000,5,3,0,0,8,0.660002,4.379187,0.150713,,,1,Add Fendo Two Fold Umbrella worth rupees R,Add Fendo to Fold Umbrella Vertro piece R,add fendo 2 fold umbrella worth rupees r,add fendo to fold umbrella vertro piece r
voicerefine_whisper_tiny_int8,svarah_test_0132,success,0,0.000000,4,0,0,0,4,0.318771,1.900062,0.167769,,,1,students girls students with,"students, girls students with.",students girls students with,students girls students with
voicerefine_whisper_tiny_int8,svarah_test_0133,success,0,0.000000,17,0,0,0,17,0.621478,5.520000,0.112587,,,1,What was the last book you read that really impacted you and how did it do so?,What was the last book you read that really impacted you and how did it do so?,what was the last book you read that really impacted you and how did it do so,what was the last book you read that really impacted you and how did it do so
voicerefine_whisper_tiny_int8,svarah_test_0134,success,0,0.086957,22,1,0,1,23,1.491504,8.542125,0.174606,,,1,"Chandigarh IT Park, also known as Rajiv Gandhi Chandigarh Technology Park, is the city's attempt to break into the information technology world.","Chandigarh I.T. Park, also known as Rajiv Gandhi, Chandigarh Technology Park, is the city's attempt to break into the information technology world.",chandigarh it park also known as rajiv gandhi chandigarh technology park is the city is attempt to break into the information technology world,chandigarh i t park also known as rajiv gandhi chandigarh technology park is the city is attempt to break into the information technology world
voicerefine_whisper_tiny_int8,svarah_test_0135,success,0,0.750000,2,2,0,1,4,0.539745,2.118250,0.254807,,,1,save my music preferences,I will make music preferences.,save my music preferences,i will make music preferences
voicerefine_whisper_tiny_int8,svarah_test_0136,success,0,1.000000,0,1,0,0,1,0.217575,0.443188,0.490933,,,1,Tree,3.,tree,3
voicerefine_whisper_tiny_int8,svarah_test_0137,success,0,0.200000,22,2,1,2,25,3.717274,20.658375,0.179940,,,1,discrimination is also a big issue in schools and colleges discrimination based on caste and religion is very much pronounced in Gujarat's education system,Discure minution is also big issue in schools and colleges. Discure minution based on caste and religion is very much pronounced in Gujarat's education system.,discrimination is also a big issue in schools and colleges discrimination based on caste and religion is very much pronounced in gujarat is education system,discure minution is also big issue in schools and colleges discure minution based on caste and religion is very much pronounced in gujarat is education system
voicerefine_whisper_tiny_int8,svarah_test_0138,success,0,0.000000,8,0,0,0,8,0.671118,6.399687,0.104867,,,1,culture values are also changing with their forms,"Culture, values are also changing with their forms.",culture values are also changing with their forms,culture values are also changing with their forms
voicerefine_whisper_tiny_int8,svarah_test_0139,success,0,0.153846,11,1,1,0,13,0.889624,6.540625,0.136015,,,1,"When people live together in a society, these are there this results automatically.","When people live together in a society, these are the results automatically.",when people live together in a society these are there this results automatically,when people live together in a society these are the results automatically
voicerefine_whisper_tiny_int8,svarah_test_0140,success,0,1.000000,0,0,6,0,6,0.895587,9.640000,0.092903,,,1,"Kamrup metro Nalbari, Nagaon, Sonitpur, Lakhimpur.",(speaking in foreign language),kamrup metro nalbari nagaon sonitpur lakhimpur,
voicerefine_whisper_tiny_int8,svarah_test_0141,success,0,1.000000,0,1,0,0,1,0.149575,0.503687,0.296960,,,1,Katak,Got,katak,got
voicerefine_whisper_tiny_int8,svarah_test_0142,success,0,0.333333,2,0,1,0,3,0.188434,1.012063,0.186188,,,1,The answer is,answer is,the answer is,answer is
voicerefine_whisper_tiny_int8,svarah_test_0143,success,0,0.000000,28,0,0,0,28,1.543019,9.999813,0.154305,,,1,"It cannot be denied that opportunities have increased. There were also suggestions of making some villages model villages, but those ended only in the stage of an idea","It cannot be denied that opportunities have increased. There were also suggestions of making some villages, model villages, but those ended only in the stage of an idea.",it cannot be denied that opportunities have increased there were also suggestions of making some villages model villages but those ended only in the stage of an idea,it cannot be denied that opportunities have increased there were also suggestions of making some villages model villages but those ended only in the stage of an idea
voicerefine_whisper_tiny_int8,svarah_test_0144,success,0,0.066667,14,1,0,0,15,1.108909,4.607062,0.240698,,,1,"At any time during this phase, the car dealer may offer to settle with you.",At any time during this phase the card dealer may offer to settle with you.,at any time during this phase the car dealer may offer to settle with you,at any time during this phase the card dealer may offer to settle with you
voicerefine_whisper_tiny_int8,svarah_test_0145,success,0,1.000000,1,0,0,1,1,0.186735,0.680125,0.274560,,,1,Yes,"Yes, yes.",yes,yes yes
voicerefine_whisper_tiny_int8,svarah_test_0146,success,0,0.000000,6,0,0,0,6,0.328468,2.485562,0.132150,,,1,and some of the main festivals,and some of the main festivals,and some of the main festivals,and some of the main festivals
voicerefine_whisper_tiny_int8,svarah_test_0147,success,0,0.235294,13,4,0,0,17,1.170516,6.481375,0.180597,,,1,Why did I get zero discount when the Slurrp Farm Oats Instant Powder mentioned 90 % on order,Why did they get zero discount? When the Slap Farm Arts Instant Powder mentioned 90% on order.,why did i get 0 discount when the slurrp farm oats instant powder mentioned 90 on order,why did they get 0 discount when the slap farm arts instant powder mentioned 90% on order
voicerefine_whisper_tiny_int8,svarah_test_0148,success,0,0.357143,11,3,0,2,14,1.246488,5.549688,0.224605,,,1,Can I change my delivery date from 11-9-2021 TO 23-4-2020 ?,Can I change my delivery date from 11 9 20 21 2 23 4 20 20,can i change my delivery date from 11 9 2021 to 23 4 2020,can i change my delivery date from 11 9 20 21 2 23 4 20 20
voicerefine_whisper_tiny_int8,svarah_test_0149,success,0,1.000000,0,1,0,0,1,0.507857,0.379250,1.339108,,,1,Yes,is.,yes,is
voicerefine_whisper_tiny_int8,svarah_test_0150,success,0,0.214286,23,5,0,1,28,2.312399,11.637250,0.198707,,,1,he Padanilam or the battlefield is a paddy field adjacent to the famous Ochera Parabrahma temple and the festivities are part of a ritual associated with the shrine,"In the Pardonnulum or the Battlefield is a paddy feel adjacent to the famous Ocere, Parebrama Temple and the festivities are part of a ritual associated with the shrine.",he padanilam or the battlefield is a paddy field adjacent to the famous ochera parabrahma temple and the festivities are part of a ritual associated with the shrine,in the pardonnulum or the battlefield is a paddy feel adjacent to the famous ocere parebrama temple and the festivities are part of a ritual associated with the shrine
voicerefine_whisper_tiny_int8,svarah_test_0151,success,0,0.000000,11,0,0,0,11,0.511260,4.499937,0.113615,,,1,"is the head of the government, heading the council of ministers.","is the head of the government, heading the Council of Ministers.",is the head of the government heading the council of ministers,is the head of the government heading the council of ministers
voicerefine_whisper_tiny_int8,svarah_test_0152,success,0,0.000000,1,0,0,0,1,0.148681,0.824375,0.180356,,,1,House,House,house,house
voicerefine_whisper_tiny_int8,svarah_test_0153,success,0,0.250000,6,2,0,0,8,0.659600,3.129125,0.210794,,,1,Some popular beaches in my state Odisha are,some popular bitches in my state Ories are.,some popular beaches in my state odisha are,some popular bitches in my state ories are
voicerefine_whisper_tiny_int8,svarah_test_0154,success,0,0.000000,18,0,0,0,18,1.056076,8.267375,0.127740,,,1,The child with special needs are now accommodated in regular schools where school has resource rooms for them,The child with special needs are now accommodated in regular schools where school has resource rooms for them.,the child with special needs are now accommodated in regular schools where school has resource rooms for them,the child with special needs are now accommodated in regular schools where school has resource rooms for them
voicerefine_whisper_tiny_int8,svarah_test_0155,success,0,0.000000,20,0,0,0,20,1.170291,8.100625,0.144469,,,1,"But yeah, it wouldn't harm to represent regional languages a bit more in a quest to keep them alive.","But yeah, it wouldn't harm to represent regional languages a bit more in a quest to keep them alive.",but yeah it would not harm to represent regional languages a bit more in a quest to keep them alive,but yeah it would not harm to represent regional languages a bit more in a quest to keep them alive
voicerefine_whisper_tiny_int8,svarah_test_0156,success,0,0.187500,27,5,0,1,32,2.915521,15.817250,0.184325,,,1,"Some local art forms or crafts that are unique to my district are Bagurumba dance, silk rearing, and weaving. Bagurumba is a dance form performed by women folk belonging to Boro community.","Some local art forms or crafts that are unique to my district are Baguerumba Dance, Silk Rearing and Waving. Baguerumba is a dance form. A form by women folk belonging to Baguerog community.",some local art forms or crafts that are unique to my district are bagurumba dance silk rearing and weaving bagurumba is a dance form performed by women folk belonging to boro community,some local art forms or crafts that are unique to my district are baguerumba dance silk rearing and waving baguerumba is a dance form a form by women folk belonging to baguerog community
voicerefine_whisper_tiny_int8,svarah_test_0157,success,0,0.000000,1,0,0,0,1,0.164642,0.541250,0.304188,,,1,Jump,Jump,jump,jump
voicerefine_whisper_tiny_int8,svarah_test_0158,success,0,0.083333,11,1,0,0,12,0.744069,5.600000,0.132869,,,1,"Language, though a means of communication, is naturally the expression or representation",language though a month of communication is naturally the expression or representation.,language though a means of communication is naturally the expression or representation,language though a month of communication is naturally the expression or representation
voicerefine_whisper_tiny_int8,svarah_test_0159,success,0,0.000000,1,0,0,0,1,0.106781,0.227875,0.468594,,,1,Three,3,3,3
voicerefine_whisper_tiny_int8,svarah_test_0160,success,0,0.480000,15,9,1,2,25,2.927472,14.968750,0.195572,,,1,"Education for girls is top priorities in our state after our Prime Minister Shri Narendra Modi ji has given the slogan, Beti Bachao, Beti Padhao.","Education for goals is properities in our state after our Prime Minister, Serena, and the Modi G has given the slogan, ""Bati, Batcha, O, Bati, Pao.""",education for girls is top priorities in our state after our prime minister shri narendra modi ji has given the slogan beti bachao beti padhao,education for goals is properities in our state after our prime minister serena and the modi g has given the slogan bati batcha 0 bati pao
voicerefine_whisper_tiny_int8,svarah_test_0161,success,0,0.035714,27,1,0,0,28,2.130474,14.830312,0.143657,,,1,"The present district of South 24 Parganas came into existence on March 1, 1986. It then comprised of two subdivisions, namely, Alipur and Diamond Harbour, and 30 blocks.","The present district of South 24 Parganas came into existence on March 1st 1986. It then comprised of two subdivisions, namely, Alipur and Diamond Harbour and 30 blocks.",the present district of south 24 parganas came into existence on march one 1986 it then comprised of 2 subdivisions namely alipur and diamond harbor and 30 blocks,the present district of south 24 parganas came into existence on march 1st 1986 it then comprised of 2 subdivisions namely alipur and diamond harbor and 30 blocks
voicerefine_whisper_tiny_int8,svarah_test_0162,success,0,0.260870,18,3,2,1,23,1.156775,6.160312,0.187779,,,1,"or what are the things that you should try in the state, they will also help maybe it may be a shop person","or what other thing that you should try in the state, they will also help me be it be a shop person.",or what are the things that you should try in the state they will also help maybe it may be a shop person,or what other thing that you should try in the state they will also help me be it be a shop person
voicerefine_whisper_tiny_int8,svarah_test_0163,success,0,1.000000,0,0,1,0,1,0.177048,0.521062,0.339782,,,1,Wow,,wow,
voicerefine_whisper_tiny_int8,svarah_test_0164,success,0,0.000000,5,0,0,0,5,0.718165,2.880000,0.249363,,,1,"like manganese, limestone, and pyrite,",like manganese limestone and pyrite,like manganese limestone and pyrite,like manganese limestone and pyrite
voicerefine_whisper_tiny_int8,svarah_test_0165,success,0,1.000000,0,1,0,0,1,0.165085,0.415125,0.397675,,,1,Tree,3.,tree,3
voicerefine_whisper_tiny_int8,svarah_test_0166,success,0,0.142857,13,1,0,1,14,0.782259,5.116375,0.152893,,,1,Open my transaction history for the last 24 hours and mute the contact Wahida,Open my transaction history for the last 24 hours and mute the contact 'wa hida'.,open my transaction history for the last 24 hours and mute the contact wahida,open my transaction history for the last 24 hours and mute the contact wa hida
voicerefine_whisper_tiny_int8,svarah_test_0167,success,0,0.000000,17,0,0,0,17,1.222348,10.590375,0.115421,,,1,"Sports teach a person sportsman spirit, hard work, alertness, acceptance, and discipline more than any other source.","Sports teach a person sportsman spirit, hard work, alertness, acceptance and discipline more than any other source.",sports teach a person sportsman spirit hard work alertness acceptance and discipline more than any other source,sports teach a person sportsman spirit hard work alertness acceptance and discipline more than any other source
voicerefine_whisper_tiny_int8,svarah_test_0168,success,0,0.153846,24,2,0,2,26,2.391477,15.202625,0.157307,,,1,Can you transfer Rs. 400 to my 6844663153262 in IndusInd Bank fortnightly via PayUmoney and give me an alert in case the balance goes below that?,Can you transfer Rs 400 to my 6844663153262 in Anderson Bank fortnightly via pay you money and give me an alert in case the balance goes below that.,can you transfer rs 400 to my 6844663153262 in indusind bank fortnightly via payumoney and give me an alert in case the balance goes below that,can you transfer rs 400 to my 6844663153262 in anderson bank fortnightly via pay you money and give me an alert in case the balance goes below that
voicerefine_whisper_tiny_int8,svarah_test_0169,success,0,0.400000,3,2,0,0,5,0.324330,2.420000,0.134020,,,1,by making transactions on Limeroad,by making transactions online role.,by making transactions on limeroad,by making transactions online role
voicerefine_whisper_tiny_int8,svarah_test_0170,success,0,0.000000,1,0,0,0,1,0.107413,0.210437,0.510425,,,1,Up,up,up,up
voicerefine_whisper_tiny_int8,svarah_test_0171,success,0,0.055556,18,0,0,1,18,1.124006,7.891312,0.142436,,,1,A cruise boat service has been started by the tourism department for visitors to the dam and reservoir.,A cruise boat service has been started by the tourism department for the visitors to the dam and reservoir.,a cruise boat service has been started by the tourism department for visitors to the dam and reservoir,a cruise boat service has been started by the tourism department for the visitors to the dam and reservoir
voicerefine_whisper_tiny_int8,svarah_test_0172,success,0,0.000000,1,0,0,0,1,0.226404,0.443375,0.510637,,,1,Learn,Learn,learn,learn
voicerefine_whisper_tiny_int8,svarah_test_0173,success,0,0.105263,17,2,0,0,19,0.884971,6.903562,0.128190,,,1,Najib's dream was to work in the Persian Gulf states and earn enough money to send back home,Nijib's dream was to work in the Persian Gulf States and earn enough money to send back hope.,najib is dream was to work in the persian gulf states and earn enough money to send back home,nijib is dream was to work in the persian gulf states and earn enough money to send back hope
voicerefine_whisper_tiny_int8,svarah_test_0174,success,0,1.000000,1,2,0,1,3,0.336159,1.404125,0.239408,,,1,"Yeah, mostly through","Yeah, move it to.",yeah mostly through,yeah move it to
voicerefine_whisper_tiny_int8,svarah_test_0175,success,0,2.000000,0,1,0,1,1,0.287770,0.424250,0.678303,,,1,Nila,need up,nila,need up
voicerefine_whisper_tiny_int8,svarah_test_0176,success,0,0.272727,9,1,1,1,11,0.589092,4.939312,0.119266,,,1,brainwashing a child towards a particular religion is a strict no,brain washing a child towards a particular religion is a strict,brainwashing a child towards a particular religion is a strict no,brain washing a child towards a particular religion is a strict
voicerefine_whisper_tiny_int8,svarah_test_0177,success,0,0.545455,7,4,0,2,11,0.893475,5.678750,0.157337,,,1,Is there any Kids vaccination centre in the PIN Code 967045,Is there any kids vaccinations and TUR in the pen code 967 045?,is there any kids vaccination center in the pin code 967045,is there any kids vaccinations and tur in the pen code 967 45
voicerefine_whisper_tiny_int8,svarah_test_0178,success,0,0.400000,12,7,1,0,20,1.181968,7.094688,0.166599,,,1,"Davis was back in prison and admitted a role in a different armed robbery, at a Bank of Cyprus branch.","The visual begin prison and admitted a ruling in a different armed robbery, a type bank of Cyprus burns.",davis was back in prison and admitted a role in a different armed robbery at a bank of cyprus branch,the visual begin prison and admitted a ruling in a different armed robbery a type bank of cyprus burns
voicerefine_whisper_tiny_int8,svarah_test_0179,success,0,0.076923,12,1,0,0,13,0.873971,4.597000,0.190118,,,1,we have seen the assimilation of the culture in English language in India.,We have seen the simulation of the culture in English language in India.,we have seen the assimilation of the culture in english language in india,we have seen the simulation of the culture in english language in india
voicerefine_whisper_tiny_int8,svarah_test_0180,success,0,1.000000,1,0,0,1,1,0.239437,0.505938,0.473255,,,1,Go,Go. Go,go,go go
voicerefine_whisper_tiny_int8,svarah_test_0181,success,0,0.266667,12,3,0,1,15,0.704816,6.125375,0.115065,,,1,Why did I get zero discount when the Garden Raita Boondi mentioned 40 % on order,Why did I get zero discount when the garden write up only mentioned 40% on order?,why did i get 0 discount when the garden raita boondi mentioned 40 on order,why did i get 0 discount when the garden write up only mentioned 40% on order
voicerefine_whisper_tiny_int8,svarah_test_0182,success,0,0.500000,5,3,0,1,8,0.506292,3.024000,0.167425,,,1,"Despite a defeat of Ladakh by the Mughals,",despite the defeat of Ladak by the Mo girls.,despite a defeat of ladakh by the mughals,despite the defeat of ladak by the mo girls
voicerefine_whisper_tiny_int8,svarah_test_0183,success,0,0.285714,5,2,0,0,7,0.360990,2.471812,0.146043,,,1,Can you tell us about their work?,Can you tell us about the world?,can you tell us about their work,can you tell us about the world
voicerefine_whisper_tiny_int8,svarah_test_0184,success,0,0.000000,14,0,0,0,14,0.708724,6.639375,0.106746,,,1,"During which several architecture, literature and monuments have been built by the British Empire.","During which several architecture, literature and monuments have been built by the British Empire.",during which several architecture literature and monuments have been built by the british empire,during which several architecture literature and monuments have been built by the british empire
voicerefine_whisper_tiny_int8,svarah_test_0185,success,0,2.000000,0,2,0,2,2,0.369080,2.484062,0.148579,,,1,Sunitpur Dhubri,1 equal to 3.,sunitpur dhubri,one equal to 3
voicerefine_whisper_tiny_int8,svarah_test_0186,success,0,0.000000,13,0,0,0,13,0.779806,8.510875,0.091625,,,1,that to have a round shaped roti was an impossible task for me.,that to have a round shaped roti was an impossible task for me.,that to have a round shaped roti was an impossible task for me,that to have a round shaped roti was an impossible task for me
voicerefine_whisper_tiny_int8,svarah_test_0187,success,0,0.272727,8,3,0,0,11,0.833945,9.872125,0.084475,,,1,"working and what impact it had on people. And so, yeah.",working and working back it had all people and so yeah.,working and what impact it had on people and so yeah,working and working back it had all people and so yeah
voicerefine_whisper_tiny_int8,svarah_test_0188,success,0,0.272727,17,4,1,1,22,0.920460,9.000000,0.102273,,,1,"In the 21st century, the entire world has become narrow, accessible, shareable and familiar for all the people living on this earth.","In the typical country, the entire world has become narrow, accessible, terrible and time here for all the people living on this",in the 21st century the entire world has become narrow accessible shareable and familiar for all the people living on this earth,in the typical country the entire world has become narrow accessible terrible and time here for all the people living on this
voicerefine_whisper_tiny_int8,svarah_test_0189,success,0,0.250000,6,2,0,0,8,0.371058,3.239813,0.114531,,,1,"lockdown period, last three years, so to say",lockdown period last three years or two say.,lockdown period last 3 years so to say,lockdown period last 3 years or 2 say
voicerefine_whisper_tiny_int8,svarah_test_0190,success,0,1.000000,0,0,1,0,1,0.377233,0.511188,0.737954,,,1,Right,,right,
voicerefine_whisper_tiny_int8,svarah_test_0191,success,0,0.000000,3,0,0,0,3,0.304602,1.725250,0.176555,,,1,Add Rs 500,add Rs 500,add rs 500,add rs 500
voicerefine_whisper_tiny_int8,svarah_test_0192,success,0,0.000000,14,0,0,0,14,0.618757,4.112563,0.150455,,,1,"If so, what is it and why do you keep coming back to it?","If so, what is it and why do you keep coming back to it?",if so what is it and why do you keep coming back to it,if so what is it and why do you keep coming back to it
voicerefine_whisper_tiny_int8,svarah_test_0193,success,0,0.111111,9,0,0,1,9,0.601270,3.449750,0.174294,,,1,"So, there are so many bodies who are working","So, there are so, so many bodies who are working.",so there are so many bodies who are working,so there are so so many bodies who are working
voicerefine_whisper_tiny_int8,svarah_test_0194,success,0,1.000000,0,1,0,0,1,0.196574,0.335375,0.586133,,,1,Dog,D,dog,d
voicerefine_whisper_tiny_int8,svarah_test_0195,success,0,0.000000,1,0,0,0,1,0.184213,0.359438,0.512504,,,1,Three,3.,3,3
voicerefine_whisper_tiny_int8,svarah_test_0196,success,0,0.055556,17,1,0,0,18,1.711003,18.760000,0.091205,,,1,"Previously, it used to be the richer people's language or only few people can talk in English.","Previously, it used to be the richer people's language or only few people can talk and English.",previously it used to be the richer people is language or only few people can talk in english,previously it used to be the richer people is language or only few people can talk and english
voicerefine_whisper_tiny_int8,svarah_test_0197,success,0,0.166667,10,2,0,0,12,1.100518,11.802875,0.093242,,,1,"Like that, I already mentioned the title of this book, Jeewan Kadegaful.","Like that, I already mentioned the title of this book, ""Geon Karigafool""",like that i already mentioned the title of this book jeewan kadegaful,like that i already mentioned the title of this book geon karigafool
voicerefine_whisper_tiny_int8,svarah_test_0198,success,0,0.000000,12,0,0,0,12,0.729661,5.925625,0.123136,,,1,There are primary health centers in every village which provide free medical,There are primary health centers in every village which provide free medical,there are primary health centers in every village which provide free medical,there are primary health centers in every village which provide free medical
voicerefine_whisper_tiny_int8,svarah_test_0199,success,0,0.000000,1,0,0,0,1,0.150987,0.245125,0.615960,,,1,Down,down,down,down
voicerefine_parakeet_q4,svarah_test_0000,success,0,0.033333,29,1,0,0,30,6.068362,14.646375,0.414325,,,1,English breaks the communication barriers between people of diverse cultural backgrounds and it creates a new community where people come together and share their cultures and ideas with broader audience.,English breaks the communication barriers between people of diverse cultural background and it creates a new community where people come together and share their cultures and ideas with broader audience.,english breaks the communication barriers between people of diverse cultural backgrounds and it creates a new community where people come together and share their cultures and ideas with broader audience,english breaks the communication barriers between people of diverse cultural background and it creates a new community where people come together and share their cultures and ideas with broader audience
voicerefine_parakeet_q4,svarah_test_0001,success,0,0.030303,33,0,0,1,33,7.722988,14.365250,0.537616,,,1,"The radiation, the chemotherapy, everything, every every option for cancer treatment is available over here and it is largely used not only by the people of Gujarat but also by the nearby states.","The radiation, the chemotherapy, everything, every every option for cancer treatment is available over here and is it is largely used not only by the uh people of Gujarat but also by the nearby states.",the radiation the chemotherapy everything every every option for cancer treatment is available over here and it is largely used not only by the people of gujarat but also by the nearby states,the radiation the chemotherapy everything every every option for cancer treatment is available over here and is it is largely used not only by the people of gujarat but also by the nearby states
voicerefine_parakeet_q4,svarah_test_0002,success,0,0.000000,13,0,0,0,13,2.610866,4.778375,0.546392,,,1,"We differ from other countries in terms of food, in terms of dress","We differ from other countries in terms of food, in terms of dress.",we differ from other countries in terms of food in terms of dress,we differ from other countries in terms of food in terms of dress
voicerefine_parakeet_q4,svarah_test_0003,success,0,0.062500,16,0,0,1,16,3.011077,6.987188,0.430943,,,1,Can you list all the Paid vaccination centres for age group 18+ years in district Chatra,Can you list all the paid vaccination centers for age group eighteen plus years in District Chatra?,can you list all the paid vaccination centers for age group 18 years in district chatra,can you list all the paid vaccination centers for age group 18 plus years in district chatra
voicerefine_parakeet_q4,svarah_test_0004,success,0,0.000000,1,0,0,0,1,0.424814,1.100875,0.385887,,,1,39,thirty nine.,39,39
voicerefine_parakeet_q4,svarah_test_0005,success,0,0.000000,8,0,0,0,8,1.536179,2.889187,0.531699,,,1,Clear all the reminders set up last Year,Clear all the reminders set up last year.,clear all the reminders set up last year,clear all the reminders set up last year
voicerefine_parakeet_q4,svarah_test_0006,success,0,0.000000,14,0,0,0,14,3.060515,5.507062,0.555744,,,1,A few tributaries form marshy land in early dry season due to natural seepage,A few tributaries form marshy land in early dry season due to natural seepage.,a few tributaries form marshy land in early dry season due to natural seepage,a few tributaries form marshy land in early dry season due to natural seepage
voicerefine_parakeet_q4,svarah_test_0007,success,0,1.000000,0,1,0,0,1,0.277743,0.500875,0.554515,,,1,Time,High.,time,high
voicerefine_parakeet_q4,svarah_test_0008,success,0,0.666667,5,4,0,2,9,2.858317,5.400125,0.529306,,,1,"So, starting with Maghi Chakrati, on Maghi Chakrati which","Okay, so s starting with Magy Shakarati. On Magy Shakarati uh which",so starting with maghi chakrati on maghi chakrati which,okay so s starting with magy shakarati on magy shakarati which
voicerefine_parakeet_q4,svarah_test_0009,success,0,0.125000,7,1,0,0,8,1.980023,2.535938,0.780785,,,1,change the color of the lights to blue,Hence the color of the lights to blue.,change the color of the lights to blue,hence the color of the lights to blue
voicerefine_parakeet_q4,svarah_test_0010,success,0,0.000000,1,0,0,0,1,0.308394,0.311688,0.989435,,,1,Three,Three.,3,3
voicerefine_parakeet_q4,svarah_test_0011,success,0,0.000000,1,0,0,0,1,0.683336,0.516188,1.323814,,,1,Agree,Agree.,agree,agree
voicerefine_parakeet_q4,svarah_test_0012,success,0,0.000000,10,0,0,0,10,2.630723,4.298250,0.612045,,,1,How is the availability of healthcare professionals in your state?,How is the availability of healthcare professionals in your state?,how is the availability of healthcare professionals in your state,how is the availability of healthcare professionals in your state
voicerefine_parakeet_q4,svarah_test_0013,success,0,0.076923,12,1,0,0,13,2.543421,4.952875,0.513524,,,1,I am trying to search for ESIC Centres with centre type Local Office,I'm trying to search for exic centres with centre type local office.,i am trying to search for esic centers with center type local office,i am trying to search for exic centers with center type local office
voicerefine_parakeet_q4,svarah_test_0014,success,0,0.000000,1,0,0,0,1,0.233073,0.364250,0.639872,,,1,Help,Help.,help,help
voicerefine_parakeet_q4,svarah_test_0015,success,0,0.090909,30,3,0,0,33,6.453213,13.936125,0.463056,,,1,"my other favorite herbs are tulsi, pudina, dodapathre and vandalaga, tulsi as we all know is a very good medicinal plant or herb that can be used in treating common cold and cough","My other favourite herbs are Tulisi, Pudina, Dodapatre and Vandalaga. Tulesi, as we all know, is a very good medicinal plant or herb that can be used in treating common cold and cough.",my other favorite herbs are tulsi pudina dodapathre and vandalaga tulsi as we all know is a very good medicinal plant or herb that can be used in treating common cold and cough,my other favorite herbs are tulisi pudina dodapatre and vandalaga tulesi as we all know is a very good medicinal plant or herb that can be used in treating common cold and cough
voicerefine_parakeet_q4,svarah_test_0016,success,0,0.000000,8,0,0,0,8,2.010212,5.112312,0.393210,,,1,"where I was trained physical, mental and spiritual","uh where uh I was trained uh physical, mental and spiritual.",where i was trained physical mental and spiritual,where i was trained physical mental and spiritual
voicerefine_parakeet_q4,svarah_test_0017,success,0,0.000000,1,0,0,0,1,0.293084,0.690312,0.424567,,,1,because,Because,because,because
voicerefine_parakeet_q4,svarah_test_0018,success,0,1.000000,0,1,0,0,1,0.376205,0.833313,0.451457,,,1,Manas,Manash.,manas,manash
voicerefine_parakeet_q4,svarah_test_0019,success,0,0.142857,6,1,0,0,7,1.418356,3.345375,0.423975,,,1,"As for my opinion, there are not","As per my opinion, there are not",as for my opinion there are not,as per my opinion there are not
voicerefine_parakeet_q4,svarah_test_0020,success,0,0.000000,23,0,0,0,23,4.336689,11.101750,0.390631,,,1,"The biking is booming. The demand is increasing, just because they are way cheaper than the cars. And it is environment-friendly, too","The biking is booming, the demand is increasing just because they are way cheaper than the cars and it is environment friendly too.",the biking is booming the demand is increasing just because they are way cheaper than the cars and it is environment friendly too,the biking is booming the demand is increasing just because they are way cheaper than the cars and it is environment friendly too
voicerefine_parakeet_q4,svarah_test_0021,success,0,0.000000,3,0,0,0,3,1.712926,4.960000,0.345348,,,1,entire world interconnected.,entire world interconnected.,entire world interconnected,entire world interconnected
voicerefine_parakeet_q4,svarah_test_0022,success,0,0.250000,7,1,0,1,8,2.312195,6.000000,0.385366,,,1,"it It is funded by state government, UCSH","It it is funded by state government, EGC, etc.",it it is funded by state government ucsh,it it is funded by state government egc etc
voicerefine_parakeet_q4,svarah_test_0023,success,0,0.444444,8,1,0,3,9,1.390145,3.240000,0.429057,,,1,I also like Levi Skrull's Alice in Wonderland.,I also like Levi's Karal's Alice in Wonderland. It's,i also like levi skrull is alice in wonderland,i also like levi is karal is alice in wonderland it is
voicerefine_parakeet_q4,svarah_test_0024,success,0,0.166667,6,0,0,1,6,0.936510,2.129563,0.439766,,,1,Mute my reminders for a day!,Mute my reminders for a day and,mute my reminders for a day,mute my reminders for a day and
voicerefine_parakeet_q4,svarah_test_0025,success,0,0.000000,10,0,0,0,10,2.489951,6.360938,0.391444,,,1,Find all blood banks with A- blood in district Warangal,Find all blood banks with A blood in District Warangal.,find all blood banks with a blood in district warangal,find all blood banks with a blood in district warangal
voicerefine_parakeet_q4,svarah_test_0026,success,0,0.047619,21,0,0,1,21,4.138360,10.678500,0.387541,,,1,For people of age group 18+ years is there any Free vaccination centre available in district Jaipur which provides First Dose,"For people of age group above 18 years, is there any free vaccination center available in District Jaipur which provides first dose?",for people of age group 18 years is there any free vaccination center available in district jaipur which provides 1st dose,for people of age group above 18 years is there any free vaccination center available in district jaipur which provides 1st dose
voicerefine_parakeet_q4,svarah_test_0027,success,0,0.000000,7,0,0,0,7,0.935394,2.799625,0.334114,,,1,Start a new email to George Brown,Start a new email to George Brown.,start a new email to george brown,start a new email to george brown
voicerefine_parakeet_q4,svarah_test_0028,success,0,0.000000,1,0,0,0,1,0.374691,0.591625,0.633325,,,1,farming,Farming.,farming,farming
voicerefine_parakeet_q4,svarah_test_0029,success,0,1.000000,0,2,0,0,2,0.598984,1.113000,0.538171,,,1,Chandrashekhar Jha,Gender Seekarja.,chandrashekhar jha,gender seekarja
voicerefine_parakeet_q4,svarah_test_0030,success,0,0.000000,5,0,0,0,5,1.389092,3.160000,0.439586,,,1,I love doing nature photography.,I love doing nature photography.,i love doing nature photography,i love doing nature photography
voicerefine_parakeet_q4,svarah_test_0031,success,0,0.000000,18,0,0,0,18,3.008675,5.859250,0.513492,,,1,"That if someone speaks in English, then he is literate. We can justify that, we can judge that.","that if someone speaks in English then he is literate. We can justify that, we can judge that.",that if someone speaks in english then he is literate we can justify that we can judge that,that if someone speaks in english then he is literate we can justify that we can judge that
voicerefine_parakeet_q4,svarah_test_0032,success,0,0.000000,5,0,0,0,5,1.325273,3.720250,0.356232,,,1,Also music has a very,"Also, music uh has a uh very uh",also music has a very,also music has a very
voicerefine_parakeet_q4,svarah_test_0033,success,0,0.000000,1,0,0,0,1,0.265164,0.310000,0.855368,,,1,Three,Three.,3,3
voicerefine_parakeet_q4,svarah_test_0034,success,0,3.000000,0,1,0,2,1,0.357099,0.430625,0.829257,,,1,Padma,Pas de noix.,padma,pas de noix
voicerefine_parakeet_q4,svarah_test_0035,success,0,0.050000,19,1,0,0,20,3.416252,6.638687,0.514597,,,1,The scenes of the movie of John Abraham riding the Suzuki Hayabusa It made me fall in love with biking,"The scenes of the movie of John Ibrahim riding the Suzuki Hayabusa, it made me fall in love with biking.",the scenes of the movie of john abraham riding the suzuki hayabusa it made me fall in love with biking,the scenes of the movie of john ibrahim riding the suzuki hayabusa it made me fall in love with biking
voicerefine_parakeet_q4,svarah_test_0036,success,0,0.000000,10,0,0,0,10,1.280367,2.768438,0.462487,,,1,and hoping that one of them would turn out good,and hoping that one of them would turn out good.,and hoping that one of them would turn out good,and hoping that one of them would turn out good
voicerefine_parakeet_q4,svarah_test_0037,success,0,0.176471,14,3,0,0,17,3.412272,8.461500,0.403270,,,1,The price mentioned for National Gardens Potted Tomato Seeds is not correct as compare to market prices.,The price mentioned for national garden spotted tomato seeds is not correct as compared to market prices.,the price mentioned for national gardens potted tomato seeds is not correct as compare to market prices,the price mentioned for national garden spotted tomato seeds is not correct as compared to market prices
voicerefine_parakeet_q4,svarah_test_0038,success,0,0.000000,10,0,0,0,10,3.309540,6.520000,0.507598,,,1,And so difficult to say a favorite particular favorite quote,and uh so difficult to say um a favorite particular favorite quote,and so difficult to say a favorite particular favorite quote,and so difficult to say a favorite particular favorite quote
voicerefine_parakeet_q4,svarah_test_0039,success,0,0.000000,12,0,0,0,12,2.961951,5.480000,0.540502,,,1,"the religion, or the community, or the race that they belong to,","the religion, um, or the community or the race that they belong to.",the religion or the community or the race that they belong to,the religion or the community or the race that they belong to
voicerefine_parakeet_q4,svarah_test_0040,success,0,0.000000,11,0,0,0,11,2.246788,3.530063,0.636473,,,1,Tennis courts have been built for youngsters to learn the sport.,Tennis courts have been built for youngsters to learn the sport.,tennis courts have been built for youngsters to learn the sport,tennis courts have been built for youngsters to learn the sport
voicerefine_parakeet_q4,svarah_test_0041,success,0,0.083333,12,0,0,1,12,3.446460,7.043000,0.489345,,,1,"yes it caters different need and different sectors for example, hospitality, agriculture","And yes, it caters different need and different sectors, for example, hospitality, agriculture.",yes it caters different need and different sectors for example hospitality agriculture,and yes it caters different need and different sectors for example hospitality agriculture
voicerefine_parakeet_q4,svarah_test_0042,success,0,0.000000,35,0,0,0,35,6.343810,15.625813,0.405983,,,1,"It celebrates the occasion on two days, that is 15th and 16th of August. The festivity is held on such a large scale that even people from neighboring town gather here to witness the spectacle","It celebrates the occasion on two days, that is fifteenth and sixteenth of August. The festivity is held on such a large scale that even people from neighbouring town gather here to witness the spectacle.",it celebrates the occasion on 2 days that is 15th and 16th of august the festivity is held on such a large scale that even people from neighboring town gather here to witness the spectacle,it celebrates the occasion on 2 days that is 15th and 16th of august the festivity is held on such a large scale that even people from neighboring town gather here to witness the spectacle
voicerefine_parakeet_q4,svarah_test_0043,success,0,0.000000,1,0,0,0,1,0.201005,0.514500,0.390680,,,1,On,On,on,on
voicerefine_parakeet_q4,svarah_test_0044,success,0,0.058824,16,1,0,0,17,2.500770,5.823563,0.429423,,,1,The people in a traditional school focus on the subjects that are of the same for everyone,the pupils in a traditional school focus on the subjects that are of the same for everyone,the people in a traditional school focus on the subjects that are of the same for everyone,the pupils in a traditional school focus on the subjects that are of the same for everyone
voicerefine_parakeet_q4,svarah_test_0045,success,0,0.000000,12,0,0,0,12,2.781554,7.051437,0.394466,,,1,"Initially, I used to think that yoga is very hard to practice.",Initially I used to think that yoga is very hard to practice.,initially i used to think that yoga is very hard to practice,initially i used to think that yoga is very hard to practice
voicerefine_parakeet_q4,svarah_test_0046,success,0,0.000000,11,0,0,0,11,2.675842,3.884125,0.688918,,,1,"For example, you might be able to decrease your shipping costs","For example, you might be able to decrease your shipping costs",for example you might be able to decrease your shipping costs,for example you might be able to decrease your shipping costs
voicerefine_parakeet_q4,svarah_test_0047,success,0,0.000000,31,0,0,0,31,6.592401,12.755250,0.516838,,,1,"Apart from these factors, the challenges like salary given to private school teachers is quite meager and they find it quite hard to make their ends meet in such less income.","Apart from these factors, the challenges like salary given to uh private school teachers is quite meager and they find it quite hard to make uh their ends meet in such less income.",apart from these factors the challenges like salary given to private school teachers is quite meager and they find it quite hard to make their ends meet in such less income,apart from these factors the challenges like salary given to private school teachers is quite meager and they find it quite hard to make their ends meet in such less income
voicerefine_parakeet_q4,svarah_test_0048,success,0,0.000000,11,0,0,0,11,2.118877,4.151438,0.510396,,,1,Show a list of all available vaccination center in State Maharashtra,Show a list of all available vaccination center in state Maharashtra.,show a list of all available vaccination center in state maharashtra,show a list of all available vaccination center in state maharashtra
voicerefine_parakeet_q4,svarah_test_0049,success,0,0.000000,1,0,0,0,1,0.377707,0.622062,0.607185,,,1,Government,Government,government,government
voicerefine_parakeet_q4,svarah_test_0050,success,0,0.157895,17,2,0,1,19,4.233091,9.400875,0.450287,,,1,"So, the matter I took take to paint is nature maybe a same scenery or any animal or flowers","So uh the matter I took take to paint is nature, maybe is scen scenery or an any animal or flowers",so the matter i took take to paint is nature maybe a same scenery or any animal or flowers,so the matter i took take to paint is nature maybe is scen scenery or an any animal or flowers
voicerefine_parakeet_q4,svarah_test_0051,success,0,0.000000,17,0,0,0,17,3.451839,7.465937,0.462345,,,1,"So yes, English plays a very important role in exchanging and communication that is very very important","So yes, English plays a very important role in exchanging and communication. That is very, very important.",so yes english plays a very important role in exchanging and communication that is very very important,so yes english plays a very important role in exchanging and communication that is very very important
voicerefine_parakeet_q4,svarah_test_0052,success,0,0.000000,5,0,0,0,5,0.701722,1.867063,0.375843,,,1,more than any other kind,uh more than any other kind.,more than any other kind,more than any other kind
voicerefine_parakeet_q4,svarah_test_0053,success,0,0.250000,12,0,0,3,12,4.982876,8.849438,0.563073,,,1,"the 10th day and up to Purnima, people visit to their relatives",the tenth day and up to uh Purnima n day people visit to their relative relatives,the 10th day and up to purnima people visit to their relatives,the 10th day and up to purnima n day people visit to their relative relatives
voicerefine_parakeet_q4,svarah_test_0054,success,0,1.000000,1,5,0,1,6,1.083068,1.799375,0.601914,,,1,throng and climb the Baukungri peak,Trons and client above could be frequent.,throng and climb the baukungri peak,trons and client above could be frequent
voicerefine_parakeet_q4,svarah_test_0055,success,0,0.000000,1,0,0,0,1,0.549551,0.560000,0.981341,,,1,Yeah.,Yeah.,yeah,yeah
voicerefine_parakeet_q4,svarah_test_0056,success,0,0.000000,1,0,0,0,1,0.400052,0.690750,0.579156,,,1,On,On.,on,on
voicerefine_parakeet_q4,svarah_test_0057,success,0,1.000000,0,1,0,0,1,0.304620,0.480000,0.634625,,,1,food,Ford.,food,ford
voicerefine_parakeet_q4,svarah_test_0058,success,0,0.000000,11,0,0,0,11,1.859644,3.553187,0.523373,,,1,She is the recipient of several accolades including a Filmfare Award.,"She is the recipient of several accolades, including a Filmfare Award.",she is the recipient of several accolades including a filmfare award,she is the recipient of several accolades including a filmfare award
voicerefine_parakeet_q4,svarah_test_0059,success,0,0.000000,17,0,0,0,17,2.152829,5.000000,0.430566,,,1,"So in order to bring all these back, in order to promote our cultural aspects, our cultural","So in order to bring all these back, in order to promote our cultural aspects, our cultural",so in order to bring all these back in order to promote our cultural aspects our cultural,so in order to bring all these back in order to promote our cultural aspects our cultural
voicerefine_parakeet_q4,svarah_test_0060,success,0,0.000000,29,0,0,0,29,4.626101,12.481188,0.370646,,,1,"There, There is something which pulls me towards that book which makes me read again and again and again is the kind of connection I feel with her stories.","There there is something which pulls me towards that book, which makes me read again and again and again, is the kind of connection I feel with her stories.",there there is something which pulls me towards that book which makes me read again and again and again is the kind of connection i feel with her stories,there there is something which pulls me towards that book which makes me read again and again and again is the kind of connection i feel with her stories
voicerefine_parakeet_q4,svarah_test_0061,success,0,0.000000,2,0,0,0,2,0.368561,1.105500,0.333389,,,1,volume level,Volume level,volume level,volume level
voicerefine_parakeet_q4,svarah_test_0062,success,0,0.200000,8,2,0,0,10,1.606308,3.456000,0.464788,,,1,Pay Rs. 500 more to the last scanned QR code,Pay Rive Hundred more to the last scanned QR code.,pay rs 500 more to the last scanned qr code,pay rive 100 more to the last scanned qr code
voicerefine_parakeet_q4,svarah_test_0063,success,0,0.000000,1,0,0,0,1,0.202702,0.287000,0.706277,,,1,Down,Down.,down,down
voicerefine_parakeet_q4,svarah_test_0064,success,0,0.000000,16,0,0,0,16,4.605406,10.309375,0.446720,,,1,William Shakespeare is believed to be responsible for the addition of thousands of words new words.,"William Shakespeare is believed to be responsible for the addition of thousands of words, new words.",william shakespeare is believed to be responsible for the addition of 1000s of words new words,william shakespeare is believed to be responsible for the addition of 1000s of words new words
voicerefine_parakeet_q4,svarah_test_0065,success,0,0.047619,21,0,0,1,21,5.736991,7.659500,0.749003,,,1,"the people who practice those different religions, they have a high level of tolerance and respect for each other's religion",Well the people who practice those different religions they have a high level of tolerance and respect for each other's religion.,the people who practice those different religions they have a high level of tolerance and respect for each other is religion,well the people who practice those different religions they have a high level of tolerance and respect for each other is religion
voicerefine_parakeet_q4,svarah_test_0066,success,0,0.222222,8,1,0,1,9,2.189101,5.145000,0.425481,,,1,"Lakshmi Vilas Palace, residence of Vadodara's royal family.","Lakshmi Vilas Palace, a residence of Audra's royal family.",lakshmi vilas palace residence of vadodara is royal family,lakshmi vilas palace a residence of audra is royal family
voicerefine_parakeet_q4,svarah_test_0067,success,0,0.142857,13,1,0,1,14,2.556992,5.680500,0.450135,,,1,What are the items in Processed Food items with the offer of minimum 40 % ?,What are the items in the processed food items with the offer of minimum forty percent?,what are the items in processed food items with the offer of minimum 40 ,what are the items in the processed food items with the offer of minimum 40%
voicerefine_parakeet_q4,svarah_test_0068,success,0,1.000000,0,0,1,0,1,0.221927,0.332375,0.667699,,,1,Up,Uh,up,
voicerefine_parakeet_q4,svarah_test_0069,success,0,0.000000,9,0,0,0,9,2.939093,5.599687,0.524867,,,1,our festivals which are considered to be the symbols,Our festivals which are considered to be the symbols,our festivals which are considered to be the symbols,our festivals which are considered to be the symbols
voicerefine_parakeet_q4,svarah_test_0070,success,0,0.000000,1,0,0,0,1,0.427030,0.864563,0.493926,,,1,Backward,Backward.,backward,backward
voicerefine_parakeet_q4,svarah_test_0071,success,0,0.214286,11,1,2,0,14,2.223603,4.800000,0.463251,,,1,"That is why I like poetry, and it is my favorite genre in writing.",That is why I like poetry and it is my favourite journey.,that is why i like poetry and it is my favorite genre in writing,that is why i like poetry and it is my favorite journey
voicerefine_parakeet_q4,svarah_test_0072,success,0,1.000000,1,0,0,1,1,0.270649,0.433437,0.624423,,,1,Agree,I agree.,agree,i agree
voicerefine_parakeet_q4,svarah_test_0073,success,0,0.090909,10,0,1,0,11,2.118734,4.160000,0.509311,,,1,The Fine Old English Gentleman is one of his finest poems.,Fine old English gentleman is one of his finest poems.,the fine old english gentleman is one of his finest poems,fine old english gentleman is one of his finest poems
voicerefine_parakeet_q4,svarah_test_0074,success,0,1.000000,0,1,0,0,1,0.425862,0.794375,0.536097,,,1,Subarnapur,Subornopur.,subarnapur,subornopur
voicerefine_parakeet_q4,svarah_test_0075,success,0,0.000000,5,0,0,0,5,1.055022,1.975000,0.534188,,,1,There is no restriction on,There is no restriction on,there is no restriction on,there is no restriction on
voicerefine_parakeet_q4,svarah_test_0076,success,0,0.000000,3,0,0,0,3,0.702330,0.958937,0.732404,,,1,that is noodle.,That is noodle.,that is noodle,that is noodle
voicerefine_parakeet_q4,svarah_test_0077,success,0,0.000000,17,0,0,0,17,3.588118,5.701750,0.629301,,,1,"Although a French citizen, she has been brought up and lived most of her life in India.","Although a French citizen, she has been brought up and lived most of her life in India.",although a french citizen she has been brought up and lived most of her life in india,although a french citizen she has been brought up and lived most of her life in india
voicerefine_parakeet_q4,svarah_test_0078,success,0,0.000000,19,0,0,0,19,3.814177,7.880375,0.484010,,,1,or may it be any local vendor. They will always be ready to help people coming from outside Odisha.,"Or may it be any uh local vendor, they will always be ready to help people coming from outside Odisha.",or may it be any local vendor they will always be ready to help people coming from outside odisha,or may it be any local vendor they will always be ready to help people coming from outside odisha
voicerefine_parakeet_q4,svarah_test_0079,success,0,0.000000,2,0,0,0,2,0.396942,0.957125,0.414723,,,1,developing steps,Developing steps.,developing steps,developing steps
voicerefine_parakeet_q4,svarah_test_0080,success,0,0.000000,27,0,0,0,27,5.911117,13.535562,0.436710,,,1,"In India, most states, they focus more on studies and rather less on sports. That is the reason why we have low sports categories in our states","In India, most states they focus more on studies and rather less on sports. That is the reason why we have um low sports categories in our states.",in india most states they focus more on studies and rather less on sports that is the reason why we have low sports categories in our states,in india most states they focus more on studies and rather less on sports that is the reason why we have low sports categories in our states
voicerefine_parakeet_q4,svarah_test_0081,success,0,0.000000,5,0,0,0,5,0.751003,2.133938,0.351933,,,1,let me hear my list,Let me hear my list.,let me hear my list,let me hear my list
voicerefine_parakeet_q4,svarah_test_0082,success,0,0.000000,14,0,0,0,14,2.891162,6.716500,0.430457,,,1,A reduction in this cost is evidence that you are building a recognized brand.,A reduction in this cost is evidence that you are building a recognized brand.,a reduction in this cost is evidence that you are building a recognized brand,a reduction in this cost is evidence that you are building a recognized brand
voicerefine_parakeet_q4,svarah_test_0083,success,0,1.000000,0,1,0,0,1,0.319284,0.663000,0.481575,,,1,Kuwait,Kuet?,kuwait,kuet
voicerefine_parakeet_q4,svarah_test_0084,success,0,0.000000,10,0,0,0,10,1.435345,3.327062,0.431415,,,1,Being even a few minutes late may disqualify your submission.,Being even a few minutes late may disqualify your submission.,being even a few minutes late may disqualify your submission,being even a few minutes late may disqualify your submission
voicerefine_parakeet_q4,svarah_test_0085,success,0,0.000000,1,0,0,0,1,0.277631,0.540937,0.513240,,,1,Forward,Forward.,forward,forward
voicerefine_parakeet_q4,svarah_test_0086,success,0,0.000000,5,0,0,0,5,0.471132,0.904937,0.520624,,,1,i want you to mute,I want you to mute.,i want you to mute,i want you to mute
voicerefine_parakeet_q4,svarah_test_0087,success,0,0.000000,1,0,0,0,1,0.290360,0.483000,0.601160,,,1,Three,Three.,3,3
voicerefine_parakeet_q4,svarah_test_0088,success,0,0.125000,7,1,0,0,8,4.561585,7.283812,0.626263,,,1,Your MPIN is invalid for mobile number 77341091445,Your MPIN is invalid form mobile number seven seven three four one zero nine one four four five.,your mpin is invalid for mobile number 77341091445,your mpin is invalid form mobile number 77341091445
voicerefine_parakeet_q4,svarah_test_0089,success,0,0.000000,3,0,0,0,3,0.520059,0.931562,0.558265,,,1,raise the volume,Raise the volume.,raise the volume,raise the volume
voicerefine_parakeet_q4,svarah_test_0090,success,0,0.100000,20,0,0,2,20,4.461147,11.045063,0.403904,,,1,So if they are not using glutes they will tire the their other muscles and that will lead to fatigue.,So if they are not using glutes they will uh tire the their other muscles and that will lead to you know fatigue.,so if they are not using glutes they will tire the their other muscles and that will lead to fatigue,so if they are not using glutes they will tire the their other muscles and that will lead to you know fatigue
voicerefine_parakeet_q4,svarah_test_0091,success,0,0.000000,6,0,0,0,6,1.058502,2.927625,0.361556,,,1,are being converted into residential sites,are being converted into residential sites.,are being converted into residential sites,are being converted into residential sites
voicerefine_parakeet_q4,svarah_test_0092,success,0,0.000000,7,0,0,0,7,1.033639,2.117500,0.488141,,,1,"As I am not a professional singer,","As I am not a professional singer,",as i am not a professional singer,as i am not a professional singer
voicerefine_parakeet_q4,svarah_test_0093,success,0,0.090909,10,1,0,0,11,2.306420,4.880000,0.472627,,,1,But somebody from Mumbai or Bangalore could very well learn Odissi,But somebody from Mumbai or Bangalore could very well learn Odyssey.,but somebody from mumbai or bangalore could very well learn odissi,but somebody from mumbai or bangalore could very well learn odyssey
voicerefine_parakeet_q4,svarah_test_0094,success,0,0.000000,8,0,0,0,8,1.419999,3.168625,0.448144,,,1,and use them in our bath powders or,and use them in our bath powders or um,and use them in our bath powders or,and use them in our bath powders or
voicerefine_parakeet_q4,svarah_test_0095,success,0,0.111111,9,0,0,1,9,5.049122,7.183375,0.702890,,,1,"Well, I was not a student of English medium.",Well I was a uh not a student of uh English uh medium.,well i was not a student of english medium,well i was a not a student of english medium
voicerefine_parakeet_q4,svarah_test_0096,success,0,0.000000,1,0,0,0,1,0.585266,0.850000,0.688549,,,1,agriculture,Agriculture.,agriculture,agriculture
voicerefine_parakeet_q4,svarah_test_0097,success,0,0.000000,7,0,0,0,7,2.135272,3.803500,0.561397,,,1,its multiple subplots and the complicated plot,its multiple subplots and the complicated plot.,its multiple subplots and the complicated plot,its multiple subplots and the complicated plot
voicerefine_parakeet_q4,svarah_test_0098,success,0,0.000000,13,0,0,0,13,6.077238,8.324312,0.730059,,,1,So after the celebration all the materials that is gathered or collected are,So after the celebration all the materials uh that is gathered or collected are,so after the celebration all the materials that is gathered or collected are,so after the celebration all the materials that is gathered or collected are
voicerefine_parakeet_q4,svarah_test_0099,success,0,0.105263,18,1,0,1,19,12.614198,11.592813,1.088105,,,1,Can you help in searching for ESIC Centres located in area with pincode 198753 and centre type IMP Clinic,Can you help in searching for ESIC centers located in area with PIN code one nine eight seven five three and center type IMP clinic?,can you help in searching for esic centers located in area with pincode 198753 and center type imp clinic,can you help in searching for esic centers located in area with pin code 198753 and center type imp clinic
voicerefine_parakeet_q4,svarah_test_0100,success,0,0.066667,14,1,0,0,15,3.688298,6.168500,0.597925,,,1,Social media and online education platforms plays a vital role in the field of education.,Social media and online education platforms play a vital role in the field of education.,social media and online education platforms plays a vital role in the field of education,social media and online education platforms play a vital role in the field of education
voicerefine_parakeet_q4,svarah_test_0101,success,0,1.000000,0,1,0,0,1,0.340143,0.546875,0.621975,,,1,Off,Of,off,of
voicerefine_parakeet_q4,svarah_test_0102,success,0,0.250000,7,1,0,1,8,3.214053,5.298687,0.606575,,,1,compare to other languages English has wider audience,"Compared to other languages, English has a wider audience.",compare to other languages english has wider audience,compared to other languages english has a wider audience
voicerefine_parakeet_q4,svarah_test_0103,success,0,0.000000,8,0,0,0,8,2.291052,3.324125,0.689220,,,1,Bangalore is known as a city of entrepreneurs.,Bangalore is known as a city of entrepreneurs.,bangalore is known as a city of entrepreneurs,bangalore is known as a city of entrepreneurs
voicerefine_parakeet_q4,svarah_test_0104,success,0,0.052632,18,1,0,0,19,4.673629,8.204875,0.569616,,,1,Tell me how to link multiple bank accounts and transfer money between my own accounts in Maharashtra Gramin Bank,Tell me how to link multiple bank accounts and transfer money between my own accounts in Maharashtra Grammin Bank.,tell me how to link multiple bank accounts and transfer money between my own accounts in maharashtra gramin bank,tell me how to link multiple bank accounts and transfer money between my own accounts in maharashtra grammin bank
voicerefine_parakeet_q4,svarah_test_0105,success,0,0.000000,1,0,0,0,1,0.505486,0.996687,0.507166,,,1,Previous,Previous.,previous,previous
voicerefine_parakeet_q4,svarah_test_0106,success,0,0.000000,10,0,0,0,10,2.940640,3.796250,0.774617,,,1,Attacks targeting police have become common in the Nangarhar province,Attacks targeting police have become common in the Nangarhar province.,attacks targeting police have become common in the nangarhar province,attacks targeting police have become common in the nangarhar province
voicerefine_parakeet_q4,svarah_test_0107,success,0,0.111111,8,0,1,0,9,2.770405,4.240000,0.653397,,,1,"In North Bihar, there is a lot of flooding,","In North Bihar there is lot of flooding, uh",in north bihar there is a lot of flooding,in north bihar there is lot of flooding
voicerefine_parakeet_q4,svarah_test_0108,success,0,0.100000,10,0,0,1,10,4.816467,4.359000,1.104948,,,1,Capturing candid moment can make a great portrait I think.,"Capturing candid moment can g make a great portrait, I think.",capturing candid moment can make a great portrait i think,capturing candid moment can g make a great portrait i think
voicerefine_parakeet_q4,svarah_test_0109,success,0,0.000000,7,0,0,0,7,2.054937,3.001875,0.684551,,,1,The art and craft of our state,the art and craft of our state,the art and craft of our state,the art and craft of our state
voicerefine_parakeet_q4,svarah_test_0110,success,0,0.000000,9,0,0,0,9,1.783720,3.060062,0.582903,,,1,Can I get my order delivered after 2 Hours,Can I get my order delivered after two hours?,can i get my order delivered after 2 hours,can i get my order delivered after 2 hours
voicerefine_parakeet_q4,svarah_test_0111,success,0,0.300000,7,2,1,0,10,3.039353,4.539500,0.669535,,,1,Chhath Puja is a folk festival that lasts four days.,Chat Puja is folk festival that lasts for days.,chhath puja is a folk festival that lasts 4 days,chat puja is folk festival that lasts for days
voicerefine_parakeet_q4,svarah_test_0112,success,0,0.000000,1,0,0,0,1,0.321473,0.477500,0.673242,,,1,One,One.,one,one
voicerefine_parakeet_q4,svarah_test_0113,success,0,1.000000,0,1,0,0,1,0.299503,0.435125,0.688315,,,1,On,And,on,and
voicerefine_parakeet_q4,svarah_test_0114,success,0,0.080000,23,2,0,0,25,5.937325,12.950000,0.458481,,,1,"So the first day of Bohag Bihu is called Guru Bihu. In this Bihu, bulls or cows are bathed in the bank of a river.",So the first day of Bhuhak Bihu is called Guru Bihu. In this bihu uh bulls or cows are batted in the bank of a river,so the 1st day of bohag bihu is called guru bihu in this bihu bulls or cows are bathed in the bank of a river,so the 1st day of bhuhak bihu is called guru bihu in this bihu bulls or cows are batted in the bank of a river
voicerefine_parakeet_q4,svarah_test_0115,success,0,0.090909,10,1,0,0,11,1.290903,3.100000,0.416420,,,1,"Now taking the government schools into account, not much was done","Now taking the garment schools into account, not much was done.",now taking the government schools into account not much was done,now taking the garment schools into account not much was done
voicerefine_parakeet_q4,svarah_test_0116,success,0,0.100000,10,0,0,1,10,1.522759,3.160000,0.481886,,,1,We have a composter at our garden in our house,We have a composter at our garden in our house and,we have a composter at our garden in our house,we have a composter at our garden in our house and
voicerefine_parakeet_q4,svarah_test_0117,success,0,0.000000,11,0,0,0,11,1.451485,2.797750,0.518804,,,1,What remaining bills do I have to pay for this month ?,What remaining bills do I have to pay for this month?,what remaining bills do i have to pay for this month,what remaining bills do i have to pay for this month
voicerefine_parakeet_q4,svarah_test_0118,success,0,0.000000,5,0,0,0,5,1.551168,3.558625,0.435890,,,1,Indian English speakers of English,Indian English speakers of English,indian english speakers of english,indian english speakers of english
voicerefine_parakeet_q4,svarah_test_0119,success,0,0.000000,10,0,0,0,10,2.585459,5.561687,0.464870,,,1,Chalazion surgery is a safe procedure and complications seldom occur.,Chalazion surgery is a safe procedure and complications seldom occur.,chalazion surgery is a safe procedure and complications seldom occur,chalazion surgery is a safe procedure and complications seldom occur
voicerefine_parakeet_q4,svarah_test_0120,success,0,0.066667,14,1,0,0,15,8.948798,7.148937,1.251766,,,1,Can you add 120 gm The Laughing Cow Creamy Cheese Triangles to my shopping list?,Can you add one twenty gram the laughing cow creamy cheese triangles to my shopping list?,can you add 120 gm the laughing cow creamy cheese triangles to my shopping list,can you add 120 gram the laughing cow creamy cheese triangles to my shopping list
voicerefine_parakeet_q4,svarah_test_0121,success,0,0.333333,2,1,0,0,3,0.864202,0.966000,0.894619,,,1,One is their,One is there.,one is their,one is there
voicerefine_parakeet_q4,svarah_test_0122,success,0,0.021739,46,0,0,1,46,20.633722,26.609750,0.775420,,,1,"as the story developed, which is set in the time of the English Civil War in the 17th century, it became really very interesting and also described not only the culture and the social mores of the period, but also developed into a very good storyline.","uh as the story developed uh which is set in the time of the English Civil War in the seventeenth century, it became really um uh very interesting and uh also described the not only the culture and the social mores of the period but also uh developed uh into a very good storyline.",as the story developed which is set in the time of the english civil war in the 17th century it became really very interesting and also described not only the culture and the social mores of the period but also developed into a very good storyline,as the story developed which is set in the time of the english civil war in the 17th century it became really very interesting and also described the not only the culture and the social mores of the period but also developed into a very good storyline
voicerefine_parakeet_q4,svarah_test_0123,success,0,0.000000,10,0,0,0,10,4.694805,3.702750,1.267924,,,1,Can you send money to unsaved mobile numbers in Pay,Can you send money to unsaved mobile numbers in pay?,can you send money to unsaved mobile numbers in pay,can you send money to unsaved mobile numbers in pay
voicerefine_parakeet_q4,svarah_test_0124,success,0,0.031250,32,0,0,1,32,14.723734,16.597000,0.887132,,,1,"Kerala's cultural heritage is centuries old. The culture of Kerala is an amalgam of native art forms, language, literature, architectural style, music, festivals, cuisine, archaeological monuments, heritage centers and so on","Kerala's cultural heritage is centuries old, and the culture of Kerala is an amalgam of native art forms, language, literature, architectural style, music, festivals, cuisine, archaeological monuments, heritage centres and so on.",kerala is cultural heritage is centuries old the culture of kerala is an amalgam of native art forms language literature architectural style music festivals cuisine archaeological monuments heritage centers and so on,kerala is cultural heritage is centuries old and the culture of kerala is an amalgam of native art forms language literature architectural style music festivals cuisine archaeological monuments heritage centers and so on
voicerefine_parakeet_q4,svarah_test_0125,success,0,1.000000,0,0,1,0,1,0.093452,0.135313,0.690641,,,1,Up,,up,
voicerefine_parakeet_q4,svarah_test_0126,success,0,0.166667,11,1,0,1,12,4.220645,9.000000,0.468961,,,1,"So the climate here in Kanimpung, the winter are a bit cold,",So the climate here in Kanimpong and the winter are a bit cold.,so the climate here in kanimpung the winter are a bit cold,so the climate here in kanimpong and the winter are a bit cold
voicerefine_parakeet_q4,svarah_test_0127,success,0,0.500000,2,0,0,1,2,0.860551,1.720000,0.500320,,,1,in 1864,In eighteen sixty four the,in 1864,in 1864 the
voicerefine_parakeet_q4,svarah_test_0128,success,0,0.076923,12,1,0,0,13,4.328984,7.852688,0.551274,,,1,"It is famous for many cultural traditions like Kirtan, Natak, Allah Rudal etc.","It is famous for many uh cultural traditions like Kirtan, Natak, Allah Rudal, etcetera.",it is famous for many cultural traditions like kirtan natak allah rudal etc,it is famous for many cultural traditions like kirtan natak allah rudal etcetera
voicerefine_parakeet_q4,svarah_test_0129,success,0,0.000000,18,0,0,0,18,4.457504,9.410500,0.473673,,,1,"HIV directly infects a small number of T helper cells, and also impairs other immune system responses indirectly.",HIV directly infects a small number of T helper cells and also impairs other immune system responses indirectly.,hiv directly infects a small number of t helper cells and also impairs other immune system responses indirectly,hiv directly infects a small number of t helper cells and also impairs other immune system responses indirectly
voicerefine_parakeet_q4,svarah_test_0130,success,0,0.000000,6,0,0,0,6,2.389056,4.808438,0.496847,,,1,"London, Singapore, New York, Bangkok, Dubai.","London, Singapore, New York, Bangkok, Dubai.",london singapore new york bangkok dubai,london singapore new york bangkok dubai
voicerefine_parakeet_q4,svarah_test_0131,success,0,0.125000,7,1,0,0,8,2.533778,4.379187,0.578596,,,1,Add Fendo Two Fold Umbrella worth rupees R,Add fendo to fold umbrella worth rupees R.,add fendo 2 fold umbrella worth rupees r,add fendo to fold umbrella worth rupees r
voicerefine_parakeet_q4,svarah_test_0132,success,0,0.250000,3,1,0,0,4,1.111734,1.900062,0.585104,,,1,students girls students with,"students, uh girl students with",students girls students with,students girl students with
voicerefine_parakeet_q4,svarah_test_0133,success,0,0.000000,17,0,0,0,17,3.347291,5.520000,0.606393,,,1,What was the last book you read that really impacted you and how did it do so?,What was the last book you read that really impacted you and how did it do so?,what was the last book you read that really impacted you and how did it do so,what was the last book you read that really impacted you and how did it do so
voicerefine_parakeet_q4,svarah_test_0134,success,0,0.086957,21,2,0,0,23,4.482724,8.542125,0.524779,,,1,"Chandigarh IT Park, also known as Rajiv Gandhi Chandigarh Technology Park, is the city's attempt to break into the information technology world.","Chandigar IT Park, also known as Rajiv Khandi Chandigarh Technology Park, is the city's attempt to break into the information technology world.",chandigarh it park also known as rajiv gandhi chandigarh technology park is the city is attempt to break into the information technology world,chandigar it park also known as rajiv khandi chandigarh technology park is the city is attempt to break into the information technology world
voicerefine_parakeet_q4,svarah_test_0135,success,0,0.250000,3,1,0,0,4,0.784254,2.118250,0.370237,,,1,save my music preferences,Say my music preferences.,save my music preferences,say my music preferences
voicerefine_parakeet_q4,svarah_test_0136,success,0,1.000000,0,1,0,0,1,0.250523,0.443188,0.565275,,,1,Tree,Three.,tree,3
voicerefine_parakeet_q4,svarah_test_0137,success,0,0.000000,25,0,0,0,25,8.594788,20.658375,0.416044,,,1,discrimination is also a big issue in schools and colleges discrimination based on caste and religion is very much pronounced in Gujarat's education system,Discrimination is also a big issue in schools and colleges. Discrimination based on caste and religion is very much pronounced in Gujarat's education system.,discrimination is also a big issue in schools and colleges discrimination based on caste and religion is very much pronounced in gujarat is education system,discrimination is also a big issue in schools and colleges discrimination based on caste and religion is very much pronounced in gujarat is education system
voicerefine_parakeet_q4,svarah_test_0138,success,0,0.000000,8,0,0,0,8,2.432774,6.399687,0.380140,,,1,culture values are also changing with their forms,Culture values are also changing with their forms.,culture values are also changing with their forms,culture values are also changing with their forms
voicerefine_parakeet_q4,svarah_test_0139,success,0,0.076923,12,1,0,0,13,3.076399,6.540625,0.470352,,,1,"When people live together in a society, these are there this results automatically.","When people live together in a society, these uh are the this results automatically.",when people live together in a society these are there this results automatically,when people live together in a society these are the this results automatically
voicerefine_parakeet_q4,svarah_test_0140,success,0,0.666667,2,4,0,0,6,4.302965,9.640000,0.446366,,,1,"Kamrup metro Nalbari, Nagaon, Sonitpur, Lakhimpur.","Kamrup metro, Nalvari, Nagam, Sunitpur, Lakimpur.",kamrup metro nalbari nagaon sonitpur lakhimpur,kamrup metro nalvari nagam sunitpur lakimpur
voicerefine_parakeet_q4,svarah_test_0141,success,0,2.000000,0,1,0,1,1,0.242411,0.503687,0.481272,,,1,Katak,Cut the,katak,cut the
voicerefine_parakeet_q4,svarah_test_0142,success,0,0.000000,3,0,0,0,3,0.386719,1.012063,0.382110,,,1,The answer is,The answer is,the answer is,the answer is
voicerefine_parakeet_q4,svarah_test_0143,success,0,0.000000,28,0,0,0,28,4.311762,9.999813,0.431184,,,1,"It cannot be denied that opportunities have increased. There were also suggestions of making some villages model villages, but those ended only in the stage of an idea","It cannot be denied that opportunities have increased. There were also suggestions of making some villages model villages, but those ended only in the stage of an idea.",it cannot be denied that opportunities have increased there were also suggestions of making some villages model villages but those ended only in the stage of an idea,it cannot be denied that opportunities have increased there were also suggestions of making some villages model villages but those ended only in the stage of an idea
voicerefine_parakeet_q4,svarah_test_0144,success,0,0.000000,15,0,0,0,15,1.967523,4.607062,0.427067,,,1,"At any time during this phase, the car dealer may offer to settle with you.","At any time during this phase, the car dealer may offer to settle with you.",at any time during this phase the car dealer may offer to settle with you,at any time during this phase the car dealer may offer to settle with you
voicerefine_parakeet_q4,svarah_test_0145,success,0,0.000000,1,0,0,0,1,0.299037,0.680125,0.439679,,,1,Yes,Yes.,yes,yes
voicerefine_parakeet_q4,svarah_test_0146,success,0,0.000000,6,0,0,0,6,1.064848,2.485562,0.428413,,,1,and some of the main festivals,And some of the main festivals,and some of the main festivals,and some of the main festivals
voicerefine_parakeet_q4,svarah_test_0147,success,0,0.235294,14,3,0,1,17,3.563707,6.481375,0.549838,,,1,Why did I get zero discount when the Slurrp Farm Oats Instant Powder mentioned 90 % on order,Why did I get zero discount when the slurp farm out's instant powder mentioned ninety percent on order?,why did i get 0 discount when the slurrp farm oats instant powder mentioned 90 on order,why did i get 0 discount when the slurp farm out is instant powder mentioned 90% on order
voicerefine_parakeet_q4,svarah_test_0148,success,0,0.214286,11,2,1,0,14,2.442248,5.549688,0.440070,,,1,Can I change my delivery date from 11-9-2021 TO 23-4-2020 ?,"Can I change my delivery date from eleven ninth, twenty twenty one to twenty three, fourth, twenty twenty?",can i change my delivery date from 11 9 2021 to 23 4 2020,can i change my delivery date from 11 ninth 2021 to 234th 2020
voicerefine_parakeet_q4,svarah_test_0149,success,0,0.000000,1,0,0,0,1,0.204694,0.379250,0.539734,,,1,Yes,Yes.,yes,yes
voicerefine_parakeet_q4,svarah_test_0150,success,0,0.142857,25,3,0,1,28,4.862869,11.637250,0.417871,,,1,he Padanilam or the battlefield is a paddy field adjacent to the famous Ochera Parabrahma temple and the festivities are part of a ritual associated with the shrine,"In the Padanilam or the battlefield is a paddy field adjacent to the famous Ochra Paribrahma temple, and the festivities are part of a ritual associated with the shrine.",he padanilam or the battlefield is a paddy field adjacent to the famous ochera parabrahma temple and the festivities are part of a ritual associated with the shrine,in the padanilam or the battlefield is a paddy field adjacent to the famous ochra paribrahma temple and the festivities are part of a ritual associated with the shrine
voicerefine_parakeet_q4,svarah_test_0151,success,0,0.000000,11,0,0,0,11,2.172165,4.499937,0.482710,,,1,"is the head of the government, heading the council of ministers.","is the head of the government, heading the council of um ministers.",is the head of the government heading the council of ministers,is the head of the government heading the council of ministers
voicerefine_parakeet_q4,svarah_test_0152,success,0,0.000000,1,0,0,0,1,0.328258,0.824375,0.398190,,,1,House,House.,house,house
voicerefine_parakeet_q4,svarah_test_0153,success,0,0.000000,8,0,0,0,8,1.407857,3.129125,0.449920,,,1,Some popular beaches in my state Odisha are,Some popular beaches in my state Odisha are,some popular beaches in my state odisha are,some popular beaches in my state odisha are
voicerefine_parakeet_q4,svarah_test_0154,success,0,0.055556,18,0,0,1,18,3.342363,8.267375,0.404283,,,1,The child with special needs are now accommodated in regular schools where school has resource rooms for them,The child with special needs are now accommodated in regular schools where the school has resource rooms for them.,the child with special needs are now accommodated in regular schools where school has resource rooms for them,the child with special needs are now accommodated in regular schools where the school has resource rooms for them
voicerefine_parakeet_q4,svarah_test_0155,success,0,0.050000,20,0,0,1,20,3.131289,8.100625,0.386549,,,1,"But yeah, it wouldn't harm to represent regional languages a bit more in a quest to keep them alive.","But, yeah, it wouldn't h harm to represent regional languages a bit more in a quest to keep them alive.",but yeah it would not harm to represent regional languages a bit more in a quest to keep them alive,but yeah it would not h harm to represent regional languages a bit more in a quest to keep them alive
voicerefine_parakeet_q4,svarah_test_0156,success,0,0.031250,32,0,0,1,32,5.997892,15.817250,0.379199,,,1,"Some local art forms or crafts that are unique to my district are Bagurumba dance, silk rearing, and weaving. Bagurumba is a dance form performed by women folk belonging to Boro community.","Some local art forms or crafts that are unique to my district are bagurumba dance, silk rearing and weaving. Bagurumba is a dance form performed by women folk belonging to the Boro community.",some local art forms or crafts that are unique to my district are bagurumba dance silk rearing and weaving bagurumba is a dance form performed by women folk belonging to boro community,some local art forms or crafts that are unique to my district are bagurumba dance silk rearing and weaving bagurumba is a dance form performed by women folk belonging to the boro community
voicerefine_parakeet_q4,svarah_test_0157,success,0,0.000000,1,0,0,0,1,0.218090,0.541250,0.402937,,,1,Jump,Jump.,jump,jump
voicerefine_parakeet_q4,svarah_test_0158,success,0,0.083333,12,0,0,1,12,2.318052,5.600000,0.413938,,,1,"Language, though a means of communication, is naturally the expression or representation","Language, though a means of communication, is naturally the expression or representation of",language though a means of communication is naturally the expression or representation,language though a means of communication is naturally the expression or representation of
voicerefine_parakeet_q4,svarah_test_0159,success,0,1.000000,0,0,1,0,1,0.151973,0.227875,0.666916,,,1,Three,Mm.,3,
voicerefine_parakeet_q4,svarah_test_0160,success,0,0.320000,17,6,2,0,25,5.931911,14.968750,0.396286,,,1,"Education for girls is top priorities in our state after our Prime Minister Shri Narendra Modi ji has given the slogan, Beti Bachao, Beti Padhao.",Education for girls is properities in our state after our Prime Minister Sri Narendarmon Modi has given the slogan Betty Bachao Betty Padao.,education for girls is top priorities in our state after our prime minister shri narendra modi ji has given the slogan beti bachao beti padhao,education for girls is properities in our state after our prime minister sri narendarmon modi has given the slogan betty bachao betty padao
voicerefine_parakeet_q4,svarah_test_0161,success,0,0.035714,27,1,0,0,28,5.403665,14.830312,0.364366,,,1,"The present district of South 24 Parganas came into existence on March 1, 1986. It then comprised of two subdivisions, namely, Alipur and Diamond Harbour, and 30 blocks.","The present district of South Twenty Four Parganas came into existence on march first, nineteen eighty six. It then comprised of two subdivisions, namely Alipur and Diamond Harbour, and thirty blocks,",the present district of south 24 parganas came into existence on march one 1986 it then comprised of 2 subdivisions namely alipur and diamond harbor and 30 blocks,the present district of south 24 parganas came into existence on march 1st 1986 it then comprised of 2 subdivisions namely alipur and diamond harbor and 30 blocks
voicerefine_parakeet_q4,svarah_test_0162,success,0,0.130435,21,2,0,1,23,2.602491,6.160312,0.422461,,,1,"or what are the things that you should try in the state, they will also help maybe it may be a shop person",Or what are the thing that you should try in this state? They will also help maybe it may it be a shop person.,or what are the things that you should try in the state they will also help maybe it may be a shop person,or what are the thing that you should try in this state they will also help maybe it may it be a shop person
voicerefine_parakeet_q4,svarah_test_0163,success,0,0.000000,1,0,0,0,1,0.250836,0.521062,0.481392,,,1,Wow,Wow.,wow,wow
voicerefine_parakeet_q4,svarah_test_0164,success,0,0.000000,5,0,0,0,5,1.200143,2.880000,0.416716,,,1,"like manganese, limestone, and pyrite,","like manganese, limestone and pyrite.",like manganese limestone and pyrite,like manganese limestone and pyrite
voicerefine_parakeet_q4,svarah_test_0165,success,0,1.000000,0,1,0,0,1,0.285150,0.415125,0.686900,,,1,Tree,Three.,tree,3
voicerefine_parakeet_q4,svarah_test_0166,success,0,0.071429,13,1,0,0,14,3.496788,5.116375,0.683450,,,1,Open my transaction history for the last 24 hours and mute the contact Wahida,Open my transaction history for the last twenty four hours and mute the contact Bahida.,open my transaction history for the last 24 hours and mute the contact wahida,open my transaction history for the last 24 hours and mute the contact bahida
voicerefine_parakeet_q4,svarah_test_0167,success,0,0.058824,17,0,0,1,17,6.594153,10.590375,0.622655,,,1,"Sports teach a person sportsman spirit, hard work, alertness, acceptance, and discipline more than any other source.","Sports teach a person sportsman's spirit, hard work, alertness, acceptance, and discipline more than any other source.",sports teach a person sportsman spirit hard work alertness acceptance and discipline more than any other source,sports teach a person sportsman is spirit hard work alertness acceptance and discipline more than any other source
voicerefine_parakeet_q4,svarah_test_0168,success,0,0.192308,24,2,0,3,26,5.963761,15.202625,0.392285,,,1,Can you transfer Rs. 400 to my 6844663153262 in IndusInd Bank fortnightly via PayUmoney and give me an alert in case the balance goes below that?,Can you transfer Rs four hundred to my six eight four four six six three one five three two six two in Indus Int bank fortnightly via pay you money and give me an alert in case the balance goes below that?,can you transfer rs 400 to my 6844663153262 in indusind bank fortnightly via payumoney and give me an alert in case the balance goes below that,can you transfer rs 400 to my 6844663153262 in indus int bank fortnightly via pay you money and give me an alert in case the balance goes below that
voicerefine_parakeet_q4,svarah_test_0169,success,0,0.400000,3,2,0,0,5,0.861269,2.420000,0.355896,,,1,by making transactions on Limeroad,by making transactions online route.,by making transactions on limeroad,by making transactions online route
voicerefine_parakeet_q4,svarah_test_0170,success,0,1.000000,0,1,0,0,1,0.158136,0.210437,0.751463,,,1,Up,Top.,up,top
voicerefine_parakeet_q4,svarah_test_0171,success,0,0.055556,18,0,0,1,18,3.268530,7.891312,0.414193,,,1,A cruise boat service has been started by the tourism department for visitors to the dam and reservoir.,A cruise boat service has been started by the Tourism Department for the visitors to the Dam and Reservoir.,a cruise boat service has been started by the tourism department for visitors to the dam and reservoir,a cruise boat service has been started by the tourism department for the visitors to the dam and reservoir
voicerefine_parakeet_q4,svarah_test_0172,success,0,1.000000,0,1,0,0,1,0.248663,0.443375,0.560841,,,1,Learn,Lun.,learn,lun
voicerefine_parakeet_q4,svarah_test_0173,success,0,0.000000,19,0,0,0,19,2.861258,6.903562,0.414461,,,1,Najib's dream was to work in the Persian Gulf states and earn enough money to send back home,Najib's dream was to work in the Persian Gulf states and earn enough money to send back home.,najib is dream was to work in the persian gulf states and earn enough money to send back home,najib is dream was to work in the persian gulf states and earn enough money to send back home
voicerefine_parakeet_q4,svarah_test_0174,success,0,1.000000,0,3,0,0,3,0.493329,1.404125,0.351343,,,1,"Yeah, mostly through",Я мусьлі ту.,yeah mostly through,я мусьлі ту
voicerefine_parakeet_q4,svarah_test_0175,success,0,1.000000,0,1,0,0,1,0.247378,0.424250,0.583095,,,1,Nila,Neil.,nila,neil
voicerefine_parakeet_q4,svarah_test_0176,success,0,0.000000,11,0,0,0,11,2.476914,4.939312,0.501469,,,1,brainwashing a child towards a particular religion is a strict no,uh brainwashing uh a child towards a particular religion is a strict no.,brainwashing a child towards a particular religion is a strict no,brainwashing a child towards a particular religion is a strict no
voicerefine_parakeet_q4,svarah_test_0177,success,0,0.000000,11,0,0,0,11,2.538909,5.678750,0.447089,,,1,Is there any Kids vaccination centre in the PIN Code 967045,Is there any kids vaccination center in the PIN code nine six seven zero four five?,is there any kids vaccination center in the pin code 967045,is there any kids vaccination center in the pin code 967045
voicerefine_parakeet_q4,svarah_test_0178,success,0,0.250000,15,5,0,0,20,7.071965,7.094688,0.996797,,,1,"Davis was back in prison and admitted a role in a different armed robbery, at a Bank of Cyprus branch.",Davies was baked in prison and admitted a rule in a different armed robbery at a bank of Cypress Brands.,davis was back in prison and admitted a role in a different armed robbery at a bank of cyprus branch,davies was baked in prison and admitted a rule in a different armed robbery at a bank of cypress brands
voicerefine_parakeet_q4,svarah_test_0179,success,0,0.000000,13,0,0,0,13,3.029202,4.597000,0.658952,,,1,we have seen the assimilation of the culture in English language in India.,We have seen the assimilation of the culture in English language in India.,we have seen the assimilation of the culture in english language in india,we have seen the assimilation of the culture in english language in india
voicerefine_parakeet_q4,svarah_test_0180,success,0,0.000000,1,0,0,0,1,0.317596,0.505938,0.627738,,,1,Go,Go.,go,go
voicerefine_parakeet_q4,svarah_test_0181,success,0,0.133333,13,2,0,0,15,3.041525,6.125375,0.496545,,,1,Why did I get zero discount when the Garden Raita Boondi mentioned 40 % on order,Why did I get zero discount when the Garden Raita Bundi mentioned forty per cent on order?,why did i get 0 discount when the garden raita boondi mentioned 40 on order,why did i get 0 discount when the garden raita bundi mentioned 40% on order
voicerefine_parakeet_q4,svarah_test_0182,success,0,0.000000,8,0,0,0,8,1.660555,3.024000,0.549125,,,1,"Despite a defeat of Ladakh by the Mughals,","Despite a defeat of Ladakh by the Mughals,",despite a defeat of ladakh by the mughals,despite a defeat of ladakh by the mughals
voicerefine_parakeet_q4,svarah_test_0183,success,0,0.142857,6,1,0,0,7,1.023331,2.471812,0.414000,,,1,Can you tell us about their work?,Can you tell us about the work?,can you tell us about their work,can you tell us about the work
voicerefine_parakeet_q4,svarah_test_0184,success,0,0.000000,14,0,0,0,14,3.110868,6.639375,0.468548,,,1,"During which several architecture, literature and monuments have been built by the British Empire.","uh during which several uh architecture, literature and monuments have been built by the British Empire,",during which several architecture literature and monuments have been built by the british empire,during which several architecture literature and monuments have been built by the british empire
voicerefine_parakeet_q4,svarah_test_0185,success,0,2.000000,0,2,0,2,2,0.854707,2.484062,0.344076,,,1,Sunitpur Dhubri,Son it pour debris.,sunitpur dhubri,son it pour debris
voicerefine_parakeet_q4,svarah_test_0186,success,0,0.000000,13,0,0,0,13,3.562185,8.510875,0.418545,,,1,that to have a round shaped roti was an impossible task for me.,That to have a round shaped roti was an impossible task for me.,that to have a round shaped roti was an impossible task for me,that to have a round shaped roti was an impossible task for me
voicerefine_parakeet_q4,svarah_test_0187,success,0,0.000000,11,0,0,0,11,3.694487,9.872125,0.374234,,,1,"working and what impact it had on people. And so, yeah.",working and what impact it had on people and so um yeah.,working and what impact it had on people and so yeah,working and what impact it had on people and so yeah
voicerefine_parakeet_q4,svarah_test_0188,success,0,0.045455,21,0,1,0,22,3.694671,9.000000,0.410519,,,1,"In the 21st century, the entire world has become narrow, accessible, shareable and familiar for all the people living on this earth.","In the 21st century, the entire world has become narrow, accessible, shareable, and familiar for all the people living on this.",in the 21st century the entire world has become narrow accessible shareable and familiar for all the people living on this earth,in the 21st century the entire world has become narrow accessible shareable and familiar for all the people living on this
voicerefine_parakeet_q4,svarah_test_0189,success,0,0.125000,7,1,0,0,8,1.196097,3.239813,0.369187,,,1,"lockdown period, last three years, so to say",Lockdown period last three years or to say.,lockdown period last 3 years so to say,lockdown period last 3 years or to say
voicerefine_parakeet_q4,svarah_test_0190,success,0,0.000000,1,0,0,0,1,0.401131,0.511188,0.784704,,,1,Right,Right.,right,right
voicerefine_parakeet_q4,svarah_test_0191,success,0,0.333333,2,1,0,0,3,1.042678,1.725250,0.604363,,,1,Add Rs 500,Add rupees five hundred.,add rs 500,add rupees 500
voicerefine_parakeet_q4,svarah_test_0192,success,0,0.000000,14,0,0,0,14,1.989188,4.112563,0.483686,,,1,"If so, what is it and why do you keep coming back to it?","If so, what is it and why do you keep coming back to it?",if so what is it and why do you keep coming back to it,if so what is it and why do you keep coming back to it
voicerefine_parakeet_q4,svarah_test_0193,success,0,0.111111,9,0,0,1,9,1.356671,3.449750,0.393266,,,1,"So, there are so many bodies who are working",So there are so so many bodies who are working.,so there are so many bodies who are working,so there are so so many bodies who are working
voicerefine_parakeet_q4,svarah_test_0194,success,0,0.000000,1,0,0,0,1,0.258760,0.335375,0.771554,,,1,Dog,Dog.,dog,dog
voicerefine_parakeet_q4,svarah_test_0195,success,0,0.000000,1,0,0,0,1,0.252549,0.359438,0.702622,,,1,Three,Three.,3,3
voicerefine_parakeet_q4,svarah_test_0196,success,0,0.000000,18,0,0,0,18,7.039020,18.760000,0.375214,,,1,"Previously, it used to be the richer people's language or only few people can talk in English.","Previously, it used to be the richer people's language or only few people can talk in English.",previously it used to be the richer people is language or only few people can talk in english,previously it used to be the richer people is language or only few people can talk in english
voicerefine_parakeet_q4,svarah_test_0197,success,0,0.250000,10,2,0,1,12,4.044334,11.802875,0.342657,,,1,"Like that, I already mentioned the title of this book, Jeewan Kadegaful.","Like that, uh I already mentioned the title of this book, uh Joan Karig Fool.",like that i already mentioned the title of this book jeewan kadegaful,like that i already mentioned the title of this book joan karig fool
voicerefine_parakeet_q4,svarah_test_0198,success,0,0.000000,12,0,0,0,12,2.090996,5.925625,0.352873,,,1,There are primary health centers in every village which provide free medical,There are uh primary health centers in every village which provide uh free medical uh,there are primary health centers in every village which provide free medical,there are primary health centers in every village which provide free medical
voicerefine_parakeet_q4,svarah_test_0199,success,0,1.000000,0,1,0,0,1,0.182982,0.245125,0.746484,,,1,Down,Yeah.,down,yeah
elevenlabs_scribe_v2,svarah_test_0000,success,0,0.033333,29,1,0,0,30,2.291734,14.646375,0.156471,,,1,English breaks the communication barriers between people of diverse cultural backgrounds and it creates a new community where people come together and share their cultures and ideas with broader audience.,"English breaks the communication barriers between people of diverse cultural background, and it creates a new community where people come together and share their cultures and ideas with broader audience.",english breaks the communication barriers between people of diverse cultural backgrounds and it creates a new community where people come together and share their cultures and ideas with broader audience,english breaks the communication barriers between people of diverse cultural background and it creates a new community where people come together and share their cultures and ideas with broader audience
elevenlabs_scribe_v2,svarah_test_0001,success,0,0.030303,33,0,0,1,33,1.931275,14.365250,0.134441,,,1,"The radiation, the chemotherapy, everything, every every option for cancer treatment is available over here and it is largely used not only by the people of Gujarat but also by the nearby states.","The radiation, the chemotherapy, everything, every, every option for cancer treatment is available over here, and is-- it is largely used not only by the, uh, people of Gujarat, but also by the nearby states",the radiation the chemotherapy everything every every option for cancer treatment is available over here and it is largely used not only by the people of gujarat but also by the nearby states,the radiation the chemotherapy everything every every option for cancer treatment is available over here and is it is largely used not only by the people of gujarat but also by the nearby states
elevenlabs_scribe_v2,svarah_test_0002,success,0,0.000000,13,0,0,0,13,1.466110,4.778375,0.306822,,,1,"We differ from other countries in terms of food, in terms of dress","We differ from other countries in terms of food, in terms of dress",we differ from other countries in terms of food in terms of dress,we differ from other countries in terms of food in terms of dress
elevenlabs_scribe_v2,svarah_test_0003,success,0,0.125000,15,1,0,1,16,1.171111,6.987188,0.167608,,,1,Can you list all the Paid vaccination centres for age group 18+ years in district Chatra,Can you list all the paid vaccination centers for age group 18 plus years in District Chhatra?,can you list all the paid vaccination centers for age group 18 years in district chatra,can you list all the paid vaccination centers for age group 18 plus years in district chhatra
elevenlabs_scribe_v2,svarah_test_0004,success,0,0.000000,1,0,0,0,1,0.875996,1.100875,0.795727,,,1,39,Thirty-nine,39,39
elevenlabs_scribe_v2,svarah_test_0005,success,0,0.000000,8,0,0,0,8,1.329195,2.889187,0.460059,,,1,Clear all the reminders set up last Year,Clear all the reminders set up last year,clear all the reminders set up last year,clear all the reminders set up last year
elevenlabs_scribe_v2,svarah_test_0006,success,0,0.000000,14,0,0,0,14,1.291890,5.507062,0.234588,,,1,A few tributaries form marshy land in early dry season due to natural seepage,A few tributaries form marshy land in early dry season due to natural seepage,a few tributaries form marshy land in early dry season due to natural seepage,a few tributaries form marshy land in early dry season due to natural seepage
elevenlabs_scribe_v2,svarah_test_0007,success,0,3.000000,0,1,0,2,1,1.090293,0.500875,2.176776,,,1,Time,"Hi, I'm",time,hi i am
elevenlabs_scribe_v2,svarah_test_0008,success,0,0.666667,4,5,0,1,9,1.212819,5.400125,0.224591,,,1,"So, starting with Maghi Chakrati, on Maghi Chakrati which","Okay, so starting with Maghe Sankranti. On Maghe Sankranti, uh, we",so starting with maghi chakrati on maghi chakrati which,okay so starting with maghe sankranti on maghe sankranti we
elevenlabs_scribe_v2,svarah_test_0009,success,0,0.000000,8,0,0,0,8,0.930640,2.535938,0.366981,,,1,change the color of the lights to blue,Change the color of the lights to blue,change the color of the lights to blue,change the color of the lights to blue
elevenlabs_scribe_v2,svarah_test_0010,success,0,1.000000,0,0,1,0,1,0.518720,0.311688,1.664230,,,1,Three,,3,
elevenlabs_scribe_v2,svarah_test_0011,success,0,0.000000,1,0,0,0,1,0.907870,0.516188,1.758799,,,1,Agree,Agree,agree,agree
elevenlabs_scribe_v2,svarah_test_0012,success,0,0.000000,10,0,0,0,10,1.141710,4.298250,0.265622,,,1,How is the availability of healthcare professionals in your state?,How is the availability of healthcare professionals in your state?,how is the availability of healthcare professionals in your state,how is the availability of healthcare professionals in your state
elevenlabs_scribe_v2,svarah_test_0013,success,0,0.000000,13,0,0,0,13,1.150931,4.952875,0.232376,,,1,I am trying to search for ESIC Centres with centre type Local Office,I'm trying to search for ESIC centers with center type local office,i am trying to search for esic centers with center type local office,i am trying to search for esic centers with center type local office
elevenlabs_scribe_v2,svarah_test_0014,success,0,0.000000,1,0,0,0,1,0.854080,0.364250,2.344762,,,1,Help,Help,help,help
elevenlabs_scribe_v2,svarah_test_0015,success,0,0.090909,31,2,0,1,33,2.310846,13.936125,0.165817,,,1,"my other favorite herbs are tulsi, pudina, dodapathre and vandalaga, tulsi as we all know is a very good medicinal plant or herb that can be used in treating common cold and cough","My other favorite herbs are Tulsi, Pudina, Dodda Patre, and Vondalaga. Tulsi, as we all know, is a very good, uh, medicinal plant or herb that can be used in treating, uh, common cold and cough",my other favorite herbs are tulsi pudina dodapathre and vandalaga tulsi as we all know is a very good medicinal plant or herb that can be used in treating common cold and cough,my other favorite herbs are tulsi pudina dodda patre and vondalaga tulsi as we all know is a very good medicinal plant or herb that can be used in treating common cold and cough
elevenlabs_scribe_v2,svarah_test_0016,success,0,0.000000,8,0,0,0,8,0.997973,5.112312,0.195210,,,1,"where I was trained physical, mental and spiritual","uh, where, uh, I was trained physical, mental, and spiritual",where i was trained physical mental and spiritual,where i was trained physical mental and spiritual
elevenlabs_scribe_v2,svarah_test_0017,success,0,0.000000,1,0,0,0,1,1.097611,0.690312,1.590020,,,1,because,Because,because,because
elevenlabs_scribe_v2,svarah_test_0018,success,0,0.000000,1,0,0,0,1,0.911707,0.833313,1.094076,,,1,Manas,Manas,manas,manas
elevenlabs_scribe_v2,svarah_test_0019,success,0,0.142857,6,1,0,0,7,0.949958,3.345375,0.283962,,,1,"As for my opinion, there are not","As per my opinion, there are not",as for my opinion there are not,as per my opinion there are not
elevenlabs_scribe_v2,svarah_test_0020,success,0,0.000000,23,0,0,0,23,1.639656,11.101750,0.147693,,,1,"The biking is booming. The demand is increasing, just because they are way cheaper than the cars. And it is environment-friendly, too","The biking is booming. The demand is increasing just because they are way cheaper than the cars, and it is environment friendly too",the biking is booming the demand is increasing just because they are way cheaper than the cars and it is environment friendly too,the biking is booming the demand is increasing just because they are way cheaper than the cars and it is environment friendly too
elevenlabs_scribe_v2,svarah_test_0021,success,0,0.666667,3,0,0,2,3,1.245858,4.960000,0.251181,,,1,entire world interconnected.,"The entire world interconnected. Um, not",entire world interconnected,the entire world interconnected not
elevenlabs_scribe_v2,svarah_test_0022,success,0,0.250000,7,1,0,1,8,1.706773,6.000000,0.284462,,,1,"it It is funded by state government, UCSH","It, it is funded by state government, UGC, etcetera",it it is funded by state government ucsh,it it is funded by state government ugc etcetera
elevenlabs_scribe_v2,svarah_test_0023,success,0,0.444444,7,2,0,2,9,1.296832,3.240000,0.400257,,,1,I also like Levi Skrull's Alice in Wonderland.,I also like Lewis Carroll's Alice in Wonderland. It's,i also like levi skrull is alice in wonderland,i also like lewis carroll is alice in wonderland it is
elevenlabs_scribe_v2,svarah_test_0024,success,0,0.000000,6,0,0,0,6,1.233132,2.129563,0.579054,,,1,Mute my reminders for a day!,Mute my reminders for a day,mute my reminders for a day,mute my reminders for a day
elevenlabs_scribe_v2,svarah_test_0025,success,0,0.000000,10,0,0,0,10,1.286380,6.360938,0.202231,,,1,Find all blood banks with A- blood in district Warangal,Find all blood banks with A blood in district Warangal,find all blood banks with a blood in district warangal,find all blood banks with a blood in district warangal
elevenlabs_scribe_v2,svarah_test_0026,success,0,0.047619,21,0,0,1,21,1.747757,10.678500,0.163671,,,1,For people of age group 18+ years is there any Free vaccination centre available in district Jaipur which provides First Dose,"For people of age group above 18 years, is there any free vaccination center available in District Jaipur which provides first dose?",for people of age group 18 years is there any free vaccination center available in district jaipur which provides 1st dose,for people of age group above 18 years is there any free vaccination center available in district jaipur which provides 1st dose
elevenlabs_scribe_v2,svarah_test_0027,success,0,0.000000,7,0,0,0,7,0.886420,2.799625,0.316621,,,1,Start a new email to George Brown,Start a new email to George Brown,start a new email to george brown,start a new email to george brown
elevenlabs_scribe_v2,svarah_test_0028,success,0,0.000000,1,0,0,0,1,0.799707,0.591625,1.351713,,,1,farming,farming,farming,farming
elevenlabs_scribe_v2,svarah_test_0029,success,0,1.000000,0,2,0,0,2,0.931326,1.113000,0.836771,,,1,Chandrashekhar Jha,चंद्रशेखर झा,chandrashekhar jha,चदरशखर झ
elevenlabs_scribe_v2,svarah_test_0030,success,0,0.000000,5,0,0,0,5,0.970013,3.160000,0.306966,,,1,I love doing nature photography.,I love doing nature photography,i love doing nature photography,i love doing nature photography
elevenlabs_scribe_v2,svarah_test_0031,success,0,0.055556,17,1,0,0,18,1.045247,5.859250,0.178393,,,1,"That if someone speaks in English, then he is literate. We can justify that, we can judge that.","That if someone speak in English, then he's literate. We can justify that, we can judge that",that if someone speaks in english then he is literate we can justify that we can judge that,that if someone speak in english then he is literate we can justify that we can judge that
elevenlabs_scribe_v2,svarah_test_0032,success,0,0.200000,5,0,0,1,5,1.574881,3.720250,0.423327,,,1,Also music has a very,"Also, music has a, a very, uh",also music has a very,also music has a a very
elevenlabs_scribe_v2,svarah_test_0033,success,0,1.000000,0,0,1,0,1,0.536416,0.310000,1.730375,,,1,Three,,3,
elevenlabs_scribe_v2,svarah_test_0034,success,0,0.000000,1,0,0,0,1,0.883698,0.430625,2.052129,,,1,Padma,Padma,padma,padma
elevenlabs_scribe_v2,svarah_test_0035,success,0,0.000000,20,0,0,0,20,1.517536,6.638687,0.228590,,,1,The scenes of the movie of John Abraham riding the Suzuki Hayabusa It made me fall in love with biking,"The scenes of the movie of John Abraham riding the Suzuki Hayabusa, it made me fall in love with biking",the scenes of the movie of john abraham riding the suzuki hayabusa it made me fall in love with biking,the scenes of the movie of john abraham riding the suzuki hayabusa it made me fall in love with biking
elevenlabs_scribe_v2,svarah_test_0036,success,0,0.000000,10,0,0,0,10,1.328850,2.768438,0.480000,,,1,and hoping that one of them would turn out good,And hoping that one of them would turn out good,and hoping that one of them would turn out good,and hoping that one of them would turn out good
elevenlabs_scribe_v2,svarah_test_0037,success,0,0.058824,16,1,0,0,17,1.518133,8.461500,0.179417,,,1,The price mentioned for National Gardens Potted Tomato Seeds is not correct as compare to market prices.,The price mentioned for National Gardens potted tomato seeds is not correct as compared to market prices,the price mentioned for national gardens potted tomato seeds is not correct as compare to market prices,the price mentioned for national gardens potted tomato seeds is not correct as compared to market prices
elevenlabs_scribe_v2,svarah_test_0038,success,0,0.000000,10,0,0,0,10,1.082047,6.520000,0.165958,,,1,And so difficult to say a favorite particular favorite quote,"And, uh, so difficult to say, um, a favorite, particular favorite quote",and so difficult to say a favorite particular favorite quote,and so difficult to say a favorite particular favorite quote
elevenlabs_scribe_v2,svarah_test_0039,success,0,0.000000,12,0,0,0,12,1.168654,5.480000,0.213258,,,1,"the religion, or the community, or the race that they belong to,","The religion, um, or the community or the race that they belong to",the religion or the community or the race that they belong to,the religion or the community or the race that they belong to
elevenlabs_scribe_v2,svarah_test_0040,success,0,0.000000,11,0,0,0,11,1.545648,3.530063,0.437853,,,1,Tennis courts have been built for youngsters to learn the sport.,Tennis courts have been built for youngsters to learn the sport,tennis courts have been built for youngsters to learn the sport,tennis courts have been built for youngsters to learn the sport
elevenlabs_scribe_v2,svarah_test_0041,success,0,0.083333,12,0,0,1,12,1.083131,7.043000,0.153788,,,1,"yes it caters different need and different sectors for example, hospitality, agriculture","And yes, it caters different need and different sectors. For example, hospitality, agriculture",yes it caters different need and different sectors for example hospitality agriculture,and yes it caters different need and different sectors for example hospitality agriculture
elevenlabs_scribe_v2,svarah_test_0042,success,0,0.000000,35,0,0,0,35,2.213532,15.625813,0.141659,,,1,"It celebrates the occasion on two days, that is 15th and 16th of August. The festivity is held on such a large scale that even people from neighboring town gather here to witness the spectacle","It celebrates the occasion on two days, that is 15th and 16th of August. The festivity is held on such a large scale that even people from neighboring town gather here to witness the spectacle",it celebrates the occasion on 2 days that is 15th and 16th of august the festivity is held on such a large scale that even people from neighboring town gather here to witness the spectacle,it celebrates the occasion on 2 days that is 15th and 16th of august the festivity is held on such a large scale that even people from neighboring town gather here to witness the spectacle
elevenlabs_scribe_v2,svarah_test_0043,success,0,0.000000,1,0,0,0,1,1.131949,0.514500,2.200096,,,1,On,On,on,on
elevenlabs_scribe_v2,svarah_test_0044,success,0,0.058824,16,1,0,0,17,1.690159,5.823563,0.290228,,,1,The people in a traditional school focus on the subjects that are of the same for everyone,The pupils in a traditional school focus on the subjects that are of the same for everyone,the people in a traditional school focus on the subjects that are of the same for everyone,the pupils in a traditional school focus on the subjects that are of the same for everyone
elevenlabs_scribe_v2,svarah_test_0045,success,0,0.000000,12,0,0,0,12,0.945540,7.051437,0.134092,,,1,"Initially, I used to think that yoga is very hard to practice.","Initially, I used to think that yoga is very hard to practice",initially i used to think that yoga is very hard to practice,initially i used to think that yoga is very hard to practice
elevenlabs_scribe_v2,svarah_test_0046,success,0,0.000000,11,0,0,0,11,1.990350,3.884125,0.512432,,,1,"For example, you might be able to decrease your shipping costs","For example, you might be able to decrease your shipping costs",for example you might be able to decrease your shipping costs,for example you might be able to decrease your shipping costs
elevenlabs_scribe_v2,svarah_test_0047,success,0,0.000000,31,0,0,0,31,2.321256,12.755250,0.181984,,,1,"Apart from these factors, the challenges like salary given to private school teachers is quite meager and they find it quite hard to make their ends meet in such less income.","Apart from these factors, uh, the challenges like salary given to, uh, private school teachers is quite meager, and they find it quite hard to make, uh, their ends meet in such less income",apart from these factors the challenges like salary given to private school teachers is quite meager and they find it quite hard to make their ends meet in such less income,apart from these factors the challenges like salary given to private school teachers is quite meager and they find it quite hard to make their ends meet in such less income
elevenlabs_scribe_v2,svarah_test_0048,success,0,0.272727,10,1,0,2,11,0.886951,4.151438,0.213649,,,1,Show a list of all available vaccination center in State Maharashtra,Show a list of all available vaccination center in state महाराष्ट्र,show a list of all available vaccination center in state maharashtra,show a list of all available vaccination center in state मह र षटर
elevenlabs_scribe_v2,svarah_test_0049,success,0,0.000000,1,0,0,0,1,0.947930,0.622062,1.523850,,,1,Government,Government,government,government
elevenlabs_scribe_v2,svarah_test_0050,success,0,0.105263,18,1,0,1,19,1.840856,9.400875,0.195818,,,1,"So, the matter I took take to paint is nature maybe a same scenery or any animal or flowers","So, uh, the matter I took-- take to paint is nature, maybe a scene- scenery or a- any animal or flowers",so the matter i took take to paint is nature maybe a same scenery or any animal or flowers,so the matter i took take to paint is nature maybe a scene scenery or a any animal or flowers
elevenlabs_scribe_v2,svarah_test_0051,success,0,0.000000,17,0,0,0,17,1.285249,7.465937,0.172148,,,1,"So yes, English plays a very important role in exchanging and communication that is very very important","So yes, English plays a very important role in exchanging and communication. That is very, very important",so yes english plays a very important role in exchanging and communication that is very very important,so yes english plays a very important role in exchanging and communication that is very very important
elevenlabs_scribe_v2,svarah_test_0052,success,0,0.000000,5,0,0,0,5,0.910793,1.867063,0.487821,,,1,more than any other kind,"Uh, more than any other kind",more than any other kind,more than any other kind
elevenlabs_scribe_v2,svarah_test_0053,success,0,0.166667,12,0,0,2,12,1.746481,8.849438,0.197355,,,1,"the 10th day and up to Purnima, people visit to their relatives","The tenth day and up to, uh, Purnima, mm, they people visit to their relate- relatives",the 10th day and up to purnima people visit to their relatives,the 10th day and up to purnima they people visit to their relate relatives
elevenlabs_scribe_v2,svarah_test_0054,success,0,0.500000,3,3,0,0,6,1.022896,1.799375,0.568473,,,1,throng and climb the Baukungri peak,Trons and climb the Bakunguri freak,throng and climb the baukungri peak,trons and climb the bakunguri freak
elevenlabs_scribe_v2,svarah_test_0055,success,0,0.000000,1,0,0,0,1,0.797311,0.560000,1.423770,,,1,Yeah.,Yeah,yeah,yeah
elevenlabs_scribe_v2,svarah_test_0056,success,0,0.000000,1,0,0,0,1,0.879808,0.690750,1.273700,,,1,On,On,on,on
elevenlabs_scribe_v2,svarah_test_0057,success,0,0.000000,1,0,0,0,1,1.162435,0.480000,2.421739,,,1,food,food,food,food
elevenlabs_scribe_v2,svarah_test_0058,success,0,0.000000,11,0,0,0,11,1.111302,3.553187,0.312762,,,1,She is the recipient of several accolades including a Filmfare Award.,"She is the recipient of several accolades, including a Filmfare Award",she is the recipient of several accolades including a filmfare award,she is the recipient of several accolades including a filmfare award
elevenlabs_scribe_v2,svarah_test_0059,success,0,0.000000,17,0,0,0,17,1.202111,5.000000,0.240422,,,1,"So in order to bring all these back, in order to promote our cultural aspects, our cultural","So in order to bring all these back, in order to promote our cultural aspects, our cultural",so in order to bring all these back in order to promote our cultural aspects our cultural,so in order to bring all these back in order to promote our cultural aspects our cultural
elevenlabs_scribe_v2,svarah_test_0060,success,0,0.000000,29,0,0,0,29,1.673714,12.481188,0.134099,,,1,"There, There is something which pulls me towards that book which makes me read again and again and again is the kind of connection I feel with her stories.","There, there is something which pulls me towards that book, which makes me read again and again and again, is the kind of connection I feel with her stories",there there is something which pulls me towards that book which makes me read again and again and again is the kind of connection i feel with her stories,there there is something which pulls me towards that book which makes me read again and again and again is the kind of connection i feel with her stories
elevenlabs_scribe_v2,svarah_test_0061,success,0,0.000000,2,0,0,0,2,0.863627,1.105500,0.781209,,,1,volume level,Volume level,volume level,volume level
elevenlabs_scribe_v2,svarah_test_0062,success,0,0.100000,9,1,0,0,10,1.232863,3.456000,0.356731,,,1,Pay Rs. 500 more to the last scanned QR code,Pay rupees five hundred more to the last scanned QR code,pay rs 500 more to the last scanned qr code,pay rupees 500 more to the last scanned qr code
elevenlabs_scribe_v2,svarah_test_0063,success,0,1.000000,0,0,1,0,1,0.493787,0.287000,1.720511,,,1,Down,,down,
elevenlabs_scribe_v2,svarah_test_0064,success,0,0.000000,16,0,0,0,16,1.219618,10.309375,0.118302,,,1,William Shakespeare is believed to be responsible for the addition of thousands of words new words.,"William Shakespeare is believed to be responsible for the addition of thousands of words, new words",william shakespeare is believed to be responsible for the addition of 1000s of words new words,william shakespeare is believed to be responsible for the addition of 1000s of words new words
elevenlabs_scribe_v2,svarah_test_0065,success,0,0.095238,20,1,0,1,21,1.291839,7.659500,0.168658,,,1,"the people who practice those different religions, they have a high level of tolerance and respect for each other's religion","Well, the people who practice those different religions, they have a high level of tolerance and respect for each other's religions",the people who practice those different religions they have a high level of tolerance and respect for each other is religion,well the people who practice those different religions they have a high level of tolerance and respect for each other is religions
elevenlabs_scribe_v2,svarah_test_0066,success,0,0.000000,9,0,0,0,9,1.870292,5.145000,0.363516,,,1,"Lakshmi Vilas Palace, residence of Vadodara's royal family.","Lakshmi Vilas Palace, residence of Vadodara's royal family",lakshmi vilas palace residence of vadodara is royal family,lakshmi vilas palace residence of vadodara is royal family
elevenlabs_scribe_v2,svarah_test_0067,success,0,0.142857,13,1,0,1,14,1.264485,5.680500,0.222601,,,1,What are the items in Processed Food items with the offer of minimum 40 % ?,What are the items in the processed food items with the offer of minimum forty percent?,what are the items in processed food items with the offer of minimum 40 ,what are the items in the processed food items with the offer of minimum 40%
elevenlabs_scribe_v2,svarah_test_0068,success,0,0.000000,1,0,0,0,1,0.766943,0.332375,2.307463,,,1,Up,Up,up,up
elevenlabs_scribe_v2,svarah_test_0069,success,0,0.000000,9,0,0,0,9,1.472476,5.599687,0.262957,,,1,our festivals which are considered to be the symbols,Our festivals which are considered to be the symbols,our festivals which are considered to be the symbols,our festivals which are considered to be the symbols
elevenlabs_scribe_v2,svarah_test_0070,success,0,1.000000,0,1,0,0,1,0.860250,0.864563,0.995011,,,1,Backward,Backword,backward,backword
elevenlabs_scribe_v2,svarah_test_0071,success,0,0.142857,12,0,2,0,14,1.434229,4.800000,0.298798,,,1,"That is why I like poetry, and it is my favorite genre in writing.","That is why I like poetry, and it is my favorite genre",that is why i like poetry and it is my favorite genre in writing,that is why i like poetry and it is my favorite genre
elevenlabs_scribe_v2,svarah_test_0072,success,0,0.000000,1,0,0,0,1,0.808044,0.433437,1.864268,,,1,Agree,Agree,agree,agree
elevenlabs_scribe_v2,svarah_test_0073,success,0,0.090909,10,1,0,0,11,1.465580,4.160000,0.352303,,,1,The Fine Old English Gentleman is one of his finest poems.,"""A Fine Old English Gentleman"" is one of his finest poems",the fine old english gentleman is one of his finest poems,a fine old english gentleman is one of his finest poems
elevenlabs_scribe_v2,svarah_test_0074,success,0,1.000000,0,1,0,0,1,0.794850,0.794375,1.000598,,,1,Subarnapur,सुवर्णपुर,subarnapur,सवरणपर
elevenlabs_scribe_v2,svarah_test_0075,success,0,0.000000,5,0,0,0,5,1.061257,1.975000,0.537346,,,1,There is no restriction on,There is no restriction on,there is no restriction on,there is no restriction on
elevenlabs_scribe_v2,svarah_test_0076,success,0,0.333333,2,1,0,0,3,0.830938,0.958937,0.866519,,,1,that is noodle.,That is noodles,that is noodle,that is noodles
elevenlabs_scribe_v2,svarah_test_0077,success,0,0.000000,17,0,0,0,17,1.526235,5.701750,0.267678,,,1,"Although a French citizen, she has been brought up and lived most of her life in India.","Although a French citizen, she has been brought up and lived most of her life in India",although a french citizen she has been brought up and lived most of her life in india,although a french citizen she has been brought up and lived most of her life in india
elevenlabs_scribe_v2,svarah_test_0078,success,0,0.000000,19,0,0,0,19,1.562942,7.880375,0.198333,,,1,or may it be any local vendor. They will always be ready to help people coming from outside Odisha.,"Or may it be any, uh, local vendor, they will always be ready to help people coming from outside Odisha",or may it be any local vendor they will always be ready to help people coming from outside odisha,or may it be any local vendor they will always be ready to help people coming from outside odisha
elevenlabs_scribe_v2,svarah_test_0079,success,0,0.500000,1,1,0,0,2,1.132918,0.957125,1.183668,,,1,developing steps,Developing step,developing steps,developing step
elevenlabs_scribe_v2,svarah_test_0080,success,0,0.000000,27,0,0,0,27,2.142104,13.535562,0.158257,,,1,"In India, most states, they focus more on studies and rather less on sports. That is the reason why we have low sports categories in our states","In India, most states, they focus more on studies and rather less on sports. That is the reason why we have, um, low sports categories in our states",in india most states they focus more on studies and rather less on sports that is the reason why we have low sports categories in our states,in india most states they focus more on studies and rather less on sports that is the reason why we have low sports categories in our states
elevenlabs_scribe_v2,svarah_test_0081,success,0,0.000000,5,0,0,0,5,0.825997,2.133938,0.387077,,,1,let me hear my list,Let me hear my list,let me hear my list,let me hear my list
elevenlabs_scribe_v2,svarah_test_0082,success,0,0.000000,14,0,0,0,14,1.051744,6.716500,0.156591,,,1,A reduction in this cost is evidence that you are building a recognized brand.,A reduction in this cost is evidence that you are building a recognized brand,a reduction in this cost is evidence that you are building a recognized brand,a reduction in this cost is evidence that you are building a recognized brand
elevenlabs_scribe_v2,svarah_test_0083,success,0,0.000000,1,0,0,0,1,0.840528,0.663000,1.267764,,,1,Kuwait,Kuwait?,kuwait,kuwait
elevenlabs_scribe_v2,svarah_test_0084,success,0,0.000000,10,0,0,0,10,1.171949,3.327062,0.352247,,,1,Being even a few minutes late may disqualify your submission.,Being even a few minutes late may disqualify your submission,being even a few minutes late may disqualify your submission,being even a few minutes late may disqualify your submission
elevenlabs_scribe_v2,svarah_test_0085,success,0,0.000000,1,0,0,0,1,0.883598,0.540937,1.633457,,,1,Forward,Forward,forward,forward
elevenlabs_scribe_v2,svarah_test_0086,success,0,0.000000,5,0,0,0,5,0.801801,0.904937,0.886030,,,1,i want you to mute,I want you to mute,i want you to mute,i want you to mute
elevenlabs_scribe_v2,svarah_test_0087,success,0,0.000000,1,0,0,0,1,0.850280,0.483000,1.760413,,,1,Three,Three,3,3
elevenlabs_scribe_v2,svarah_test_0088,success,0,0.000000,8,0,0,0,8,1.367570,7.283812,0.187755,,,1,Your MPIN is invalid for mobile number 77341091445,Your MPIN is invalid for mobile number seven seven three four one zero nine one four four five,your mpin is invalid for mobile number 77341091445,your mpin is invalid for mobile number 77341091445
elevenlabs_scribe_v2,svarah_test_0089,success,0,0.000000,3,0,0,0,3,1.093755,0.931562,1.174108,,,1,raise the volume,Raise the volume,raise the volume,raise the volume
elevenlabs_scribe_v2,svarah_test_0090,success,0,0.100000,20,0,0,2,20,1.312762,11.045063,0.118855,,,1,So if they are not using glutes they will tire the their other muscles and that will lead to fatigue.,"So if they are not using glutes, they will, uh, tire the-- their other muscles and that will lead to, you know, fatigue",so if they are not using glutes they will tire the their other muscles and that will lead to fatigue,so if they are not using glutes they will tire the their other muscles and that will lead to you know fatigue
elevenlabs_scribe_v2,svarah_test_0091,success,0,0.000000,6,0,0,0,6,1.198350,2.927625,0.409325,,,1,are being converted into residential sites,are being converted into residential sites,are being converted into residential sites,are being converted into residential sites
elevenlabs_scribe_v2,svarah_test_0092,success,0,0.000000,7,0,0,0,7,0.936975,2.117500,0.442491,,,1,"As I am not a professional singer,",As I'm not a professional singer,as i am not a professional singer,as i am not a professional singer
elevenlabs_scribe_v2,svarah_test_0093,success,0,0.090909,10,1,0,0,11,1.282929,4.880000,0.262895,,,1,But somebody from Mumbai or Bangalore could very well learn Odissi,But somebody from Mumbai or Bangalore could very well learn Odyssey,but somebody from mumbai or bangalore could very well learn odissi,but somebody from mumbai or bangalore could very well learn odyssey
elevenlabs_scribe_v2,svarah_test_0094,success,0,0.000000,8,0,0,0,8,0.905278,3.168625,0.285701,,,1,and use them in our bath powders or,"and use them in our bath powders or, um",and use them in our bath powders or,and use them in our bath powders or
elevenlabs_scribe_v2,svarah_test_0095,success,0,0.222222,9,0,0,2,9,1.232549,7.183375,0.171584,,,1,"Well, I was not a student of English medium.","Well, I was a, uh, not a student of, uh, English, uh, m-medium",well i was not a student of english medium,well i was a not a student of english m medium
elevenlabs_scribe_v2,svarah_test_0096,success,0,0.000000,1,0,0,0,1,1.720012,0.850000,2.023544,,,1,agriculture,Agriculture,agriculture,agriculture
elevenlabs_scribe_v2,svarah_test_0097,success,0,0.000000,7,0,0,0,7,1.169766,3.803500,0.307550,,,1,its multiple subplots and the complicated plot,Its multiple subplots and the complicated plot,its multiple subplots and the complicated plot,its multiple subplots and the complicated plot
elevenlabs_scribe_v2,svarah_test_0098,success,0,0.000000,13,0,0,0,13,1.256057,8.324312,0.150890,,,1,So after the celebration all the materials that is gathered or collected are,"So after the celebration, all the materials, uh, that is gathered or collected are",so after the celebration all the materials that is gathered or collected are,so after the celebration all the materials that is gathered or collected are
elevenlabs_scribe_v2,svarah_test_0099,success,0,0.105263,18,1,0,1,19,1.737519,11.592813,0.149879,,,1,Can you help in searching for ESIC Centres located in area with pincode 198753 and centre type IMP Clinic,Can you help in searching for ESIC centers located in area with pin code one nine eight seven five three and center type IMP clinic?,can you help in searching for esic centers located in area with pincode 198753 and center type imp clinic,can you help in searching for esic centers located in area with pin code 198753 and center type imp clinic
elevenlabs_scribe_v2,svarah_test_0100,success,0,0.000000,15,0,0,0,15,1.441021,6.168500,0.233610,,,1,Social media and online education platforms plays a vital role in the field of education.,Social media and online education platforms plays a vital role in the field of education,social media and online education platforms plays a vital role in the field of education,social media and online education platforms plays a vital role in the field of education
elevenlabs_scribe_v2,svarah_test_0101,success,0,1.000000,0,1,0,0,1,0.776440,0.546875,1.419777,,,1,Off,of,off,of
elevenlabs_scribe_v2,svarah_test_0102,success,0,0.250000,7,1,0,1,8,1.353874,5.298687,0.255511,,,1,compare to other languages English has wider audience,"Compared to other languages, English has a wider audience",compare to other languages english has wider audience,compared to other languages english has a wider audience
elevenlabs_scribe_v2,svarah_test_0103,success,0,0.125000,7,1,0,0,8,1.770706,3.324125,0.532683,,,1,Bangalore is known as a city of entrepreneurs.,Bangalore is known as the city of entrepreneurs,bangalore is known as a city of entrepreneurs,bangalore is known as the city of entrepreneurs
elevenlabs_scribe_v2,svarah_test_0104,success,0,0.000000,19,0,0,0,19,1.996972,8.204875,0.243388,,,1,Tell me how to link multiple bank accounts and transfer money between my own accounts in Maharashtra Gramin Bank,Tell me how to link multiple bank accounts and transfer money between my own accounts in Maharashtra Gramin Bank.,tell me how to link multiple bank accounts and transfer money between my own accounts in maharashtra gramin bank,tell me how to link multiple bank accounts and transfer money between my own accounts in maharashtra gramin bank
elevenlabs_scribe_v2,svarah_test_0105,success,0,0.000000,1,0,0,0,1,0.890307,0.996687,0.893266,,,1,Previous,Previous,previous,previous
elevenlabs_scribe_v2,svarah_test_0106,success,0,0.000000,10,0,0,0,10,1.096619,3.796250,0.288869,,,1,Attacks targeting police have become common in the Nangarhar province,Attacks targeting police have become common in the Nangarhar province,attacks targeting police have become common in the nangarhar province,attacks targeting police have become common in the nangarhar province
elevenlabs_scribe_v2,svarah_test_0107,success,0,0.111111,8,0,1,0,9,1.727552,4.240000,0.407441,,,1,"In North Bihar, there is a lot of flooding,","In North Bihar, there is lot of flooding, uh",in north bihar there is a lot of flooding,in north bihar there is lot of flooding
elevenlabs_scribe_v2,svarah_test_0108,success,0,0.000000,10,0,0,0,10,1.451137,4.359000,0.332906,,,1,Capturing candid moment can make a great portrait I think.,"Capturing candid moment can make a great portrait, I think",capturing candid moment can make a great portrait i think,capturing candid moment can make a great portrait i think
elevenlabs_scribe_v2,svarah_test_0109,success,0,0.000000,7,0,0,0,7,1.384150,3.001875,0.461095,,,1,The art and craft of our state,The art and craft of our state,the art and craft of our state,the art and craft of our state
elevenlabs_scribe_v2,svarah_test_0110,success,0,0.000000,9,0,0,0,9,1.137986,3.060062,0.371883,,,1,Can I get my order delivered after 2 Hours,Can I get my order delivered after two hours?,can i get my order delivered after 2 hours,can i get my order delivered after 2 hours
elevenlabs_scribe_v2,svarah_test_0111,success,0,0.200000,8,1,1,0,10,1.364137,4.539500,0.300504,,,1,Chhath Puja is a folk festival that lasts four days.,Chhath Puja is folk festival that lasts for days,chhath puja is a folk festival that lasts 4 days,chhath puja is folk festival that lasts for days
elevenlabs_scribe_v2,svarah_test_0112,success,0,0.000000,1,0,0,0,1,0.783853,0.477500,1.641578,,,1,One,One,one,one
elevenlabs_scribe_v2,svarah_test_0113,success,0,1.000000,0,1,0,0,1,0.793073,0.435125,1.822633,,,1,On,Oh,on,0
elevenlabs_scribe_v2,svarah_test_0114,success,0,0.040000,24,1,0,0,25,2.069581,12.950000,0.159813,,,1,"So the first day of Bohag Bihu is called Guru Bihu. In this Bihu, bulls or cows are bathed in the bank of a river.","So, the first day of Bohag Bihu is called Goru Bihu. Uh, in this Bihu, uh, bulls or cows are bathed in the bank of a river",so the 1st day of bohag bihu is called guru bihu in this bihu bulls or cows are bathed in the bank of a river,so the 1st day of bohag bihu is called goru bihu in this bihu bulls or cows are bathed in the bank of a river
elevenlabs_scribe_v2,svarah_test_0115,success,0,0.000000,11,0,0,0,11,0.971939,3.100000,0.313529,,,1,"Now taking the government schools into account, not much was done","Now taking the government schools into account, not much was done",now taking the government schools into account not much was done,now taking the government schools into account not much was done
elevenlabs_scribe_v2,svarah_test_0116,success,0,0.000000,10,0,0,0,10,0.932924,3.160000,0.295229,,,1,We have a composter at our garden in our house,We have a composter at our garden in our house,we have a composter at our garden in our house,we have a composter at our garden in our house
elevenlabs_scribe_v2,svarah_test_0117,success,0,0.000000,11,0,0,0,11,0.841442,2.797750,0.300757,,,1,What remaining bills do I have to pay for this month ?,What remaining bills do I have to pay for this month?,what remaining bills do i have to pay for this month,what remaining bills do i have to pay for this month
elevenlabs_scribe_v2,svarah_test_0118,success,0,0.000000,5,0,0,0,5,0.896843,3.558625,0.252020,,,1,Indian English speakers of English,Indian English speakers of English,indian english speakers of english,indian english speakers of english
elevenlabs_scribe_v2,svarah_test_0119,success,0,0.000000,10,0,0,0,10,1.612621,5.561687,0.289952,,,1,Chalazion surgery is a safe procedure and complications seldom occur.,Chalazion surgery is a safe procedure and complications seldom occur,chalazion surgery is a safe procedure and complications seldom occur,chalazion surgery is a safe procedure and complications seldom occur
elevenlabs_scribe_v2,svarah_test_0120,success,0,0.066667,14,1,0,0,15,1.240439,7.148937,0.173514,,,1,Can you add 120 gm The Laughing Cow Creamy Cheese Triangles to my shopping list?,Can you add 120 gram the laughing cow creamy cheese triangles to my shopping list?,can you add 120 gm the laughing cow creamy cheese triangles to my shopping list,can you add 120 gram the laughing cow creamy cheese triangles to my shopping list
elevenlabs_scribe_v2,svarah_test_0121,success,0,0.333333,2,1,0,0,3,0.759239,0.966000,0.785962,,,1,One is their,One is there,one is their,one is there
elevenlabs_scribe_v2,svarah_test_0122,success,0,0.021739,46,0,0,1,46,1.442636,26.609750,0.054215,,,1,"as the story developed, which is set in the time of the English Civil War in the 17th century, it became really very interesting and also described not only the culture and the social mores of the period, but also developed into a very good storyline.","Uh, as the story developed, uh, which is set in the time of the English Civil War in the 17th century, it became really, um, uh, very interesting and, uh, also described the, not only the culture and the social mores of the period, but also, uh, developed, uh, into a very good storyline",as the story developed which is set in the time of the english civil war in the 17th century it became really very interesting and also described not only the culture and the social mores of the period but also developed into a very good storyline,as the story developed which is set in the time of the english civil war in the 17th century it became really very interesting and also described the not only the culture and the social mores of the period but also developed into a very good storyline
elevenlabs_scribe_v2,svarah_test_0123,success,0,0.000000,10,0,0,0,10,0.976377,3.702750,0.263690,,,1,Can you send money to unsaved mobile numbers in Pay,Can you send money to unsaved mobile numbers in Pay,can you send money to unsaved mobile numbers in pay,can you send money to unsaved mobile numbers in pay
elevenlabs_scribe_v2,svarah_test_0124,success,0,0.000000,32,0,0,0,32,1.760167,16.597000,0.106053,,,1,"Kerala's cultural heritage is centuries old. The culture of Kerala is an amalgam of native art forms, language, literature, architectural style, music, festivals, cuisine, archaeological monuments, heritage centers and so on","Kerala's cultural heritage is centuries old. The culture of Kerala is an amalgam of native art forms, language, literature, architectural style, music, festivals, cuisine, archaeological monuments, heritage centers, and so on",kerala is cultural heritage is centuries old the culture of kerala is an amalgam of native art forms language literature architectural style music festivals cuisine archaeological monuments heritage centers and so on,kerala is cultural heritage is centuries old the culture of kerala is an amalgam of native art forms language literature architectural style music festivals cuisine archaeological monuments heritage centers and so on
elevenlabs_scribe_v2,svarah_test_0125,success,0,1.000000,0,0,1,0,1,0.533678,0.135313,3.944044,,,1,Up,,up,
elevenlabs_scribe_v2,svarah_test_0126,success,0,0.083333,11,1,0,0,12,1.386012,9.000000,0.154001,,,1,"So the climate here in Kanimpung, the winter are a bit cold,","So the climate here in Kalimpong, uh, the winter are a bit cold",so the climate here in kanimpung the winter are a bit cold,so the climate here in kalimpong the winter are a bit cold
elevenlabs_scribe_v2,svarah_test_0127,success,0,0.000000,2,0,0,0,2,0.836632,1.720000,0.486414,,,1,in 1864,In 1864,in 1864,in 1864
elevenlabs_scribe_v2,svarah_test_0128,success,0,0.076923,12,1,0,0,13,1.780232,7.852688,0.226704,,,1,"It is famous for many cultural traditions like Kirtan, Natak, Allah Rudal etc.","Uh, it is famous for many, uh, cultural traditions like kirtan, natak, Allah Rudal, etcetera",it is famous for many cultural traditions like kirtan natak allah rudal etc,it is famous for many cultural traditions like kirtan natak allah rudal etcetera
elevenlabs_scribe_v2,svarah_test_0129,success,0,0.000000,18,0,0,0,18,1.414142,9.410500,0.150273,,,1,"HIV directly infects a small number of T helper cells, and also impairs other immune system responses indirectly.",HIV directly infects a small number of T helper cells and also impairs other immune system responses indirectly,hiv directly infects a small number of t helper cells and also impairs other immune system responses indirectly,hiv directly infects a small number of t helper cells and also impairs other immune system responses indirectly
elevenlabs_scribe_v2,svarah_test_0130,success,0,2.333333,0,6,0,8,6,2.267219,4.808438,0.471508,,,1,"London, Singapore, New York, Bangkok, Dubai.",லண்டன் சிங்கப்பூர் நியூயார்க் பேங்காக் துபாய்,london singapore new york bangkok dubai,லணடன ச ஙகபப ர ந ய ய ரக ப ஙக க த ப ய
elevenlabs_scribe_v2,svarah_test_0131,success,0,0.125000,7,1,0,0,8,1.451157,4.379187,0.331376,,,1,Add Fendo Two Fold Umbrella worth rupees R,Add Fendo two fold umbrella worth rupees are,add fendo 2 fold umbrella worth rupees r,add fendo 2 fold umbrella worth rupees are
elevenlabs_scribe_v2,svarah_test_0132,success,0,0.250000,3,1,0,0,4,0.892624,1.900062,0.469787,,,1,students girls students with,"Students, uh, girl students with",students girls students with,students girl students with
elevenlabs_scribe_v2,svarah_test_0133,success,0,0.000000,17,0,0,0,17,0.910871,5.520000,0.165013,,,1,What was the last book you read that really impacted you and how did it do so?,"What was the last book you read that really impacted you, and how did it do so?",what was the last book you read that really impacted you and how did it do so,what was the last book you read that really impacted you and how did it do so
elevenlabs_scribe_v2,svarah_test_0134,success,0,0.000000,23,0,0,0,23,1.391243,8.542125,0.162869,,,1,"Chandigarh IT Park, also known as Rajiv Gandhi Chandigarh Technology Park, is the city's attempt to break into the information technology world.","Chandigarh IT Park, also known as Rajiv Gandhi Chandigarh Technology Park, is the city's attempt to break into the information technology world",chandigarh it park also known as rajiv gandhi chandigarh technology park is the city is attempt to break into the information technology world,chandigarh it park also known as rajiv gandhi chandigarh technology park is the city is attempt to break into the information technology world
elevenlabs_scribe_v2,svarah_test_0135,success,0,0.250000,3,1,0,0,4,1.134260,2.118250,0.535470,,,1,save my music preferences,"So, my music preferences",save my music preferences,so my music preferences
elevenlabs_scribe_v2,svarah_test_0136,success,0,1.000000,0,1,0,0,1,0.787372,0.443188,1.776611,,,1,Tree,Three,tree,3
elevenlabs_scribe_v2,svarah_test_0137,success,0,0.000000,25,0,0,0,25,1.687100,20.658375,0.081667,,,1,discrimination is also a big issue in schools and colleges discrimination based on caste and religion is very much pronounced in Gujarat's education system,Discrimination is also a big issue in schools and colleges. Discrimination based on caste and religion is very much pronounced in Gujarat's education system,discrimination is also a big issue in schools and colleges discrimination based on caste and religion is very much pronounced in gujarat is education system,discrimination is also a big issue in schools and colleges discrimination based on caste and religion is very much pronounced in gujarat is education system
elevenlabs_scribe_v2,svarah_test_0138,success,0,0.000000,8,0,0,0,8,1.538938,6.399687,0.240471,,,1,culture values are also changing with their forms,"Culture, values are also changing with their forms",culture values are also changing with their forms,culture values are also changing with their forms
elevenlabs_scribe_v2,svarah_test_0139,success,0,0.076923,12,1,0,0,13,1.427518,6.540625,0.218254,,,1,"When people live together in a society, these are there this results automatically.","When people live together in a society, these, uh, are the-- this results automatically",when people live together in a society these are there this results automatically,when people live together in a society these are the this results automatically
elevenlabs_scribe_v2,svarah_test_0140,success,0,2.000000,0,6,0,6,6,2.210865,9.640000,0.229343,,,1,"Kamrup metro Nalbari, Nagaon, Sonitpur, Lakhimpur.","कामरूप मेट्रो, नलबारी, नगांव, सोनीतपुर, लखीमपुर",kamrup metro nalbari nagaon sonitpur lakhimpur,क मरप मटर नलब र नग व स न तपर लख मपर
elevenlabs_scribe_v2,svarah_test_0141,success,0,1.000000,0,1,0,0,1,1.263309,0.503687,2.508121,,,1,Katak,Kattak,katak,kattak
elevenlabs_scribe_v2,svarah_test_0142,success,0,0.333333,2,0,1,0,3,0.904536,1.012063,0.893756,,,1,The answer is,Answer is,the answer is,answer is
elevenlabs_scribe_v2,svarah_test_0143,success,0,0.000000,28,0,0,0,28,1.342281,9.999813,0.134231,,,1,"It cannot be denied that opportunities have increased. There were also suggestions of making some villages model villages, but those ended only in the stage of an idea","It cannot be denied that opportunities have increased. There were also suggestions of making some villages model villages, but those ended only in the stage of an idea",it cannot be denied that opportunities have increased there were also suggestions of making some villages model villages but those ended only in the stage of an idea,it cannot be denied that opportunities have increased there were also suggestions of making some villages model villages but those ended only in the stage of an idea
elevenlabs_scribe_v2,svarah_test_0144,success,0,0.000000,15,0,0,0,15,1.480319,4.607062,0.321315,,,1,"At any time during this phase, the car dealer may offer to settle with you.","At any time during this phase, the car dealer may offer to settle with you",at any time during this phase the car dealer may offer to settle with you,at any time during this phase the car dealer may offer to settle with you
elevenlabs_scribe_v2,svarah_test_0145,success,0,0.000000,1,0,0,0,1,0.930745,0.680125,1.368490,,,1,Yes,Yes,yes,yes
elevenlabs_scribe_v2,svarah_test_0146,success,0,0.166667,5,1,0,0,6,1.146667,2.485562,0.461331,,,1,and some of the main festivals,And some of the main festival,and some of the main festivals,and some of the main festival
elevenlabs_scribe_v2,svarah_test_0147,success,0,0.117647,15,2,0,0,17,1.106562,6.481375,0.170730,,,1,Why did I get zero discount when the Slurrp Farm Oats Instant Powder mentioned 90 % on order,Why did I get zero discount when the Slurp Farm Oats Instant Powder mentioned 90% on order?,why did i get 0 discount when the slurrp farm oats instant powder mentioned 90 on order,why did i get 0 discount when the slurp farm oats instant powder mentioned 90% on order
elevenlabs_scribe_v2,svarah_test_0148,success,0,0.000000,14,0,0,0,14,1.053707,5.549688,0.189868,,,1,Can I change my delivery date from 11-9-2021 TO 23-4-2020 ?,Can I change my delivery date from 11/9/2021 to 23/4/2020?,can i change my delivery date from 11 9 2021 to 23 4 2020,can i change my delivery date from 11 9 2021 to 23 4 2020
elevenlabs_scribe_v2,svarah_test_0149,success,0,0.000000,1,0,0,0,1,0.727264,0.379250,1.917638,,,1,Yes,Yes,yes,yes
elevenlabs_scribe_v2,svarah_test_0150,success,0,0.071429,26,2,0,0,28,1.996627,11.637250,0.171572,,,1,he Padanilam or the battlefield is a paddy field adjacent to the famous Ochera Parabrahma temple and the festivities are part of a ritual associated with the shrine,"The Padanilam or the battlefield is a paddy field adjacent to the famous Ochira Parabrahma Temple, and the festivities are part of a ritual associated with the shrine",he padanilam or the battlefield is a paddy field adjacent to the famous ochera parabrahma temple and the festivities are part of a ritual associated with the shrine,the padanilam or the battlefield is a paddy field adjacent to the famous ochira parabrahma temple and the festivities are part of a ritual associated with the shrine
elevenlabs_scribe_v2,svarah_test_0151,success,0,0.000000,11,0,0,0,11,1.242137,4.499937,0.276034,,,1,"is the head of the government, heading the council of ministers.","is the head of the government heading the Council of, uh, Ministers",is the head of the government heading the council of ministers,is the head of the government heading the council of ministers
elevenlabs_scribe_v2,svarah_test_0152,success,0,0.000000,1,0,0,0,1,0.843744,0.824375,1.023495,,,1,House,House,house,house
elevenlabs_scribe_v2,svarah_test_0153,success,0,0.000000,8,0,0,0,8,1.322812,3.129125,0.422742,,,1,Some popular beaches in my state Odisha are,Some popular beaches in my state Odisha are,some popular beaches in my state odisha are,some popular beaches in my state odisha are
elevenlabs_scribe_v2,svarah_test_0154,success,0,0.000000,18,0,0,0,18,1.560634,8.267375,0.188770,,,1,The child with special needs are now accommodated in regular schools where school has resource rooms for them,The child with special needs are now accommodated in regular schools where school has resource rooms for them,the child with special needs are now accommodated in regular schools where school has resource rooms for them,the child with special needs are now accommodated in regular schools where school has resource rooms for them
elevenlabs_scribe_v2,svarah_test_0155,success,0,0.000000,20,0,0,0,20,1.787601,8.100625,0.220674,,,1,"But yeah, it wouldn't harm to represent regional languages a bit more in a quest to keep them alive.","But yeah, it wouldn't harm to represent regional languages a bit more in a quest to keep them alive",but yeah it would not harm to represent regional languages a bit more in a quest to keep them alive,but yeah it would not harm to represent regional languages a bit more in a quest to keep them alive
elevenlabs_scribe_v2,svarah_test_0156,success,0,0.000000,32,0,0,0,32,2.222601,15.817250,0.140518,,,1,"Some local art forms or crafts that are unique to my district are Bagurumba dance, silk rearing, and weaving. Bagurumba is a dance form performed by women folk belonging to Boro community.","Some local art forms or crafts that are unique to my district are Bagurumba dance, silk rearing, and weaving. Bagurumba is a dance form performed by women folk belonging to Boro community",some local art forms or crafts that are unique to my district are bagurumba dance silk rearing and weaving bagurumba is a dance form performed by women folk belonging to boro community,some local art forms or crafts that are unique to my district are bagurumba dance silk rearing and weaving bagurumba is a dance form performed by women folk belonging to boro community
elevenlabs_scribe_v2,svarah_test_0157,success,0,0.000000,1,0,0,0,1,0.837746,0.541250,1.547799,,,1,Jump,Jump,jump,jump
elevenlabs_scribe_v2,svarah_test_0158,success,0,0.000000,12,0,0,0,12,1.326401,5.600000,0.236857,,,1,"Language, though a means of communication, is naturally the expression or representation","Language, though a means of communication, is naturally the expression or representation",language though a means of communication is naturally the expression or representation,language though a means of communication is naturally the expression or representation
elevenlabs_scribe_v2,svarah_test_0159,success,0,1.000000,0,0,1,0,1,0.483382,0.227875,2.121259,,,1,Three,,3,
elevenlabs_scribe_v2,svarah_test_0160,success,0,0.240000,21,4,0,2,25,2.360284,14.968750,0.157681,,,1,"Education for girls is top priorities in our state after our Prime Minister Shri Narendra Modi ji has given the slogan, Beti Bachao, Beti Padhao.","Education for girls is top priorities in our state after our Prime Minister Shri Narendra Modi Ji has given the slogan ""बेटी बचाओ, बेटी पढ़ाओ""",education for girls is top priorities in our state after our prime minister shri narendra modi ji has given the slogan beti bachao beti padhao,education for girls is top priorities in our state after our prime minister shri narendra modi ji has given the slogan बट बच ओ बट पढ ओ
elevenlabs_scribe_v2,svarah_test_0161,success,0,0.107143,26,2,0,1,28,1.821536,14.830312,0.122825,,,1,"The present district of South 24 Parganas came into existence on March 1, 1986. It then comprised of two subdivisions, namely, Alipur and Diamond Harbour, and 30 blocks.","The present district of South 24 Parganas came into existence on March 1st, 1986. It then comprised of two subdivisions, namely Alipore and Di- Diamond Harbour, and 30 blocks",the present district of south 24 parganas came into existence on march one 1986 it then comprised of 2 subdivisions namely alipur and diamond harbor and 30 blocks,the present district of south 24 parganas came into existence on march 1st 1986 it then comprised of 2 subdivisions namely alipore and di diamond harbor and 30 blocks
elevenlabs_scribe_v2,svarah_test_0162,success,0,0.086957,22,1,0,1,23,1.315192,6.160312,0.213494,,,1,"or what are the things that you should try in the state, they will also help maybe it may be a shop person","Or what are the thing that you should try in the state, they will also help. Maybe it, may it be a shop person",or what are the things that you should try in the state they will also help maybe it may be a shop person,or what are the thing that you should try in the state they will also help maybe it may it be a shop person
elevenlabs_scribe_v2,svarah_test_0163,success,0,0.000000,1,0,0,0,1,0.787010,0.521062,1.510394,,,1,Wow,Wow!,wow,wow
elevenlabs_scribe_v2,svarah_test_0164,success,0,0.000000,5,0,0,0,5,1.386683,2.880000,0.481487,,,1,"like manganese, limestone, and pyrite,","Like manganese, limestone and pyrite",like manganese limestone and pyrite,like manganese limestone and pyrite
elevenlabs_scribe_v2,svarah_test_0165,success,0,1.000000,0,1,0,0,1,0.765483,0.415125,1.843982,,,1,Tree,Three,tree,3
elevenlabs_scribe_v2,svarah_test_0166,success,0,0.000000,14,0,0,0,14,1.467535,5.116375,0.286831,,,1,Open my transaction history for the last 24 hours and mute the contact Wahida,Open my transaction history for the last twenty-four hours and mute the contact Wahida,open my transaction history for the last 24 hours and mute the contact wahida,open my transaction history for the last 24 hours and mute the contact wahida
elevenlabs_scribe_v2,svarah_test_0167,success,0,0.000000,17,0,0,0,17,1.450074,10.590375,0.136924,,,1,"Sports teach a person sportsman spirit, hard work, alertness, acceptance, and discipline more than any other source.","Sports teach a person sportsman spirit, hard work, alertness, acceptance, and discipline more than any other source",sports teach a person sportsman spirit hard work alertness acceptance and discipline more than any other source,sports teach a person sportsman spirit hard work alertness acceptance and discipline more than any other source
elevenlabs_scribe_v2,svarah_test_0168,success,0,0.115385,24,2,0,1,26,1.901433,15.202625,0.125073,,,1,Can you transfer Rs. 400 to my 6844663153262 in IndusInd Bank fortnightly via PayUmoney and give me an alert in case the balance goes below that?,Can you transfer rupees 400 to my 6844663153262 in IndusInd Bank fortnightly via PayYou Money and give me an alert in case the balance goes below that?,can you transfer rs 400 to my 6844663153262 in indusind bank fortnightly via payumoney and give me an alert in case the balance goes below that,can you transfer rupees 400 to my 6844663153262 in indusind bank fortnightly via payyou money and give me an alert in case the balance goes below that
elevenlabs_scribe_v2,svarah_test_0169,success,0,0.000000,5,0,0,0,5,1.202127,2.420000,0.496747,,,1,by making transactions on Limeroad,By making transactions on LimeRoad,by making transactions on limeroad,by making transactions on limeroad
elevenlabs_scribe_v2,svarah_test_0170,success,0,1.000000,0,0,1,0,1,0.583928,0.210437,2.774827,,,1,Up,,up,
elevenlabs_scribe_v2,svarah_test_0171,success,0,0.055556,18,0,0,1,18,2.288189,7.891312,0.289963,,,1,A cruise boat service has been started by the tourism department for visitors to the dam and reservoir.,A cruise boat service has been started by the tourism department for the visitors to the dam and reservoir,a cruise boat service has been started by the tourism department for visitors to the dam and reservoir,a cruise boat service has been started by the tourism department for the visitors to the dam and reservoir
elevenlabs_scribe_v2,svarah_test_0172,success,0,0.000000,1,0,0,0,1,0.795709,0.443375,1.794663,,,1,Learn,Learn,learn,learn
elevenlabs_scribe_v2,svarah_test_0173,success,0,0.052632,18,1,0,0,19,1.467751,6.903562,0.212608,,,1,Najib's dream was to work in the Persian Gulf states and earn enough money to send back home,Najeeb's dream was to work in the Persian Gulf states and earn enough money to send back home,najib is dream was to work in the persian gulf states and earn enough money to send back home,najeeb is dream was to work in the persian gulf states and earn enough money to send back home
elevenlabs_scribe_v2,svarah_test_0174,success,0,0.000000,3,0,0,0,3,1.003577,1.404125,0.714734,,,1,"Yeah, mostly through","Yeah, mostly through",yeah mostly through,yeah mostly through
elevenlabs_scribe_v2,svarah_test_0175,success,0,1.000000,0,1,0,0,1,0.807772,0.424250,1.904000,,,1,Nila,Neela,nila,neela
elevenlabs_scribe_v2,svarah_test_0176,success,0,0.000000,11,0,0,0,11,1.358432,4.939312,0.275025,,,1,brainwashing a child towards a particular religion is a strict no,"Uh, brainwashing, uh, a child towards a particular religion is a strict no",brainwashing a child towards a particular religion is a strict no,brainwashing a child towards a particular religion is a strict no
elevenlabs_scribe_v2,svarah_test_0177,success,0,0.000000,11,0,0,0,11,1.142227,5.678750,0.201141,,,1,Is there any Kids vaccination centre in the PIN Code 967045,Is there any kids vaccination center in the pin code nine six seven zero four five?,is there any kids vaccination center in the pin code 967045,is there any kids vaccination center in the pin code 967045
elevenlabs_scribe_v2,svarah_test_0178,success,0,0.050000,19,1,0,0,20,1.286383,7.094688,0.181316,,,1,"Davis was back in prison and admitted a role in a different armed robbery, at a Bank of Cyprus branch.",Davis was back in prison and admitted a role in a different armed robbery at a Bank of Cypress branch,davis was back in prison and admitted a role in a different armed robbery at a bank of cyprus branch,davis was back in prison and admitted a role in a different armed robbery at a bank of cypress branch
elevenlabs_scribe_v2,svarah_test_0179,success,0,0.000000,13,0,0,0,13,1.268637,4.597000,0.275971,,,1,we have seen the assimilation of the culture in English language in India.,We have seen the assimilation of the culture in English language in India,we have seen the assimilation of the culture in english language in india,we have seen the assimilation of the culture in english language in india
elevenlabs_scribe_v2,svarah_test_0180,success,0,0.000000,1,0,0,0,1,0.837944,0.505938,1.656220,,,1,Go,Go,go,go
elevenlabs_scribe_v2,svarah_test_0181,success,0,0.066667,14,1,0,0,15,1.517728,6.125375,0.247777,,,1,Why did I get zero discount when the Garden Raita Boondi mentioned 40 % on order,Why did I get zero discount when the Garden Raita Boondi mentioned 40% on order?,why did i get 0 discount when the garden raita boondi mentioned 40 on order,why did i get 0 discount when the garden raita boondi mentioned 40% on order
elevenlabs_scribe_v2,svarah_test_0182,success,0,0.000000,8,0,0,0,8,1.316019,3.024000,0.435191,,,1,"Despite a defeat of Ladakh by the Mughals,",Despite a defeat of Ladakh by the Mughals,despite a defeat of ladakh by the mughals,despite a defeat of ladakh by the mughals
elevenlabs_scribe_v2,svarah_test_0183,success,0,0.142857,6,1,0,0,7,1.169645,2.471812,0.473193,,,1,Can you tell us about their work?,Can you tell us about the work?,can you tell us about their work,can you tell us about the work
elevenlabs_scribe_v2,svarah_test_0184,success,0,0.071429,14,0,0,1,14,1.822824,6.639375,0.274547,,,1,"During which several architecture, literature and monuments have been built by the British Empire.","Uh, during which several a-architecture, literature, and monuments have been built by the British Empire",during which several architecture literature and monuments have been built by the british empire,during which several a architecture literature and monuments have been built by the british empire
elevenlabs_scribe_v2,svarah_test_0185,success,0,2.000000,0,2,0,2,2,0.950766,2.484062,0.382746,,,1,Sunitpur Dhubri,"सोनितपुर, धुबरी",sunitpur dhubri,स न तपर धबर
elevenlabs_scribe_v2,svarah_test_0186,success,0,0.000000,13,0,0,0,13,1.610676,8.510875,0.189249,,,1,that to have a round shaped roti was an impossible task for me.,that to have a round shaped roti was an impossible task for me,that to have a round shaped roti was an impossible task for me,that to have a round shaped roti was an impossible task for me
elevenlabs_scribe_v2,svarah_test_0187,success,0,0.000000,11,0,0,0,11,2.396603,9.872125,0.242765,,,1,"working and what impact it had on people. And so, yeah.","Working and what impact it had on people and so, um, yeah",working and what impact it had on people and so yeah,working and what impact it had on people and so yeah
elevenlabs_scribe_v2,svarah_test_0188,success,0,0.045455,21,1,0,0,22,1.719766,9.000000,0.191085,,,1,"In the 21st century, the entire world has become narrow, accessible, shareable and familiar for all the people living on this earth.","In the 21st century, the entire world has become narrow, accessible, shareable, and familiar for all the people living on this planet",in the 21st century the entire world has become narrow accessible shareable and familiar for all the people living on this earth,in the 21st century the entire world has become narrow accessible shareable and familiar for all the people living on this planet
elevenlabs_scribe_v2,svarah_test_0189,success,0,0.000000,8,0,0,0,8,1.431343,3.239813,0.441798,,,1,"lockdown period, last three years, so to say","lockdown period last three years, so to say",lockdown period last 3 years so to say,lockdown period last 3 years so to say
elevenlabs_scribe_v2,svarah_test_0190,success,0,0.000000,1,0,0,0,1,0.883719,0.511188,1.728756,,,1,Right,Right,right,right
elevenlabs_scribe_v2,svarah_test_0191,success,0,0.666667,1,2,0,0,3,0.928759,1.725250,0.538333,,,1,Add Rs 500,Eight rupees five hundred,add rs 500,8 rupees 500
elevenlabs_scribe_v2,svarah_test_0192,success,0,0.000000,14,0,0,0,14,1.308967,4.112563,0.318285,,,1,"If so, what is it and why do you keep coming back to it?","If so, what is it and why do you keep coming back to it?",if so what is it and why do you keep coming back to it,if so what is it and why do you keep coming back to it
elevenlabs_scribe_v2,svarah_test_0193,success,0,0.111111,9,0,0,1,9,1.301183,3.449750,0.377182,,,1,"So, there are so many bodies who are working","So there are so, so many bodies who are working",so there are so many bodies who are working,so there are so so many bodies who are working
elevenlabs_scribe_v2,svarah_test_0194,success,0,0.000000,1,0,0,0,1,0.760470,0.335375,2.267523,,,1,Dog,Dog,dog,dog
elevenlabs_scribe_v2,svarah_test_0195,success,0,0.000000,1,0,0,0,1,1.206390,0.359438,3.356327,,,1,Three,Three,3,3
elevenlabs_scribe_v2,svarah_test_0196,success,0,0.000000,18,0,0,0,18,1.776851,18.760000,0.094715,,,1,"Previously, it used to be the richer people's language or only few people can talk in English.","Previously, it used to be the, uh, richer people's, uh, language or, uh, only few people can talk in English",previously it used to be the richer people is language or only few people can talk in english,previously it used to be the richer people is language or only few people can talk in english
elevenlabs_scribe_v2,svarah_test_0197,success,0,0.416667,10,2,0,3,12,1.821820,11.802875,0.154354,,,1,"Like that, I already mentioned the title of this book, Jeewan Kadegaful.","Uh, like that, uh, I already mentioned the title of this book, uh, जीवन काँडेको फूल",like that i already mentioned the title of this book jeewan kadegaful,like that i already mentioned the title of this book ज वन क डक फल
elevenlabs_scribe_v2,svarah_test_0198,success,0,0.000000,12,0,0,0,12,1.311950,5.925625,0.221403,,,1,There are primary health centers in every village which provide free medical,"There are primary health centers in every village which provide, uh, free medical, uh",there are primary health centers in every village which provide free medical,there are primary health centers in every village which provide free medical
elevenlabs_scribe_v2,svarah_test_0199,success,0,1.000000,0,0,1,0,1,0.477306,0.245125,1.947194,,,1,Down,,down,
