backend_id,eval_id,status,from_cache,wer,hits,substitutions,deletions,insertions,reference_words,inference_seconds,audio_seconds,rtf,error_category,error_message,attempts,raw_reference,raw_hypothesis,normalized_reference,normalized_hypothesis
elevenlabs_scribe_v2,svarah_test_0000,success,0,0.033333,29,1,0,0,30,2.291734,14.646375,0.156471,,,1,English breaks the communication barriers between people of diverse cultural backgrounds and it creates a new community where people come together and share their cultures and ideas with broader audience.,"English breaks the communication barriers between people of diverse cultural background, and it creates a new community where people come together and share their cultures and ideas with broader audience.",english breaks the communication barriers between people of diverse cultural backgrounds and it creates a new community where people come together and share their cultures and ideas with broader audience,english breaks the communication barriers between people of diverse cultural background and it creates a new community where people come together and share their cultures and ideas with broader audience
elevenlabs_scribe_v2,svarah_test_0001,success,0,0.030303,33,0,0,1,33,1.931275,14.365250,0.134441,,,1,"The radiation, the chemotherapy, everything, every every option for cancer treatment is available over here and it is largely used not only by the people of Gujarat but also by the nearby states.","The radiation, the chemotherapy, everything, every, every option for cancer treatment is available over here, and is-- it is largely used not only by the, uh, people of Gujarat, but also by the nearby states",the radiation the chemotherapy everything every every option for cancer treatment is available over here and it is largely used not only by the people of gujarat but also by the nearby states,the radiation the chemotherapy everything every every option for cancer treatment is available over here and is it is largely used not only by the people of gujarat but also by the nearby states
elevenlabs_scribe_v2,svarah_test_0002,success,0,0.000000,13,0,0,0,13,1.466110,4.778375,0.306822,,,1,"We differ from other countries in terms of food, in terms of dress","We differ from other countries in terms of food, in terms of dress",we differ from other countries in terms of food in terms of dress,we differ from other countries in terms of food in terms of dress
elevenlabs_scribe_v2,svarah_test_0003,success,0,0.125000,15,1,0,1,16,1.171111,6.987188,0.167608,,,1,Can you list all the Paid vaccination centres for age group 18+ years in district Chatra,Can you list all the paid vaccination centers for age group 18 plus years in District Chhatra?,can you list all the paid vaccination centers for age group 18 years in district chatra,can you list all the paid vaccination centers for age group 18 plus years in district chhatra
elevenlabs_scribe_v2,svarah_test_0004,success,0,0.000000,1,0,0,0,1,0.875996,1.100875,0.795727,,,1,39,Thirty-nine,39,39
elevenlabs_scribe_v2,svarah_test_0005,success,0,0.000000,8,0,0,0,8,1.329195,2.889187,0.460059,,,1,Clear all the reminders set up last Year,Clear all the reminders set up last year,clear all the reminders set up last year,clear all the reminders set up last year
elevenlabs_scribe_v2,svarah_test_0006,success,0,0.000000,14,0,0,0,14,1.291890,5.507062,0.234588,,,1,A few tributaries form marshy land in early dry season due to natural seepage,A few tributaries form marshy land in early dry season due to natural seepage,a few tributaries form marshy land in early dry season due to natural seepage,a few tributaries form marshy land in early dry season due to natural seepage
elevenlabs_scribe_v2,svarah_test_0007,success,0,3.000000,0,1,0,2,1,1.090293,0.500875,2.176776,,,1,Time,"Hi, I'm",time,hi i am
elevenlabs_scribe_v2,svarah_test_0008,success,0,0.666667,4,5,0,1,9,1.212819,5.400125,0.224591,,,1,"So, starting with Maghi Chakrati, on Maghi Chakrati which","Okay, so starting with Maghe Sankranti. On Maghe Sankranti, uh, we",so starting with maghi chakrati on maghi chakrati which,okay so starting with maghe sankranti on maghe sankranti we
elevenlabs_scribe_v2,svarah_test_0009,success,0,0.000000,8,0,0,0,8,0.930640,2.535938,0.366981,,,1,change the color of the lights to blue,Change the color of the lights to blue,change the color of the lights to blue,change the color of the lights to blue
elevenlabs_scribe_v2,svarah_test_0010,success,0,1.000000,0,0,1,0,1,0.518720,0.311688,1.664230,,,1,Three,,3,
elevenlabs_scribe_v2,svarah_test_0011,success,0,0.000000,1,0,0,0,1,0.907870,0.516188,1.758799,,,1,Agree,Agree,agree,agree
elevenlabs_scribe_v2,svarah_test_0012,success,0,0.000000,10,0,0,0,10,1.141710,4.298250,0.265622,,,1,How is the availability of healthcare professionals in your state?,How is the availability of healthcare professionals in your state?,how is the availability of healthcare professionals in your state,how is the availability of healthcare professionals in your state
elevenlabs_scribe_v2,svarah_test_0013,success,0,0.000000,13,0,0,0,13,1.150931,4.952875,0.232376,,,1,I am trying to search for ESIC Centres with centre type Local Office,I'm trying to search for ESIC centers with center type local office,i am trying to search for esic centers with center type local office,i am trying to search for esic centers with center type local office
elevenlabs_scribe_v2,svarah_test_0014,success,0,0.000000,1,0,0,0,1,0.854080,0.364250,2.344762,,,1,Help,Help,help,help
elevenlabs_scribe_v2,svarah_test_0015,success,0,0.090909,31,2,0,1,33,2.310846,13.936125,0.165817,,,1,"my other favorite herbs are tulsi, pudina, dodapathre and vandalaga, tulsi as we all know is a very good medicinal plant or herb that can be used in treating common cold and cough","My other favorite herbs are Tulsi, Pudina, Dodda Patre, and Vondalaga. Tulsi, as we all know, is a very good, uh, medicinal plant or herb that can be used in treating, uh, common cold and cough",my other favorite herbs are tulsi pudina dodapathre and vandalaga tulsi as we all know is a very good medicinal plant or herb that can be used in treating common cold and cough,my other favorite herbs are tulsi pudina dodda patre and vondalaga tulsi as we all know is a very good medicinal plant or herb that can be used in treating common cold and cough
elevenlabs_scribe_v2,svarah_test_0016,success,0,0.000000,8,0,0,0,8,0.997973,5.112312,0.195210,,,1,"where I was trained physical, mental and spiritual","uh, where, uh, I was trained physical, mental, and spiritual",where i was trained physical mental and spiritual,where i was trained physical mental and spiritual
elevenlabs_scribe_v2,svarah_test_0017,success,0,0.000000,1,0,0,0,1,1.097611,0.690312,1.590020,,,1,because,Because,because,because
elevenlabs_scribe_v2,svarah_test_0018,success,0,0.000000,1,0,0,0,1,0.911707,0.833313,1.094076,,,1,Manas,Manas,manas,manas
elevenlabs_scribe_v2,svarah_test_0019,success,0,0.142857,6,1,0,0,7,0.949958,3.345375,0.283962,,,1,"As for my opinion, there are not","As per my opinion, there are not",as for my opinion there are not,as per my opinion there are not
elevenlabs_scribe_v2,svarah_test_0020,success,0,0.000000,23,0,0,0,23,1.639656,11.101750,0.147693,,,1,"The biking is booming. The demand is increasing, just because they are way cheaper than the cars. And it is environment-friendly, too","The biking is booming. The demand is increasing just because they are way cheaper than the cars, and it is environment friendly too",the biking is booming the demand is increasing just because they are way cheaper than the cars and it is environment friendly too,the biking is booming the demand is increasing just because they are way cheaper than the cars and it is environment friendly too
elevenlabs_scribe_v2,svarah_test_0021,success,0,0.666667,3,0,0,2,3,1.245858,4.960000,0.251181,,,1,entire world interconnected.,"The entire world interconnected. Um, not",entire world interconnected,the entire world interconnected not
elevenlabs_scribe_v2,svarah_test_0022,success,0,0.250000,7,1,0,1,8,1.706773,6.000000,0.284462,,,1,"it It is funded by state government, UCSH","It, it is funded by state government, UGC, etcetera",it it is funded by state government ucsh,it it is funded by state government ugc etcetera
elevenlabs_scribe_v2,svarah_test_0023,success,0,0.444444,7,2,0,2,9,1.296832,3.240000,0.400257,,,1,I also like Levi Skrull's Alice in Wonderland.,I also like Lewis Carroll's Alice in Wonderland. It's,i also like levi skrull is alice in wonderland,i also like lewis carroll is alice in wonderland it is
elevenlabs_scribe_v2,svarah_test_0024,success,0,0.000000,6,0,0,0,6,1.233132,2.129563,0.579054,,,1,Mute my reminders for a day!,Mute my reminders for a day,mute my reminders for a day,mute my reminders for a day
elevenlabs_scribe_v2,svarah_test_0025,success,0,0.000000,10,0,0,0,10,1.286380,6.360938,0.202231,,,1,Find all blood banks with A- blood in district Warangal,Find all blood banks with A blood in district Warangal,find all blood banks with a blood in district warangal,find all blood banks with a blood in district warangal
elevenlabs_scribe_v2,svarah_test_0026,success,0,0.047619,21,0,0,1,21,1.747757,10.678500,0.163671,,,1,For people of age group 18+ years is there any Free vaccination centre available in district Jaipur which provides First Dose,"For people of age group above 18 years, is there any free vaccination center available in District Jaipur which provides first dose?",for people of age group 18 years is there any free vaccination center available in district jaipur which provides 1st dose,for people of age group above 18 years is there any free vaccination center available in district jaipur which provides 1st dose
elevenlabs_scribe_v2,svarah_test_0027,success,0,0.000000,7,0,0,0,7,0.886420,2.799625,0.316621,,,1,Start a new email to George Brown,Start a new email to George Brown,start a new email to george brown,start a new email to george brown
elevenlabs_scribe_v2,svarah_test_0028,success,0,0.000000,1,0,0,0,1,0.799707,0.591625,1.351713,,,1,farming,farming,farming,farming
elevenlabs_scribe_v2,svarah_test_0029,success,0,1.000000,0,2,0,0,2,0.931326,1.113000,0.836771,,,1,Chandrashekhar Jha,चंद्रशेखर झा,chandrashekhar jha,चदरशखर झ
elevenlabs_scribe_v2,svarah_test_0030,success,0,0.000000,5,0,0,0,5,0.970013,3.160000,0.306966,,,1,I love doing nature photography.,I love doing nature photography,i love doing nature photography,i love doing nature photography
elevenlabs_scribe_v2,svarah_test_0031,success,0,0.055556,17,1,0,0,18,1.045247,5.859250,0.178393,,,1,"That if someone speaks in English, then he is literate. We can justify that, we can judge that.","That if someone speak in English, then he's literate. We can justify that, we can judge that",that if someone speaks in english then he is literate we can justify that we can judge that,that if someone speak in english then he is literate we can justify that we can judge that
elevenlabs_scribe_v2,svarah_test_0032,success,0,0.200000,5,0,0,1,5,1.574881,3.720250,0.423327,,,1,Also music has a very,"Also, music has a, a very, uh",also music has a very,also music has a a very
elevenlabs_scribe_v2,svarah_test_0033,success,0,1.000000,0,0,1,0,1,0.536416,0.310000,1.730375,,,1,Three,,3,
elevenlabs_scribe_v2,svarah_test_0034,success,0,0.000000,1,0,0,0,1,0.883698,0.430625,2.052129,,,1,Padma,Padma,padma,padma
elevenlabs_scribe_v2,svarah_test_0035,success,0,0.000000,20,0,0,0,20,1.517536,6.638687,0.228590,,,1,The scenes of the movie of John Abraham riding the Suzuki Hayabusa It made me fall in love with biking,"The scenes of the movie of John Abraham riding the Suzuki Hayabusa, it made me fall in love with biking",the scenes of the movie of john abraham riding the suzuki hayabusa it made me fall in love with biking,the scenes of the movie of john abraham riding the suzuki hayabusa it made me fall in love with biking
elevenlabs_scribe_v2,svarah_test_0036,success,0,0.000000,10,0,0,0,10,1.328850,2.768438,0.480000,,,1,and hoping that one of them would turn out good,And hoping that one of them would turn out good,and hoping that one of them would turn out good,and hoping that one of them would turn out good
elevenlabs_scribe_v2,svarah_test_0037,success,0,0.058824,16,1,0,0,17,1.518133,8.461500,0.179417,,,1,The price mentioned for National Gardens Potted Tomato Seeds is not correct as compare to market prices.,The price mentioned for National Gardens potted tomato seeds is not correct as compared to market prices,the price mentioned for national gardens potted tomato seeds is not correct as compare to market prices,the price mentioned for national gardens potted tomato seeds is not correct as compared to market prices
elevenlabs_scribe_v2,svarah_test_0038,success,0,0.000000,10,0,0,0,10,1.082047,6.520000,0.165958,,,1,And so difficult to say a favorite particular favorite quote,"And, uh, so difficult to say, um, a favorite, particular favorite quote",and so difficult to say a favorite particular favorite quote,and so difficult to say a favorite particular favorite quote
elevenlabs_scribe_v2,svarah_test_0039,success,0,0.000000,12,0,0,0,12,1.168654,5.480000,0.213258,,,1,"the religion, or the community, or the race that they belong to,","The religion, um, or the community or the race that they belong to",the religion or the community or the race that they belong to,the religion or the community or the race that they belong to
elevenlabs_scribe_v2,svarah_test_0040,success,0,0.000000,11,0,0,0,11,1.545648,3.530063,0.437853,,,1,Tennis courts have been built for youngsters to learn the sport.,Tennis courts have been built for youngsters to learn the sport,tennis courts have been built for youngsters to learn the sport,tennis courts have been built for youngsters to learn the sport
elevenlabs_scribe_v2,svarah_test_0041,success,0,0.083333,12,0,0,1,12,1.083131,7.043000,0.153788,,,1,"yes it caters different need and different sectors for example, hospitality, agriculture","And yes, it caters different need and different sectors. For example, hospitality, agriculture",yes it caters different need and different sectors for example hospitality agriculture,and yes it caters different need and different sectors for example hospitality agriculture
elevenlabs_scribe_v2,svarah_test_0042,success,0,0.000000,35,0,0,0,35,2.213532,15.625813,0.141659,,,1,"It celebrates the occasion on two days, that is 15th and 16th of August. The festivity is held on such a large scale that even people from neighboring town gather here to witness the spectacle","It celebrates the occasion on two days, that is 15th and 16th of August. The festivity is held on such a large scale that even people from neighboring town gather here to witness the spectacle",it celebrates the occasion on 2 days that is 15th and 16th of august the festivity is held on such a large scale that even people from neighboring town gather here to witness the spectacle,it celebrates the occasion on 2 days that is 15th and 16th of august the festivity is held on such a large scale that even people from neighboring town gather here to witness the spectacle
elevenlabs_scribe_v2,svarah_test_0043,success,0,0.000000,1,0,0,0,1,1.131949,0.514500,2.200096,,,1,On,On,on,on
elevenlabs_scribe_v2,svarah_test_0044,success,0,0.058824,16,1,0,0,17,1.690159,5.823563,0.290228,,,1,The people in a traditional school focus on the subjects that are of the same for everyone,The pupils in a traditional school focus on the subjects that are of the same for everyone,the people in a traditional school focus on the subjects that are of the same for everyone,the pupils in a traditional school focus on the subjects that are of the same for everyone
elevenlabs_scribe_v2,svarah_test_0045,success,0,0.000000,12,0,0,0,12,0.945540,7.051437,0.134092,,,1,"Initially, I used to think that yoga is very hard to practice.","Initially, I used to think that yoga is very hard to practice",initially i used to think that yoga is very hard to practice,initially i used to think that yoga is very hard to practice
elevenlabs_scribe_v2,svarah_test_0046,success,0,0.000000,11,0,0,0,11,1.990350,3.884125,0.512432,,,1,"For example, you might be able to decrease your shipping costs","For example, you might be able to decrease your shipping costs",for example you might be able to decrease your shipping costs,for example you might be able to decrease your shipping costs
elevenlabs_scribe_v2,svarah_test_0047,success,0,0.000000,31,0,0,0,31,2.321256,12.755250,0.181984,,,1,"Apart from these factors, the challenges like salary given to private school teachers is quite meager and they find it quite hard to make their ends meet in such less income.","Apart from these factors, uh, the challenges like salary given to, uh, private school teachers is quite meager, and they find it quite hard to make, uh, their ends meet in such less income",apart from these factors the challenges like salary given to private school teachers is quite meager and they find it quite hard to make their ends meet in such less income,apart from these factors the challenges like salary given to private school teachers is quite meager and they find it quite hard to make their ends meet in such less income
elevenlabs_scribe_v2,svarah_test_0048,success,0,0.272727,10,1,0,2,11,0.886951,4.151438,0.213649,,,1,Show a list of all available vaccination center in State Maharashtra,Show a list of all available vaccination center in state महाराष्ट्र,show a list of all available vaccination center in state maharashtra,show a list of all available vaccination center in state मह र षटर
elevenlabs_scribe_v2,svarah_test_0049,success,0,0.000000,1,0,0,0,1,0.947930,0.622062,1.523850,,,1,Government,Government,government,government
elevenlabs_scribe_v2,svarah_test_0050,success,0,0.105263,18,1,0,1,19,1.840856,9.400875,0.195818,,,1,"So, the matter I took take to paint is nature maybe a same scenery or any animal or flowers","So, uh, the matter I took-- take to paint is nature, maybe a scene- scenery or a- any animal or flowers",so the matter i took take to paint is nature maybe a same scenery or any animal or flowers,so the matter i took take to paint is nature maybe a scene scenery or a any animal or flowers
elevenlabs_scribe_v2,svarah_test_0051,success,0,0.000000,17,0,0,0,17,1.285249,7.465937,0.172148,,,1,"So yes, English plays a very important role in exchanging and communication that is very very important","So yes, English plays a very important role in exchanging and communication. That is very, very important",so yes english plays a very important role in exchanging and communication that is very very important,so yes english plays a very important role in exchanging and communication that is very very important
elevenlabs_scribe_v2,svarah_test_0052,success,0,0.000000,5,0,0,0,5,0.910793,1.867063,0.487821,,,1,more than any other kind,"Uh, more than any other kind",more than any other kind,more than any other kind
elevenlabs_scribe_v2,svarah_test_0053,success,0,0.166667,12,0,0,2,12,1.746481,8.849438,0.197355,,,1,"the 10th day and up to Purnima, people visit to their relatives","The tenth day and up to, uh, Purnima, mm, they people visit to their relate- relatives",the 10th day and up to purnima people visit to their relatives,the 10th day and up to purnima they people visit to their relate relatives
elevenlabs_scribe_v2,svarah_test_0054,success,0,0.500000,3,3,0,0,6,1.022896,1.799375,0.568473,,,1,throng and climb the Baukungri peak,Trons and climb the Bakunguri freak,throng and climb the baukungri peak,trons and climb the bakunguri freak
elevenlabs_scribe_v2,svarah_test_0055,success,0,0.000000,1,0,0,0,1,0.797311,0.560000,1.423770,,,1,Yeah.,Yeah,yeah,yeah
elevenlabs_scribe_v2,svarah_test_0056,success,0,0.000000,1,0,0,0,1,0.879808,0.690750,1.273700,,,1,On,On,on,on
elevenlabs_scribe_v2,svarah_test_0057,success,0,0.000000,1,0,0,0,1,1.162435,0.480000,2.421739,,,1,food,food,food,food
elevenlabs_scribe_v2,svarah_test_0058,success,0,0.000000,11,0,0,0,11,1.111302,3.553187,0.312762,,,1,She is the recipient of several accolades including a Filmfare Award.,"She is the recipient of several accolades, including a Filmfare Award",she is the recipient of several accolades including a filmfare award,she is the recipient of several accolades including a filmfare award
elevenlabs_scribe_v2,svarah_test_0059,success,0,0.000000,17,0,0,0,17,1.202111,5.000000,0.240422,,,1,"So in order to bring all these back, in order to promote our cultural aspects, our cultural","So in order to bring all these back, in order to promote our cultural aspects, our cultural",so in order to bring all these back in order to promote our cultural aspects our cultural,so in order to bring all these back in order to promote our cultural aspects our cultural
elevenlabs_scribe_v2,svarah_test_0060,success,0,0.000000,29,0,0,0,29,1.673714,12.481188,0.134099,,,1,"There, There is something which pulls me towards that book which makes me read again and again and again is the kind of connection I feel with her stories.","There, there is something which pulls me towards that book, which makes me read again and again and again, is the kind of connection I feel with her stories",there there is something which pulls me towards that book which makes me read again and again and again is the kind of connection i feel with her stories,there there is something which pulls me towards that book which makes me read again and again and again is the kind of connection i feel with her stories
elevenlabs_scribe_v2,svarah_test_0061,success,0,0.000000,2,0,0,0,2,0.863627,1.105500,0.781209,,,1,volume level,Volume level,volume level,volume level
elevenlabs_scribe_v2,svarah_test_0062,success,0,0.100000,9,1,0,0,10,1.232863,3.456000,0.356731,,,1,Pay Rs. 500 more to the last scanned QR code,Pay rupees five hundred more to the last scanned QR code,pay rs 500 more to the last scanned qr code,pay rupees 500 more to the last scanned qr code
elevenlabs_scribe_v2,svarah_test_0063,success,0,1.000000,0,0,1,0,1,0.493787,0.287000,1.720511,,,1,Down,,down,
elevenlabs_scribe_v2,svarah_test_0064,success,0,0.000000,16,0,0,0,16,1.219618,10.309375,0.118302,,,1,William Shakespeare is believed to be responsible for the addition of thousands of words new words.,"William Shakespeare is believed to be responsible for the addition of thousands of words, new words",william shakespeare is believed to be responsible for the addition of 1000s of words new words,william shakespeare is believed to be responsible for the addition of 1000s of words new words
elevenlabs_scribe_v2,svarah_test_0065,success,0,0.095238,20,1,0,1,21,1.291839,7.659500,0.168658,,,1,"the people who practice those different religions, they have a high level of tolerance and respect for each other's religion","Well, the people who practice those different religions, they have a high level of tolerance and respect for each other's religions",the people who practice those different religions they have a high level of tolerance and respect for each other is religion,well the people who practice those different religions they have a high level of tolerance and respect for each other is religions
elevenlabs_scribe_v2,svarah_test_0066,success,0,0.000000,9,0,0,0,9,1.870292,5.145000,0.363516,,,1,"Lakshmi Vilas Palace, residence of Vadodara's royal family.","Lakshmi Vilas Palace, residence of Vadodara's royal family",lakshmi vilas palace residence of vadodara is royal family,lakshmi vilas palace residence of vadodara is royal family
elevenlabs_scribe_v2,svarah_test_0067,success,0,0.142857,13,1,0,1,14,1.264485,5.680500,0.222601,,,1,What are the items in Processed Food items with the offer of minimum 40 % ?,What are the items in the processed food items with the offer of minimum forty percent?,what are the items in processed food items with the offer of minimum 40 ,what are the items in the processed food items with the offer of minimum 40%
elevenlabs_scribe_v2,svarah_test_0068,success,0,0.000000,1,0,0,0,1,0.766943,0.332375,2.307463,,,1,Up,Up,up,up
elevenlabs_scribe_v2,svarah_test_0069,success,0,0.000000,9,0,0,0,9,1.472476,5.599687,0.262957,,,1,our festivals which are considered to be the symbols,Our festivals which are considered to be the symbols,our festivals which are considered to be the symbols,our festivals which are considered to be the symbols
elevenlabs_scribe_v2,svarah_test_0070,success,0,1.000000,0,1,0,0,1,0.860250,0.864563,0.995011,,,1,Backward,Backword,backward,backword
elevenlabs_scribe_v2,svarah_test_0071,success,0,0.142857,12,0,2,0,14,1.434229,4.800000,0.298798,,,1,"That is why I like poetry, and it is my favorite genre in writing.","That is why I like poetry, and it is my favorite genre",that is why i like poetry and it is my favorite genre in writing,that is why i like poetry and it is my favorite genre
elevenlabs_scribe_v2,svarah_test_0072,success,0,0.000000,1,0,0,0,1,0.808044,0.433437,1.864268,,,1,Agree,Agree,agree,agree
elevenlabs_scribe_v2,svarah_test_0073,success,0,0.090909,10,1,0,0,11,1.465580,4.160000,0.352303,,,1,The Fine Old English Gentleman is one of his finest poems.,"""A Fine Old English Gentleman"" is one of his finest poems",the fine old english gentleman is one of his finest poems,a fine old english gentleman is one of his finest poems
elevenlabs_scribe_v2,svarah_test_0074,success,0,1.000000,0,1,0,0,1,0.794850,0.794375,1.000598,,,1,Subarnapur,सुवर्णपुर,subarnapur,सवरणपर
elevenlabs_scribe_v2,svarah_test_0075,success,0,0.000000,5,0,0,0,5,1.061257,1.975000,0.537346,,,1,There is no restriction on,There is no restriction on,there is no restriction on,there is no restriction on
elevenlabs_scribe_v2,svarah_test_0076,success,0,0.333333,2,1,0,0,3,0.830938,0.958937,0.866519,,,1,that is noodle.,That is noodles,that is noodle,that is noodles
elevenlabs_scribe_v2,svarah_test_0077,success,0,0.000000,17,0,0,0,17,1.526235,5.701750,0.267678,,,1,"Although a French citizen, she has been brought up and lived most of her life in India.","Although a French citizen, she has been brought up and lived most of her life in India",although a french citizen she has been brought up and lived most of her life in india,although a french citizen she has been brought up and lived most of her life in india
elevenlabs_scribe_v2,svarah_test_0078,success,0,0.000000,19,0,0,0,19,1.562942,7.880375,0.198333,,,1,or may it be any local vendor. They will always be ready to help people coming from outside Odisha.,"Or may it be any, uh, local vendor, they will always be ready to help people coming from outside Odisha",or may it be any local vendor they will always be ready to help people coming from outside odisha,or may it be any local vendor they will always be ready to help people coming from outside odisha
elevenlabs_scribe_v2,svarah_test_0079,success,0,0.500000,1,1,0,0,2,1.132918,0.957125,1.183668,,,1,developing steps,Developing step,developing steps,developing step
elevenlabs_scribe_v2,svarah_test_0080,success,0,0.000000,27,0,0,0,27,2.142104,13.535562,0.158257,,,1,"In India, most states, they focus more on studies and rather less on sports. That is the reason why we have low sports categories in our states","In India, most states, they focus more on studies and rather less on sports. That is the reason why we have, um, low sports categories in our states",in india most states they focus more on studies and rather less on sports that is the reason why we have low sports categories in our states,in india most states they focus more on studies and rather less on sports that is the reason why we have low sports categories in our states
elevenlabs_scribe_v2,svarah_test_0081,success,0,0.000000,5,0,0,0,5,0.825997,2.133938,0.387077,,,1,let me hear my list,Let me hear my list,let me hear my list,let me hear my list
elevenlabs_scribe_v2,svarah_test_0082,success,0,0.000000,14,0,0,0,14,1.051744,6.716500,0.156591,,,1,A reduction in this cost is evidence that you are building a recognized brand.,A reduction in this cost is evidence that you are building a recognized brand,a reduction in this cost is evidence that you are building a recognized brand,a reduction in this cost is evidence that you are building a recognized brand
elevenlabs_scribe_v2,svarah_test_0083,success,0,0.000000,1,0,0,0,1,0.840528,0.663000,1.267764,,,1,Kuwait,Kuwait?,kuwait,kuwait
elevenlabs_scribe_v2,svarah_test_0084,success,0,0.000000,10,0,0,0,10,1.171949,3.327062,0.352247,,,1,Being even a few minutes late may disqualify your submission.,Being even a few minutes late may disqualify your submission,being even a few minutes late may disqualify your submission,being even a few minutes late may disqualify your submission
elevenlabs_scribe_v2,svarah_test_0085,success,0,0.000000,1,0,0,0,1,0.883598,0.540937,1.633457,,,1,Forward,Forward,forward,forward
elevenlabs_scribe_v2,svarah_test_0086,success,0,0.000000,5,0,0,0,5,0.801801,0.904937,0.886030,,,1,i want you to mute,I want you to mute,i want you to mute,i want you to mute
elevenlabs_scribe_v2,svarah_test_0087,success,0,0.000000,1,0,0,0,1,0.850280,0.483000,1.760413,,,1,Three,Three,3,3
elevenlabs_scribe_v2,svarah_test_0088,success,0,0.000000,8,0,0,0,8,1.367570,7.283812,0.187755,,,1,Your MPIN is invalid for mobile number 77341091445,Your MPIN is invalid for mobile number seven seven three four one zero nine one four four five,your mpin is invalid for mobile number 77341091445,your mpin is invalid for mobile number 77341091445
elevenlabs_scribe_v2,svarah_test_0089,success,0,0.000000,3,0,0,0,3,1.093755,0.931562,1.174108,,,1,raise the volume,Raise the volume,raise the volume,raise the volume
elevenlabs_scribe_v2,svarah_test_0090,success,0,0.100000,20,0,0,2,20,1.312762,11.045063,0.118855,,,1,So if they are not using glutes they will tire the their other muscles and that will lead to fatigue.,"So if they are not using glutes, they will, uh, tire the-- their other muscles and that will lead to, you know, fatigue",so if they are not using glutes they will tire the their other muscles and that will lead to fatigue,so if they are not using glutes they will tire the their other muscles and that will lead to you know fatigue
elevenlabs_scribe_v2,svarah_test_0091,success,0,0.000000,6,0,0,0,6,1.198350,2.927625,0.409325,,,1,are being converted into residential sites,are being converted into residential sites,are being converted into residential sites,are being converted into residential sites
elevenlabs_scribe_v2,svarah_test_0092,success,0,0.000000,7,0,0,0,7,0.936975,2.117500,0.442491,,,1,"As I am not a professional singer,",As I'm not a professional singer,as i am not a professional singer,as i am not a professional singer
elevenlabs_scribe_v2,svarah_test_0093,success,0,0.090909,10,1,0,0,11,1.282929,4.880000,0.262895,,,1,But somebody from Mumbai or Bangalore could very well learn Odissi,But somebody from Mumbai or Bangalore could very well learn Odyssey,but somebody from mumbai or bangalore could very well learn odissi,but somebody from mumbai or bangalore could very well learn odyssey
elevenlabs_scribe_v2,svarah_test_0094,success,0,0.000000,8,0,0,0,8,0.905278,3.168625,0.285701,,,1,and use them in our bath powders or,"and use them in our bath powders or, um",and use them in our bath powders or,and use them in our bath powders or
elevenlabs_scribe_v2,svarah_test_0095,success,0,0.222222,9,0,0,2,9,1.232549,7.183375,0.171584,,,1,"Well, I was not a student of English medium.","Well, I was a, uh, not a student of, uh, English, uh, m-medium",well i was not a student of english medium,well i was a not a student of english m medium
elevenlabs_scribe_v2,svarah_test_0096,success,0,0.000000,1,0,0,0,1,1.720012,0.850000,2.023544,,,1,agriculture,Agriculture,agriculture,agriculture
elevenlabs_scribe_v2,svarah_test_0097,success,0,0.000000,7,0,0,0,7,1.169766,3.803500,0.307550,,,1,its multiple subplots and the complicated plot,Its multiple subplots and the complicated plot,its multiple subplots and the complicated plot,its multiple subplots and the complicated plot
elevenlabs_scribe_v2,svarah_test_0098,success,0,0.000000,13,0,0,0,13,1.256057,8.324312,0.150890,,,1,So after the celebration all the materials that is gathered or collected are,"So after the celebration, all the materials, uh, that is gathered or collected are",so after the celebration all the materials that is gathered or collected are,so after the celebration all the materials that is gathered or collected are
elevenlabs_scribe_v2,svarah_test_0099,success,0,0.105263,18,1,0,1,19,1.737519,11.592813,0.149879,,,1,Can you help in searching for ESIC Centres located in area with pincode 198753 and centre type IMP Clinic,Can you help in searching for ESIC centers located in area with pin code one nine eight seven five three and center type IMP clinic?,can you help in searching for esic centers located in area with pincode 198753 and center type imp clinic,can you help in searching for esic centers located in area with pin code 198753 and center type imp clinic
elevenlabs_scribe_v2,svarah_test_0100,success,0,0.000000,15,0,0,0,15,1.441021,6.168500,0.233610,,,1,Social media and online education platforms plays a vital role in the field of education.,Social media and online education platforms plays a vital role in the field of education,social media and online education platforms plays a vital role in the field of education,social media and online education platforms plays a vital role in the field of education
elevenlabs_scribe_v2,svarah_test_0101,success,0,1.000000,0,1,0,0,1,0.776440,0.546875,1.419777,,,1,Off,of,off,of
elevenlabs_scribe_v2,svarah_test_0102,success,0,0.250000,7,1,0,1,8,1.353874,5.298687,0.255511,,,1,compare to other languages English has wider audience,"Compared to other languages, English has a wider audience",compare to other languages english has wider audience,compared to other languages english has a wider audience
elevenlabs_scribe_v2,svarah_test_0103,success,0,0.125000,7,1,0,0,8,1.770706,3.324125,0.532683,,,1,Bangalore is known as a city of entrepreneurs.,Bangalore is known as the city of entrepreneurs,bangalore is known as a city of entrepreneurs,bangalore is known as the city of entrepreneurs
elevenlabs_scribe_v2,svarah_test_0104,success,0,0.000000,19,0,0,0,19,1.996972,8.204875,0.243388,,,1,Tell me how to link multiple bank accounts and transfer money between my own accounts in Maharashtra Gramin Bank,Tell me how to link multiple bank accounts and transfer money between my own accounts in Maharashtra Gramin Bank.,tell me how to link multiple bank accounts and transfer money between my own accounts in maharashtra gramin bank,tell me how to link multiple bank accounts and transfer money between my own accounts in maharashtra gramin bank
elevenlabs_scribe_v2,svarah_test_0105,success,0,0.000000,1,0,0,0,1,0.890307,0.996687,0.893266,,,1,Previous,Previous,previous,previous
elevenlabs_scribe_v2,svarah_test_0106,success,0,0.000000,10,0,0,0,10,1.096619,3.796250,0.288869,,,1,Attacks targeting police have become common in the Nangarhar province,Attacks targeting police have become common in the Nangarhar province,attacks targeting police have become common in the nangarhar province,attacks targeting police have become common in the nangarhar province
elevenlabs_scribe_v2,svarah_test_0107,success,0,0.111111,8,0,1,0,9,1.727552,4.240000,0.407441,,,1,"In North Bihar, there is a lot of flooding,","In North Bihar, there is lot of flooding, uh",in north bihar there is a lot of flooding,in north bihar there is lot of flooding
elevenlabs_scribe_v2,svarah_test_0108,success,0,0.000000,10,0,0,0,10,1.451137,4.359000,0.332906,,,1,Capturing candid moment can make a great portrait I think.,"Capturing candid moment can make a great portrait, I think",capturing candid moment can make a great portrait i think,capturing candid moment can make a great portrait i think
elevenlabs_scribe_v2,svarah_test_0109,success,0,0.000000,7,0,0,0,7,1.384150,3.001875,0.461095,,,1,The art and craft of our state,The art and craft of our state,the art and craft of our state,the art and craft of our state
elevenlabs_scribe_v2,svarah_test_0110,success,0,0.000000,9,0,0,0,9,1.137986,3.060062,0.371883,,,1,Can I get my order delivered after 2 Hours,Can I get my order delivered after two hours?,can i get my order delivered after 2 hours,can i get my order delivered after 2 hours
elevenlabs_scribe_v2,svarah_test_0111,success,0,0.200000,8,1,1,0,10,1.364137,4.539500,0.300504,,,1,Chhath Puja is a folk festival that lasts four days.,Chhath Puja is folk festival that lasts for days,chhath puja is a folk festival that lasts 4 days,chhath puja is folk festival that lasts for days
elevenlabs_scribe_v2,svarah_test_0112,success,0,0.000000,1,0,0,0,1,0.783853,0.477500,1.641578,,,1,One,One,one,one
elevenlabs_scribe_v2,svarah_test_0113,success,0,1.000000,0,1,0,0,1,0.793073,0.435125,1.822633,,,1,On,Oh,on,0
elevenlabs_scribe_v2,svarah_test_0114,success,0,0.040000,24,1,0,0,25,2.069581,12.950000,0.159813,,,1,"So the first day of Bohag Bihu is called Guru Bihu. In this Bihu, bulls or cows are bathed in the bank of a river.","So, the first day of Bohag Bihu is called Goru Bihu. Uh, in this Bihu, uh, bulls or cows are bathed in the bank of a river",so the 1st day of bohag bihu is called guru bihu in this bihu bulls or cows are bathed in the bank of a river,so the 1st day of bohag bihu is called goru bihu in this bihu bulls or cows are bathed in the bank of a river
elevenlabs_scribe_v2,svarah_test_0115,success,0,0.000000,11,0,0,0,11,0.971939,3.100000,0.313529,,,1,"Now taking the government schools into account, not much was done","Now taking the government schools into account, not much was done",now taking the government schools into account not much was done,now taking the government schools into account not much was done
elevenlabs_scribe_v2,svarah_test_0116,success,0,0.000000,10,0,0,0,10,0.932924,3.160000,0.295229,,,1,We have a composter at our garden in our house,We have a composter at our garden in our house,we have a composter at our garden in our house,we have a composter at our garden in our house
elevenlabs_scribe_v2,svarah_test_0117,success,0,0.000000,11,0,0,0,11,0.841442,2.797750,0.300757,,,1,What remaining bills do I have to pay for this month ?,What remaining bills do I have to pay for this month?,what remaining bills do i have to pay for this month,what remaining bills do i have to pay for this month
elevenlabs_scribe_v2,svarah_test_0118,success,0,0.000000,5,0,0,0,5,0.896843,3.558625,0.252020,,,1,Indian English speakers of English,Indian English speakers of English,indian english speakers of english,indian english speakers of english
elevenlabs_scribe_v2,svarah_test_0119,success,0,0.000000,10,0,0,0,10,1.612621,5.561687,0.289952,,,1,Chalazion surgery is a safe procedure and complications seldom occur.,Chalazion surgery is a safe procedure and complications seldom occur,chalazion surgery is a safe procedure and complications seldom occur,chalazion surgery is a safe procedure and complications seldom occur
elevenlabs_scribe_v2,svarah_test_0120,success,0,0.066667,14,1,0,0,15,1.240439,7.148937,0.173514,,,1,Can you add 120 gm The Laughing Cow Creamy Cheese Triangles to my shopping list?,Can you add 120 gram the laughing cow creamy cheese triangles to my shopping list?,can you add 120 gm the laughing cow creamy cheese triangles to my shopping list,can you add 120 gram the laughing cow creamy cheese triangles to my shopping list
elevenlabs_scribe_v2,svarah_test_0121,success,0,0.333333,2,1,0,0,3,0.759239,0.966000,0.785962,,,1,One is their,One is there,one is their,one is there
elevenlabs_scribe_v2,svarah_test_0122,success,0,0.021739,46,0,0,1,46,1.442636,26.609750,0.054215,,,1,"as the story developed, which is set in the time of the English Civil War in the 17th century, it became really very interesting and also described not only the culture and the social mores of the period, but also developed into a very good storyline.","Uh, as the story developed, uh, which is set in the time of the English Civil War in the 17th century, it became really, um, uh, very interesting and, uh, also described the, not only the culture and the social mores of the period, but also, uh, developed, uh, into a very good storyline",as the story developed which is set in the time of the english civil war in the 17th century it became really very interesting and also described not only the culture and the social mores of the period but also developed into a very good storyline,as the story developed which is set in the time of the english civil war in the 17th century it became really very interesting and also described the not only the culture and the social mores of the period but also developed into a very good storyline
elevenlabs_scribe_v2,svarah_test_0123,success,0,0.000000,10,0,0,0,10,0.976377,3.702750,0.263690,,,1,Can you send money to unsaved mobile numbers in Pay,Can you send money to unsaved mobile numbers in Pay,can you send money to unsaved mobile numbers in pay,can you send money to unsaved mobile numbers in pay
elevenlabs_scribe_v2,svarah_test_0124,success,0,0.000000,32,0,0,0,32,1.760167,16.597000,0.106053,,,1,"Kerala's cultural heritage is centuries old. The culture of Kerala is an amalgam of native art forms, language, literature, architectural style, music, festivals, cuisine, archaeological monuments, heritage centers and so on","Kerala's cultural heritage is centuries old. The culture of Kerala is an amalgam of native art forms, language, literature, architectural style, music, festivals, cuisine, archaeological monuments, heritage centers, and so on",kerala is cultural heritage is centuries old the culture of kerala is an amalgam of native art forms language literature architectural style music festivals cuisine archaeological monuments heritage centers and so on,kerala is cultural heritage is centuries old the culture of kerala is an amalgam of native art forms language literature architectural style music festivals cuisine archaeological monuments heritage centers and so on
elevenlabs_scribe_v2,svarah_test_0125,success,0,1.000000,0,0,1,0,1,0.533678,0.135313,3.944044,,,1,Up,,up,
elevenlabs_scribe_v2,svarah_test_0126,success,0,0.083333,11,1,0,0,12,1.386012,9.000000,0.154001,,,1,"So the climate here in Kanimpung, the winter are a bit cold,","So the climate here in Kalimpong, uh, the winter are a bit cold",so the climate here in kanimpung the winter are a bit cold,so the climate here in kalimpong the winter are a bit cold
elevenlabs_scribe_v2,svarah_test_0127,success,0,0.000000,2,0,0,0,2,0.836632,1.720000,0.486414,,,1,in 1864,In 1864,in 1864,in 1864
elevenlabs_scribe_v2,svarah_test_0128,success,0,0.076923,12,1,0,0,13,1.780232,7.852688,0.226704,,,1,"It is famous for many cultural traditions like Kirtan, Natak, Allah Rudal etc.","Uh, it is famous for many, uh, cultural traditions like kirtan, natak, Allah Rudal, etcetera",it is famous for many cultural traditions like kirtan natak allah rudal etc,it is famous for many cultural traditions like kirtan natak allah rudal etcetera
elevenlabs_scribe_v2,svarah_test_0129,success,0,0.000000,18,0,0,0,18,1.414142,9.410500,0.150273,,,1,"HIV directly infects a small number of T helper cells, and also impairs other immune system responses indirectly.",HIV directly infects a small number of T helper cells and also impairs other immune system responses indirectly,hiv directly infects a small number of t helper cells and also impairs other immune system responses indirectly,hiv directly infects a small number of t helper cells and also impairs other immune system responses indirectly
elevenlabs_scribe_v2,svarah_test_0130,success,0,2.333333,0,6,0,8,6,2.267219,4.808438,0.471508,,,1,"London, Singapore, New York, Bangkok, Dubai.",லண்டன் சிங்கப்பூர் நியூயார்க் பேங்காக் துபாய்,london singapore new york bangkok dubai,லணடன ச ஙகபப ர ந ய ய ரக ப ஙக க த ப ய
elevenlabs_scribe_v2,svarah_test_0131,success,0,0.125000,7,1,0,0,8,1.451157,4.379187,0.331376,,,1,Add Fendo Two Fold Umbrella worth rupees R,Add Fendo two fold umbrella worth rupees are,add fendo 2 fold umbrella worth rupees r,add fendo 2 fold umbrella worth rupees are
elevenlabs_scribe_v2,svarah_test_0132,success,0,0.250000,3,1,0,0,4,0.892624,1.900062,0.469787,,,1,students girls students with,"Students, uh, girl students with",students girls students with,students girl students with
elevenlabs_scribe_v2,svarah_test_0133,success,0,0.000000,17,0,0,0,17,0.910871,5.520000,0.165013,,,1,What was the last book you read that really impacted you and how did it do so?,"What was the last book you read that really impacted you, and how did it do so?",what was the last book you read that really impacted you and how did it do so,what was the last book you read that really impacted you and how did it do so
elevenlabs_scribe_v2,svarah_test_0134,success,0,0.000000,23,0,0,0,23,1.391243,8.542125,0.162869,,,1,"Chandigarh IT Park, also known as Rajiv Gandhi Chandigarh Technology Park, is the city's attempt to break into the information technology world.","Chandigarh IT Park, also known as Rajiv Gandhi Chandigarh Technology Park, is the city's attempt to break into the information technology world",chandigarh it park also known as rajiv gandhi chandigarh technology park is the city is attempt to break into the information technology world,chandigarh it park also known as rajiv gandhi chandigarh technology park is the city is attempt to break into the information technology world
elevenlabs_scribe_v2,svarah_test_0135,success,0,0.250000,3,1,0,0,4,1.134260,2.118250,0.535470,,,1,save my music preferences,"So, my music preferences",save my music preferences,so my music preferences
elevenlabs_scribe_v2,svarah_test_0136,success,0,1.000000,0,1,0,0,1,0.787372,0.443188,1.776611,,,1,Tree,Three,tree,3
elevenlabs_scribe_v2,svarah_test_0137,success,0,0.000000,25,0,0,0,25,1.687100,20.658375,0.081667,,,1,discrimination is also a big issue in schools and colleges discrimination based on caste and religion is very much pronounced in Gujarat's education system,Discrimination is also a big issue in schools and colleges. Discrimination based on caste and religion is very much pronounced in Gujarat's education system,discrimination is also a big issue in schools and colleges discrimination based on caste and religion is very much pronounced in gujarat is education system,discrimination is also a big issue in schools and colleges discrimination based on caste and religion is very much pronounced in gujarat is education system
elevenlabs_scribe_v2,svarah_test_0138,success,0,0.000000,8,0,0,0,8,1.538938,6.399687,0.240471,,,1,culture values are also changing with their forms,"Culture, values are also changing with their forms",culture values are also changing with their forms,culture values are also changing with their forms
elevenlabs_scribe_v2,svarah_test_0139,success,0,0.076923,12,1,0,0,13,1.427518,6.540625,0.218254,,,1,"When people live together in a society, these are there this results automatically.","When people live together in a society, these, uh, are the-- this results automatically",when people live together in a society these are there this results automatically,when people live together in a society these are the this results automatically
elevenlabs_scribe_v2,svarah_test_0140,success,0,2.000000,0,6,0,6,6,2.210865,9.640000,0.229343,,,1,"Kamrup metro Nalbari, Nagaon, Sonitpur, Lakhimpur.","कामरूप मेट्रो, नलबारी, नगांव, सोनीतपुर, लखीमपुर",kamrup metro nalbari nagaon sonitpur lakhimpur,क मरप मटर नलब र नग व स न तपर लख मपर
elevenlabs_scribe_v2,svarah_test_0141,success,0,1.000000,0,1,0,0,1,1.263309,0.503687,2.508121,,,1,Katak,Kattak,katak,kattak
elevenlabs_scribe_v2,svarah_test_0142,success,0,0.333333,2,0,1,0,3,0.904536,1.012063,0.893756,,,1,The answer is,Answer is,the answer is,answer is
elevenlabs_scribe_v2,svarah_test_0143,success,0,0.000000,28,0,0,0,28,1.342281,9.999813,0.134231,,,1,"It cannot be denied that opportunities have increased. There were also suggestions of making some villages model villages, but those ended only in the stage of an idea","It cannot be denied that opportunities have increased. There were also suggestions of making some villages model villages, but those ended only in the stage of an idea",it cannot be denied that opportunities have increased there were also suggestions of making some villages model villages but those ended only in the stage of an idea,it cannot be denied that opportunities have increased there were also suggestions of making some villages model villages but those ended only in the stage of an idea
elevenlabs_scribe_v2,svarah_test_0144,success,0,0.000000,15,0,0,0,15,1.480319,4.607062,0.321315,,,1,"At any time during this phase, the car dealer may offer to settle with you.","At any time during this phase, the car dealer may offer to settle with you",at any time during this phase the car dealer may offer to settle with you,at any time during this phase the car dealer may offer to settle with you
elevenlabs_scribe_v2,svarah_test_0145,success,0,0.000000,1,0,0,0,1,0.930745,0.680125,1.368490,,,1,Yes,Yes,yes,yes
elevenlabs_scribe_v2,svarah_test_0146,success,0,0.166667,5,1,0,0,6,1.146667,2.485562,0.461331,,,1,and some of the main festivals,And some of the main festival,and some of the main festivals,and some of the main festival
elevenlabs_scribe_v2,svarah_test_0147,success,0,0.117647,15,2,0,0,17,1.106562,6.481375,0.170730,,,1,Why did I get zero discount when the Slurrp Farm Oats Instant Powder mentioned 90 % on order,Why did I get zero discount when the Slurp Farm Oats Instant Powder mentioned 90% on order?,why did i get 0 discount when the slurrp farm oats instant powder mentioned 90 on order,why did i get 0 discount when the slurp farm oats instant powder mentioned 90% on order
elevenlabs_scribe_v2,svarah_test_0148,success,0,0.000000,14,0,0,0,14,1.053707,5.549688,0.189868,,,1,Can I change my delivery date from 11-9-2021 TO 23-4-2020 ?,Can I change my delivery date from 11/9/2021 to 23/4/2020?,can i change my delivery date from 11 9 2021 to 23 4 2020,can i change my delivery date from 11 9 2021 to 23 4 2020
elevenlabs_scribe_v2,svarah_test_0149,success,0,0.000000,1,0,0,0,1,0.727264,0.379250,1.917638,,,1,Yes,Yes,yes,yes
elevenlabs_scribe_v2,svarah_test_0150,success,0,0.071429,26,2,0,0,28,1.996627,11.637250,0.171572,,,1,he Padanilam or the battlefield is a paddy field adjacent to the famous Ochera Parabrahma temple and the festivities are part of a ritual associated with the shrine,"The Padanilam or the battlefield is a paddy field adjacent to the famous Ochira Parabrahma Temple, and the festivities are part of a ritual associated with the shrine",he padanilam or the battlefield is a paddy field adjacent to the famous ochera parabrahma temple and the festivities are part of a ritual associated with the shrine,the padanilam or the battlefield is a paddy field adjacent to the famous ochira parabrahma temple and the festivities are part of a ritual associated with the shrine
elevenlabs_scribe_v2,svarah_test_0151,success,0,0.000000,11,0,0,0,11,1.242137,4.499937,0.276034,,,1,"is the head of the government, heading the council of ministers.","is the head of the government heading the Council of, uh, Ministers",is the head of the government heading the council of ministers,is the head of the government heading the council of ministers
elevenlabs_scribe_v2,svarah_test_0152,success,0,0.000000,1,0,0,0,1,0.843744,0.824375,1.023495,,,1,House,House,house,house
elevenlabs_scribe_v2,svarah_test_0153,success,0,0.000000,8,0,0,0,8,1.322812,3.129125,0.422742,,,1,Some popular beaches in my state Odisha are,Some popular beaches in my state Odisha are,some popular beaches in my state odisha are,some popular beaches in my state odisha are
elevenlabs_scribe_v2,svarah_test_0154,success,0,0.000000,18,0,0,0,18,1.560634,8.267375,0.188770,,,1,The child with special needs are now accommodated in regular schools where school has resource rooms for them,The child with special needs are now accommodated in regular schools where school has resource rooms for them,the child with special needs are now accommodated in regular schools where school has resource rooms for them,the child with special needs are now accommodated in regular schools where school has resource rooms for them
elevenlabs_scribe_v2,svarah_test_0155,success,0,0.000000,20,0,0,0,20,1.787601,8.100625,0.220674,,,1,"But yeah, it wouldn't harm to represent regional languages a bit more in a quest to keep them alive.","But yeah, it wouldn't harm to represent regional languages a bit more in a quest to keep them alive",but yeah it would not harm to represent regional languages a bit more in a quest to keep them alive,but yeah it would not harm to represent regional languages a bit more in a quest to keep them alive
elevenlabs_scribe_v2,svarah_test_0156,success,0,0.000000,32,0,0,0,32,2.222601,15.817250,0.140518,,,1,"Some local art forms or crafts that are unique to my district are Bagurumba dance, silk rearing, and weaving. Bagurumba is a dance form performed by women folk belonging to Boro community.","Some local art forms or crafts that are unique to my district are Bagurumba dance, silk rearing, and weaving. Bagurumba is a dance form performed by women folk belonging to Boro community",some local art forms or crafts that are unique to my district are bagurumba dance silk rearing and weaving bagurumba is a dance form performed by women folk belonging to boro community,some local art forms or crafts that are unique to my district are bagurumba dance silk rearing and weaving bagurumba is a dance form performed by women folk belonging to boro community
elevenlabs_scribe_v2,svarah_test_0157,success,0,0.000000,1,0,0,0,1,0.837746,0.541250,1.547799,,,1,Jump,Jump,jump,jump
elevenlabs_scribe_v2,svarah_test_0158,success,0,0.000000,12,0,0,0,12,1.326401,5.600000,0.236857,,,1,"Language, though a means of communication, is naturally the expression or representation","Language, though a means of communication, is naturally the expression or representation",language though a means of communication is naturally the expression or representation,language though a means of communication is naturally the expression or representation
elevenlabs_scribe_v2,svarah_test_0159,success,0,1.000000,0,0,1,0,1,0.483382,0.227875,2.121259,,,1,Three,,3,
elevenlabs_scribe_v2,svarah_test_0160,success,0,0.240000,21,4,0,2,25,2.360284,14.968750,0.157681,,,1,"Education for girls is top priorities in our state after our Prime Minister Shri Narendra Modi ji has given the slogan, Beti Bachao, Beti Padhao.","Education for girls is top priorities in our state after our Prime Minister Shri Narendra Modi Ji has given the slogan ""बेटी बचाओ, बेटी पढ़ाओ""",education for girls is top priorities in our state after our prime minister shri narendra modi ji has given the slogan beti bachao beti padhao,education for girls is top priorities in our state after our prime minister shri narendra modi ji has given the slogan बट बच ओ बट पढ ओ
elevenlabs_scribe_v2,svarah_test_0161,success,0,0.107143,26,2,0,1,28,1.821536,14.830312,0.122825,,,1,"The present district of South 24 Parganas came into existence on March 1, 1986. It then comprised of two subdivisions, namely, Alipur and Diamond Harbour, and 30 blocks.","The present district of South 24 Parganas came into existence on March 1st, 1986. It then comprised of two subdivisions, namely Alipore and Di- Diamond Harbour, and 30 blocks",the present district of south 24 parganas came into existence on march one 1986 it then comprised of 2 subdivisions namely alipur and diamond harbor and 30 blocks,the present district of south 24 parganas came into existence on march 1st 1986 it then comprised of 2 subdivisions namely alipore and di diamond harbor and 30 blocks
elevenlabs_scribe_v2,svarah_test_0162,success,0,0.086957,22,1,0,1,23,1.315192,6.160312,0.213494,,,1,"or what are the things that you should try in the state, they will also help maybe it may be a shop person","Or what are the thing that you should try in the state, they will also help. Maybe it, may it be a shop person",or what are the things that you should try in the state they will also help maybe it may be a shop person,or what are the thing that you should try in the state they will also help maybe it may it be a shop person
elevenlabs_scribe_v2,svarah_test_0163,success,0,0.000000,1,0,0,0,1,0.787010,0.521062,1.510394,,,1,Wow,Wow!,wow,wow
elevenlabs_scribe_v2,svarah_test_0164,success,0,0.000000,5,0,0,0,5,1.386683,2.880000,0.481487,,,1,"like manganese, limestone, and pyrite,","Like manganese, limestone and pyrite",like manganese limestone and pyrite,like manganese limestone and pyrite
elevenlabs_scribe_v2,svarah_test_0165,success,0,1.000000,0,1,0,0,1,0.765483,0.415125,1.843982,,,1,Tree,Three,tree,3
elevenlabs_scribe_v2,svarah_test_0166,success,0,0.000000,14,0,0,0,14,1.467535,5.116375,0.286831,,,1,Open my transaction history for the last 24 hours and mute the contact Wahida,Open my transaction history for the last twenty-four hours and mute the contact Wahida,open my transaction history for the last 24 hours and mute the contact wahida,open my transaction history for the last 24 hours and mute the contact wahida
elevenlabs_scribe_v2,svarah_test_0167,success,0,0.000000,17,0,0,0,17,1.450074,10.590375,0.136924,,,1,"Sports teach a person sportsman spirit, hard work, alertness, acceptance, and discipline more than any other source.","Sports teach a person sportsman spirit, hard work, alertness, acceptance, and discipline more than any other source",sports teach a person sportsman spirit hard work alertness acceptance and discipline more than any other source,sports teach a person sportsman spirit hard work alertness acceptance and discipline more than any other source
elevenlabs_scribe_v2,svarah_test_0168,success,0,0.115385,24,2,0,1,26,1.901433,15.202625,0.125073,,,1,Can you transfer Rs. 400 to my 6844663153262 in IndusInd Bank fortnightly via PayUmoney and give me an alert in case the balance goes below that?,Can you transfer rupees 400 to my 6844663153262 in IndusInd Bank fortnightly via PayYou Money and give me an alert in case the balance goes below that?,can you transfer rs 400 to my 6844663153262 in indusind bank fortnightly via payumoney and give me an alert in case the balance goes below that,can you transfer rupees 400 to my 6844663153262 in indusind bank fortnightly via payyou money and give me an alert in case the balance goes below that
elevenlabs_scribe_v2,svarah_test_0169,success,0,0.000000,5,0,0,0,5,1.202127,2.420000,0.496747,,,1,by making transactions on Limeroad,By making transactions on LimeRoad,by making transactions on limeroad,by making transactions on limeroad
elevenlabs_scribe_v2,svarah_test_0170,success,0,1.000000,0,0,1,0,1,0.583928,0.210437,2.774827,,,1,Up,,up,
elevenlabs_scribe_v2,svarah_test_0171,success,0,0.055556,18,0,0,1,18,2.288189,7.891312,0.289963,,,1,A cruise boat service has been started by the tourism department for visitors to the dam and reservoir.,A cruise boat service has been started by the tourism department for the visitors to the dam and reservoir,a cruise boat service has been started by the tourism department for visitors to the dam and reservoir,a cruise boat service has been started by the tourism department for the visitors to the dam and reservoir
elevenlabs_scribe_v2,svarah_test_0172,success,0,0.000000,1,0,0,0,1,0.795709,0.443375,1.794663,,,1,Learn,Learn,learn,learn
elevenlabs_scribe_v2,svarah_test_0173,success,0,0.052632,18,1,0,0,19,1.467751,6.903562,0.212608,,,1,Najib's dream was to work in the Persian Gulf states and earn enough money to send back home,Najeeb's dream was to work in the Persian Gulf states and earn enough money to send back home,najib is dream was to work in the persian gulf states and earn enough money to send back home,najeeb is dream was to work in the persian gulf states and earn enough money to send back home
elevenlabs_scribe_v2,svarah_test_0174,success,0,0.000000,3,0,0,0,3,1.003577,1.404125,0.714734,,,1,"Yeah, mostly through","Yeah, mostly through",yeah mostly through,yeah mostly through
elevenlabs_scribe_v2,svarah_test_0175,success,0,1.000000,0,1,0,0,1,0.807772,0.424250,1.904000,,,1,Nila,Neela,nila,neela
elevenlabs_scribe_v2,svarah_test_0176,success,0,0.000000,11,0,0,0,11,1.358432,4.939312,0.275025,,,1,brainwashing a child towards a particular religion is a strict no,"Uh, brainwashing, uh, a child towards a particular religion is a strict no",brainwashing a child towards a particular religion is a strict no,brainwashing a child towards a particular religion is a strict no
elevenlabs_scribe_v2,svarah_test_0177,success,0,0.000000,11,0,0,0,11,1.142227,5.678750,0.201141,,,1,Is there any Kids vaccination centre in the PIN Code 967045,Is there any kids vaccination center in the pin code nine six seven zero four five?,is there any kids vaccination center in the pin code 967045,is there any kids vaccination center in the pin code 967045
elevenlabs_scribe_v2,svarah_test_0178,success,0,0.050000,19,1,0,0,20,1.286383,7.094688,0.181316,,,1,"Davis was back in prison and admitted a role in a different armed robbery, at a Bank of Cyprus branch.",Davis was back in prison and admitted a role in a different armed robbery at a Bank of Cypress branch,davis was back in prison and admitted a role in a different armed robbery at a bank of cyprus branch,davis was back in prison and admitted a role in a different armed robbery at a bank of cypress branch
elevenlabs_scribe_v2,svarah_test_0179,success,0,0.000000,13,0,0,0,13,1.268637,4.597000,0.275971,,,1,we have seen the assimilation of the culture in English language in India.,We have seen the assimilation of the culture in English language in India,we have seen the assimilation of the culture in english language in india,we have seen the assimilation of the culture in english language in india
elevenlabs_scribe_v2,svarah_test_0180,success,0,0.000000,1,0,0,0,1,0.837944,0.505938,1.656220,,,1,Go,Go,go,go
elevenlabs_scribe_v2,svarah_test_0181,success,0,0.066667,14,1,0,0,15,1.517728,6.125375,0.247777,,,1,Why did I get zero discount when the Garden Raita Boondi mentioned 40 % on order,Why did I get zero discount when the Garden Raita Boondi mentioned 40% on order?,why did i get 0 discount when the garden raita boondi mentioned 40 on order,why did i get 0 discount when the garden raita boondi mentioned 40% on order
elevenlabs_scribe_v2,svarah_test_0182,success,0,0.000000,8,0,0,0,8,1.316019,3.024000,0.435191,,,1,"Despite a defeat of Ladakh by the Mughals,",Despite a defeat of Ladakh by the Mughals,despite a defeat of ladakh by the mughals,despite a defeat of ladakh by the mughals
elevenlabs_scribe_v2,svarah_test_0183,success,0,0.142857,6,1,0,0,7,1.169645,2.471812,0.473193,,,1,Can you tell us about their work?,Can you tell us about the work?,can you tell us about their work,can you tell us about the work
elevenlabs_scribe_v2,svarah_test_0184,success,0,0.071429,14,0,0,1,14,1.822824,6.639375,0.274547,,,1,"During which several architecture, literature and monuments have been built by the British Empire.","Uh, during which several a-architecture, literature, and monuments have been built by the British Empire",during which several architecture literature and monuments have been built by the british empire,during which several a architecture literature and monuments have been built by the british empire
elevenlabs_scribe_v2,svarah_test_0185,success,0,2.000000,0,2,0,2,2,0.950766,2.484062,0.382746,,,1,Sunitpur Dhubri,"सोनितपुर, धुबरी",sunitpur dhubri,स न तपर धबर
elevenlabs_scribe_v2,svarah_test_0186,success,0,0.000000,13,0,0,0,13,1.610676,8.510875,0.189249,,,1,that to have a round shaped roti was an impossible task for me.,that to have a round shaped roti was an impossible task for me,that to have a round shaped roti was an impossible task for me,that to have a round shaped roti was an impossible task for me
elevenlabs_scribe_v2,svarah_test_0187,success,0,0.000000,11,0,0,0,11,2.396603,9.872125,0.242765,,,1,"working and what impact it had on people. And so, yeah.","Working and what impact it had on people and so, um, yeah",working and what impact it had on people and so yeah,working and what impact it had on people and so yeah
elevenlabs_scribe_v2,svarah_test_0188,success,0,0.045455,21,1,0,0,22,1.719766,9.000000,0.191085,,,1,"In the 21st century, the entire world has become narrow, accessible, shareable and familiar for all the people living on this earth.","In the 21st century, the entire world has become narrow, accessible, shareable, and familiar for all the people living on this planet",in the 21st century the entire world has become narrow accessible shareable and familiar for all the people living on this earth,in the 21st century the entire world has become narrow accessible shareable and familiar for all the people living on this planet
elevenlabs_scribe_v2,svarah_test_0189,success,0,0.000000,8,0,0,0,8,1.431343,3.239813,0.441798,,,1,"lockdown period, last three years, so to say","lockdown period last three years, so to say",lockdown period last 3 years so to say,lockdown period last 3 years so to say
elevenlabs_scribe_v2,svarah_test_0190,success,0,0.000000,1,0,0,0,1,0.883719,0.511188,1.728756,,,1,Right,Right,right,right
elevenlabs_scribe_v2,svarah_test_0191,success,0,0.666667,1,2,0,0,3,0.928759,1.725250,0.538333,,,1,Add Rs 500,Eight rupees five hundred,add rs 500,8 rupees 500
elevenlabs_scribe_v2,svarah_test_0192,success,0,0.000000,14,0,0,0,14,1.308967,4.112563,0.318285,,,1,"If so, what is it and why do you keep coming back to it?","If so, what is it and why do you keep coming back to it?",if so what is it and why do you keep coming back to it,if so what is it and why do you keep coming back to it
elevenlabs_scribe_v2,svarah_test_0193,success,0,0.111111,9,0,0,1,9,1.301183,3.449750,0.377182,,,1,"So, there are so many bodies who are working","So there are so, so many bodies who are working",so there are so many bodies who are working,so there are so so many bodies who are working
elevenlabs_scribe_v2,svarah_test_0194,success,0,0.000000,1,0,0,0,1,0.760470,0.335375,2.267523,,,1,Dog,Dog,dog,dog
elevenlabs_scribe_v2,svarah_test_0195,success,0,0.000000,1,0,0,0,1,1.206390,0.359438,3.356327,,,1,Three,Three,3,3
elevenlabs_scribe_v2,svarah_test_0196,success,0,0.000000,18,0,0,0,18,1.776851,18.760000,0.094715,,,1,"Previously, it used to be the richer people's language or only few people can talk in English.","Previously, it used to be the, uh, richer people's, uh, language or, uh, only few people can talk in English",previously it used to be the richer people is language or only few people can talk in english,previously it used to be the richer people is language or only few people can talk in english
elevenlabs_scribe_v2,svarah_test_0197,success,0,0.416667,10,2,0,3,12,1.821820,11.802875,0.154354,,,1,"Like that, I already mentioned the title of this book, Jeewan Kadegaful.","Uh, like that, uh, I already mentioned the title of this book, uh, जीवन काँडेको फूल",like that i already mentioned the title of this book jeewan kadegaful,like that i already mentioned the title of this book ज वन क डक फल
elevenlabs_scribe_v2,svarah_test_0198,success,0,0.000000,12,0,0,0,12,1.311950,5.925625,0.221403,,,1,There are primary health centers in every village which provide free medical,"There are primary health centers in every village which provide, uh, free medical, uh",there are primary health centers in every village which provide free medical,there are primary health centers in every village which provide free medical
elevenlabs_scribe_v2,svarah_test_0199,success,0,1.000000,0,0,1,0,1,0.477306,0.245125,1.947194,,,1,Down,,down,
crisp_v0823_whisper_base_en_q4k,svarah_test_0000,success,0,0.100000,28,2,0,1,30,2.053840,14.646375,0.140229,,,1,English breaks the communication barriers between people of diverse cultural backgrounds and it creates a new community where people come together and share their cultures and ideas with broader audience.,English breaks the communication barriers between people of driver's cultural background and it creates a new community where people come together and share their cultures and ideas with broader audience.,english breaks the communication barriers between people of diverse cultural backgrounds and it creates a new community where people come together and share their cultures and ideas with broader audience,english breaks the communication barriers between people of driver is cultural background and it creates a new community where people come together and share their cultures and ideas with broader audience
crisp_v0823_whisper_base_en_q4k,svarah_test_0001,success,0,0.030303,32,0,1,0,33,2.182253,14.365250,0.151912,,,1,"The radiation, the chemotherapy, everything, every every option for cancer treatment is available over here and it is largely used not only by the people of Gujarat but also by the nearby states.","The radiation, the chemotherapy, everything, every option for cancer treatment is available over here and it is largely used not only by the people of Gujarat but also by the nearby states.",the radiation the chemotherapy everything every every option for cancer treatment is available over here and it is largely used not only by the people of gujarat but also by the nearby states,the radiation the chemotherapy everything every option for cancer treatment is available over here and it is largely used not only by the people of gujarat but also by the nearby states
crisp_v0823_whisper_base_en_q4k,svarah_test_0002,success,0,0.000000,13,0,0,0,13,1.745221,4.778375,0.365233,,,1,"We differ from other countries in terms of food, in terms of dress","We differ from other countries in terms of food, in terms of dress.",we differ from other countries in terms of food in terms of dress,we differ from other countries in terms of food in terms of dress
crisp_v0823_whisper_base_en_q4k,svarah_test_0003,success,0,0.000000,16,0,0,0,16,1.830195,6.987188,0.261936,,,1,Can you list all the Paid vaccination centres for age group 18+ years in district Chatra,Can you list all the paid vaccination centers for age group 18+ years in district Chatra?,can you list all the paid vaccination centers for age group 18 years in district chatra,can you list all the paid vaccination centers for age group 18 years in district chatra
crisp_v0823_whisper_base_en_q4k,svarah_test_0004,success,0,0.000000,1,0,0,0,1,1.472989,1.100875,1.338017,,,1,39,39,39,39
crisp_v0823_whisper_base_en_q4k,svarah_test_0005,success,0,0.000000,8,0,0,0,8,1.575800,2.889187,0.545413,,,1,Clear all the reminders set up last Year,Clear all the reminders set up last year.,clear all the reminders set up last year,clear all the reminders set up last year
crisp_v0823_whisper_base_en_q4k,svarah_test_0006,success,0,0.071429,13,1,0,0,14,1.742001,5.507062,0.316321,,,1,A few tributaries form marshy land in early dry season due to natural seepage,A few tributaries form mercy land in early dry season due to natural seepage.,a few tributaries form marshy land in early dry season due to natural seepage,a few tributaries form mercy land in early dry season due to natural seepage
crisp_v0823_whisper_base_en_q4k,svarah_test_0007,success,0,0.000000,1,0,0,0,1,1.527896,0.500875,3.050453,,,1,Time,time.,time,time
crisp_v0823_whisper_base_en_q4k,svarah_test_0008,success,0,0.444444,5,4,0,0,9,1.693271,5.400125,0.313561,,,1,"So, starting with Maghi Chakrati, on Maghi Chakrati which","So, starting with Magi Sakrati on Magi Sakrati which",so starting with maghi chakrati on maghi chakrati which,so starting with magi sakrati on magi sakrati which
crisp_v0823_whisper_base_en_q4k,svarah_test_0009,success,0,0.125000,7,1,0,0,8,1.296644,2.535938,0.511308,,,1,change the color of the lights to blue,Tense the color of the lights to blue.,change the color of the lights to blue,tense the color of the lights to blue
crisp_v0823_whisper_base_en_q4k,svarah_test_0010,success,0,0.000000,1,0,0,0,1,1.226346,0.311688,3.934538,,,1,Three,Three.,3,3
crisp_v0823_whisper_base_en_q4k,svarah_test_0011,success,0,0.000000,1,0,0,0,1,1.280008,0.516188,2.479735,,,1,Agree,Agree,agree,agree
crisp_v0823_whisper_base_en_q4k,svarah_test_0012,success,0,0.000000,10,0,0,0,10,1.299274,4.298250,0.302280,,,1,How is the availability of healthcare professionals in your state?,How is the availability of healthcare professionals in your state?,how is the availability of healthcare professionals in your state,how is the availability of healthcare professionals in your state
crisp_v0823_whisper_base_en_q4k,svarah_test_0013,success,0,0.076923,12,1,0,0,13,1.313216,4.952875,0.265142,,,1,I am trying to search for ESIC Centres with centre type Local Office,I am trying to search for ASIC centers with center type local office.,i am trying to search for esic centers with center type local office,i am trying to search for asic centers with center type local office
crisp_v0823_whisper_base_en_q4k,svarah_test_0014,success,0,0.000000,1,0,0,0,1,1.223691,0.364250,3.359480,,,1,Help,help,help,help
crisp_v0823_whisper_base_en_q4k,svarah_test_0015,success,0,0.151515,29,4,0,1,33,1.684859,13.936125,0.120899,,,1,"my other favorite herbs are tulsi, pudina, dodapathre and vandalaga, tulsi as we all know is a very good medicinal plant or herb that can be used in treating common cold and cough","My other favorite herbs are Toulisi, Pudina, Daudapathra and Vanda Laga. Toulisi as we all know is a very good medicinal plant or herb that can be used in treating common cold and cough.",my other favorite herbs are tulsi pudina dodapathre and vandalaga tulsi as we all know is a very good medicinal plant or herb that can be used in treating common cold and cough,my other favorite herbs are toulisi pudina daudapathra and vanda laga toulisi as we all know is a very good medicinal plant or herb that can be used in treating common cold and cough
crisp_v0823_whisper_base_en_q4k,svarah_test_0016,success,0,0.000000,8,0,0,0,8,1.290630,5.112312,0.252455,,,1,"where I was trained physical, mental and spiritual","where I was trained physical, mental and spiritual.",where i was trained physical mental and spiritual,where i was trained physical mental and spiritual
crisp_v0823_whisper_base_en_q4k,svarah_test_0017,success,0,0.000000,1,0,0,0,1,1.157368,0.690312,1.676586,,,1,because,because,because,because
crisp_v0823_whisper_base_en_q4k,svarah_test_0018,success,0,1.000000,0,1,0,0,1,1.222770,0.833313,1.467361,,,1,Manas,Manash.,manas,manash
crisp_v0823_whisper_base_en_q4k,svarah_test_0019,success,0,0.142857,6,1,0,0,7,1.248343,3.345375,0.373155,,,1,"As for my opinion, there are not","As per my opinion, there are not",as for my opinion there are not,as per my opinion there are not
crisp_v0823_whisper_base_en_q4k,svarah_test_0020,success,0,0.000000,23,0,0,0,23,1.449126,11.101750,0.130531,,,1,"The biking is booming. The demand is increasing, just because they are way cheaper than the cars. And it is environment-friendly, too","The biking is booming, the demand is increasing just because they are way cheaper than the cars and it is environment friendly too.",the biking is booming the demand is increasing just because they are way cheaper than the cars and it is environment friendly too,the biking is booming the demand is increasing just because they are way cheaper than the cars and it is environment friendly too
crisp_v0823_whisper_base_en_q4k,svarah_test_0021,success,0,0.333333,3,0,0,1,3,1.174025,4.960000,0.236699,,,1,entire world interconnected.,the entire world interconnected.,entire world interconnected,the entire world interconnected
crisp_v0823_whisper_base_en_q4k,svarah_test_0022,success,0,0.375000,6,1,1,1,8,1.316906,6.000000,0.219484,,,1,"it It is funded by state government, UCSH","It is funded by state government, EUC, etc.",it it is funded by state government ucsh,it is funded by state government euc etc
crisp_v0823_whisper_base_en_q4k,svarah_test_0023,success,0,0.444444,6,2,1,1,9,1.792970,3.240000,0.553386,,,1,I also like Levi Skrull's Alice in Wonderland.,I also like device corals and is in Wonderland.,i also like levi skrull is alice in wonderland,i also like device corals and is in wonderland
crisp_v0823_whisper_base_en_q4k,svarah_test_0024,success,0,0.000000,6,0,0,0,6,2.888498,2.129563,1.356381,,,1,Mute my reminders for a day!,mute my reminders for a day,mute my reminders for a day,mute my reminders for a day
crisp_v0823_whisper_base_en_q4k,svarah_test_0025,success,0,0.200000,9,1,0,1,10,1.249363,6.360938,0.196412,,,1,Find all blood banks with A- blood in district Warangal,find all blood banks with a blood in district war angle.,find all blood banks with a blood in district warangal,find all blood banks with a blood in district war angle
crisp_v0823_whisper_base_en_q4k,svarah_test_0026,success,0,0.095238,20,1,0,1,21,1.544428,10.678500,0.144630,,,1,For people of age group 18+ years is there any Free vaccination centre available in district Jaipur which provides First Dose,"For people of age group above 18 years, is there any free vaccination centre available in District Jport which provides first dose?",for people of age group 18 years is there any free vaccination center available in district jaipur which provides 1st dose,for people of age group above 18 years is there any free vaccination center available in district jport which provides 1st dose
crisp_v0823_whisper_base_en_q4k,svarah_test_0027,success,0,0.000000,7,0,0,0,7,1.347348,2.799625,0.481260,,,1,Start a new email to George Brown,Start a new email to George Brown.,start a new email to george brown,start a new email to george brown
crisp_v0823_whisper_base_en_q4k,svarah_test_0028,success,0,0.000000,1,0,0,0,1,1.324599,0.591625,2.238917,,,1,farming,farming.,farming,farming
crisp_v0823_whisper_base_en_q4k,svarah_test_0029,success,0,1.000000,0,2,0,0,2,1.505855,1.113000,1.352970,,,1,Chandrashekhar Jha,Chandrze Kurda.,chandrashekhar jha,chandrze kurda
crisp_v0823_whisper_base_en_q4k,svarah_test_0030,success,0,0.000000,5,0,0,0,5,1.327558,3.160000,0.420113,,,1,I love doing nature photography.,I love doing nature photography.,i love doing nature photography,i love doing nature photography
crisp_v0823_whisper_base_en_q4k,svarah_test_0031,success,0,0.055556,17,1,0,0,18,1.315094,5.859250,0.224448,,,1,"That if someone speaks in English, then he is literate. We can justify that, we can judge that.",that if someone speak in English then he is literate. We can justify that. We can judge that.,that if someone speaks in english then he is literate we can justify that we can judge that,that if someone speak in english then he is literate we can justify that we can judge that
crisp_v0823_whisper_base_en_q4k,svarah_test_0032,success,0,0.000000,5,0,0,0,5,1.274914,3.720250,0.342696,,,1,Also music has a very,Also music has a very,also music has a very,also music has a very
crisp_v0823_whisper_base_en_q4k,svarah_test_0033,success,0,0.000000,1,0,0,0,1,1.214323,0.310000,3.917169,,,1,Three,Three.,3,3
crisp_v0823_whisper_base_en_q4k,svarah_test_0034,success,0,2.000000,0,1,0,1,1,1.163508,0.430625,2.701906,,,1,Padma,Bye bye.,padma,bye bye
crisp_v0823_whisper_base_en_q4k,svarah_test_0035,success,0,0.200000,16,3,1,0,20,1.443542,6.638687,0.217444,,,1,The scenes of the movie of John Abraham riding the Suzuki Hayabusa It made me fall in love with biking,The scenes of the movie of Zonnebrahim writing the Suzuki Haibusa. It made me fall in love with biking.,the scenes of the movie of john abraham riding the suzuki hayabusa it made me fall in love with biking,the scenes of the movie of zonnebrahim writing the suzuki haibusa it made me fall in love with biking
crisp_v0823_whisper_base_en_q4k,svarah_test_0036,success,0,0.000000,10,0,0,0,10,1.270879,2.768438,0.459060,,,1,and hoping that one of them would turn out good,and hoping that one of them would turn out good.,and hoping that one of them would turn out good,and hoping that one of them would turn out good
crisp_v0823_whisper_base_en_q4k,svarah_test_0037,success,0,0.176471,14,3,0,0,17,1.511890,8.461500,0.178679,,,1,The price mentioned for National Gardens Potted Tomato Seeds is not correct as compare to market prices.,The price mentioned for National Garden spotted tomato seeds is not correct as compared to market prices.,the price mentioned for national gardens potted tomato seeds is not correct as compare to market prices,the price mentioned for national garden spotted tomato seeds is not correct as compared to market prices
crisp_v0823_whisper_base_en_q4k,svarah_test_0038,success,0,0.300000,7,1,2,0,10,1.411090,6.520000,0.216425,,,1,And so difficult to say a favorite particular favorite quote,And so difficult to say particular favorite code.,and so difficult to say a favorite particular favorite quote,and so difficult to say particular favorite code
crisp_v0823_whisper_base_en_q4k,svarah_test_0039,success,0,0.000000,12,0,0,0,12,1.296021,5.480000,0.236500,,,1,"the religion, or the community, or the race that they belong to,",the religion or the community or the race that they belong to,the religion or the community or the race that they belong to,the religion or the community or the race that they belong to
crisp_v0823_whisper_base_en_q4k,svarah_test_0040,success,0,0.000000,11,0,0,0,11,1.268624,3.530063,0.359377,,,1,Tennis courts have been built for youngsters to learn the sport.,Tennis courts have been built for youngsters to learn the sport.,tennis courts have been built for youngsters to learn the sport,tennis courts have been built for youngsters to learn the sport
crisp_v0823_whisper_base_en_q4k,svarah_test_0041,success,0,0.166667,11,1,0,1,12,1.509565,7.043000,0.214335,,,1,"yes it caters different need and different sectors for example, hospitality, agriculture","And yes, it carries different need and different sectors, for example, hospitality, agriculture,",yes it caters different need and different sectors for example hospitality agriculture,and yes it carries different need and different sectors for example hospitality agriculture
crisp_v0823_whisper_base_en_q4k,svarah_test_0042,success,0,0.000000,35,0,0,0,35,1.564115,15.625813,0.100098,,,1,"It celebrates the occasion on two days, that is 15th and 16th of August. The festivity is held on such a large scale that even people from neighboring town gather here to witness the spectacle","It celebrates the occasion on two days, that is 15th and 16th of August. The festivity is held on such a large scale that even people from neighboring town gather here to witness the spectacle.",it celebrates the occasion on 2 days that is 15th and 16th of august the festivity is held on such a large scale that even people from neighboring town gather here to witness the spectacle,it celebrates the occasion on 2 days that is 15th and 16th of august the festivity is held on such a large scale that even people from neighboring town gather here to witness the spectacle
crisp_v0823_whisper_base_en_q4k,svarah_test_0043,success,0,0.000000,1,0,0,0,1,1.219101,0.514500,2.369487,,,1,On,on,on,on
crisp_v0823_whisper_base_en_q4k,svarah_test_0044,success,0,0.058824,16,1,0,0,17,1.432254,5.823563,0.245941,,,1,The people in a traditional school focus on the subjects that are of the same for everyone,The pupils in a traditional school focus on the subjects that are of the same for everyone.,the people in a traditional school focus on the subjects that are of the same for everyone,the pupils in a traditional school focus on the subjects that are of the same for everyone
crisp_v0823_whisper_base_en_q4k,svarah_test_0045,success,0,0.000000,12,0,0,0,12,1.324338,7.051437,0.187811,,,1,"Initially, I used to think that yoga is very hard to practice.","Initially, I used to think that yoga is very hard to practice.",initially i used to think that yoga is very hard to practice,initially i used to think that yoga is very hard to practice
crisp_v0823_whisper_base_en_q4k,svarah_test_0046,success,0,0.090909,10,1,0,0,11,1.332603,3.884125,0.343090,,,1,"For example, you might be able to decrease your shipping costs","For example, you might be able to decrease your shipping cost",for example you might be able to decrease your shipping costs,for example you might be able to decrease your shipping cost
crisp_v0823_whisper_base_en_q4k,svarah_test_0047,success,0,0.064516,30,1,0,1,31,1.533224,12.755250,0.120203,,,1,"Apart from these factors, the challenges like salary given to private school teachers is quite meager and they find it quite hard to make their ends meet in such less income.","Apart from these factors, the challenge is like salary given to private school teachers is quite meager and they find it quite hard to make their ends meet in such less income.",apart from these factors the challenges like salary given to private school teachers is quite meager and they find it quite hard to make their ends meet in such less income,apart from these factors the challenge is like salary given to private school teachers is quite meager and they find it quite hard to make their ends meet in such less income
crisp_v0823_whisper_base_en_q4k,svarah_test_0048,success,0,0.272727,9,2,0,1,11,1.274097,4.151438,0.306905,,,1,Show a list of all available vaccination center in State Maharashtra,Show a list of all available vaccinations and are in state Maharashtra.,show a list of all available vaccination center in state maharashtra,show a list of all available vaccinations and are in state maharashtra
crisp_v0823_whisper_base_en_q4k,svarah_test_0049,success,0,0.000000,1,0,0,0,1,1.383238,0.622062,2.223632,,,1,Government,government,government,government
crisp_v0823_whisper_base_en_q4k,svarah_test_0050,success,0,0.105263,17,2,0,0,19,1.510069,9.400875,0.160631,,,1,"So, the matter I took take to paint is nature maybe a same scenery or any animal or flowers","So, the matter I took take to paint is nature, maybe a sin-senery or any animal or flowers.",so the matter i took take to paint is nature maybe a same scenery or any animal or flowers,so the matter i took take to paint is nature maybe a sin senery or any animal or flowers
crisp_v0823_whisper_base_en_q4k,svarah_test_0051,success,0,0.000000,17,0,0,0,17,1.808484,7.465937,0.242231,,,1,"So yes, English plays a very important role in exchanging and communication that is very very important",So yes English plays a very important role in exchanging and communication that is very very important.,so yes english plays a very important role in exchanging and communication that is very very important,so yes english plays a very important role in exchanging and communication that is very very important
crisp_v0823_whisper_base_en_q4k,svarah_test_0052,success,0,0.000000,5,0,0,0,5,1.231860,1.867063,0.659785,,,1,more than any other kind,more than any other kind.,more than any other kind,more than any other kind
crisp_v0823_whisper_base_en_q4k,svarah_test_0053,success,0,0.166667,11,0,1,1,12,1.479924,8.849438,0.167234,,,1,"the 10th day and up to Purnima, people visit to their relatives","the day and up to Purnima, they people visit to their relatives",the 10th day and up to purnima people visit to their relatives,the day and up to purnima they people visit to their relatives
crisp_v0823_whisper_base_en_q4k,svarah_test_0054,success,0,0.833333,1,5,0,0,6,1.978414,1.799375,1.099501,,,1,throng and climb the Baukungri peak,Trons and Clients about Congry Freak.,throng and climb the baukungri peak,trons and clients about congry freak
crisp_v0823_whisper_base_en_q4k,svarah_test_0055,success,0,0.000000,1,0,0,0,1,1.154509,0.560000,2.061623,,,1,Yeah.,Yeah.,yeah,yeah
crisp_v0823_whisper_base_en_q4k,svarah_test_0056,success,0,0.000000,1,0,0,0,1,1.259677,0.690750,1.823637,,,1,On,On!,on,on
crisp_v0823_whisper_base_en_q4k,svarah_test_0057,success,0,0.000000,1,0,0,0,1,1.198062,0.480000,2.495962,,,1,food,food.,food,food
crisp_v0823_whisper_base_en_q4k,svarah_test_0058,success,0,0.000000,11,0,0,0,11,1.549352,3.553187,0.436046,,,1,She is the recipient of several accolades including a Filmfare Award.,She is the recipient of several accolades including a Filmfare Award.,she is the recipient of several accolades including a filmfare award,she is the recipient of several accolades including a filmfare award
crisp_v0823_whisper_base_en_q4k,svarah_test_0059,success,0,0.000000,17,0,0,0,17,2.179954,5.000000,0.435991,,,1,"So in order to bring all these back, in order to promote our cultural aspects, our cultural","So in order to bring all these back, in order to promote our cultural aspects, our cultural",so in order to bring all these back in order to promote our cultural aspects our cultural,so in order to bring all these back in order to promote our cultural aspects our cultural
crisp_v0823_whisper_base_en_q4k,svarah_test_0060,success,0,0.034483,28,0,1,0,29,1.929640,12.481188,0.154604,,,1,"There, There is something which pulls me towards that book which makes me read again and again and again is the kind of connection I feel with her stories.",There is something which pulls me towards that book which makes me read again and again and again is the kind of connection I feel with her stories.,there there is something which pulls me towards that book which makes me read again and again and again is the kind of connection i feel with her stories,there is something which pulls me towards that book which makes me read again and again and again is the kind of connection i feel with her stories
crisp_v0823_whisper_base_en_q4k,svarah_test_0061,success,0,0.000000,2,0,0,0,2,1.885563,1.105500,1.705620,,,1,volume level,Volume Level,volume level,volume level
crisp_v0823_whisper_base_en_q4k,svarah_test_0062,success,0,0.100000,9,1,0,0,10,2.373132,3.456000,0.686670,,,1,Pay Rs. 500 more to the last scanned QR code,Pay Rs 500 more to the last scant QR code.,pay rs 500 more to the last scanned qr code,pay rs 500 more to the last scant qr code
crisp_v0823_whisper_base_en_q4k,svarah_test_0063,success,0,1.000000,0,1,0,0,1,2.597933,0.287000,9.052032,,,1,Down,on.,down,on
crisp_v0823_whisper_base_en_q4k,svarah_test_0064,success,0,0.062500,15,0,1,0,16,1.658333,10.309375,0.160857,,,1,William Shakespeare is believed to be responsible for the addition of thousands of words new words.,William Shakespeare is believed to be responsible for the addition of thousands of new words.,william shakespeare is believed to be responsible for the addition of 1000s of words new words,william shakespeare is believed to be responsible for the addition of 1000s of new words
crisp_v0823_whisper_base_en_q4k,svarah_test_0065,success,0,0.047619,21,0,0,1,21,1.526862,7.659500,0.199342,,,1,"the people who practice those different religions, they have a high level of tolerance and respect for each other's religion",well the people who practice those different religions they have a high level of tolerance and respect for each other's religion,the people who practice those different religions they have a high level of tolerance and respect for each other is religion,well the people who practice those different religions they have a high level of tolerance and respect for each other is religion
crisp_v0823_whisper_base_en_q4k,svarah_test_0066,success,0,0.333333,7,2,0,1,9,1.334347,5.145000,0.259348,,,1,"Lakshmi Vilas Palace, residence of Vadodara's royal family.",Lakshmi Vila's palace residence of Arudra's royal family.,lakshmi vilas palace residence of vadodara is royal family,lakshmi vila is palace residence of arudra is royal family
crisp_v0823_whisper_base_en_q4k,svarah_test_0067,success,0,0.357143,11,3,0,2,14,1.388748,5.680500,0.244476,,,1,What are the items in Processed Food items with the offer of minimum 40 % ?,What are the items in the process for the items with the offer of minimum 40%?,what are the items in processed food items with the offer of minimum 40 ,what are the items in the process for the items with the offer of minimum 40%
crisp_v0823_whisper_base_en_q4k,svarah_test_0068,success,0,0.000000,1,0,0,0,1,1.339184,0.332375,4.029135,,,1,Up,up,up,up
crisp_v0823_whisper_base_en_q4k,svarah_test_0069,success,0,0.000000,9,0,0,0,9,1.292284,5.599687,0.230778,,,1,our festivals which are considered to be the symbols,our festivals which are considered to be the symbols.,our festivals which are considered to be the symbols,our festivals which are considered to be the symbols
crisp_v0823_whisper_base_en_q4k,svarah_test_0070,success,0,0.000000,1,0,0,0,1,1.213271,0.864563,1.403335,,,1,Backward,Backward.,backward,backward
crisp_v0823_whisper_base_en_q4k,svarah_test_0071,success,0,0.214286,11,1,2,0,14,1.304656,4.800000,0.271803,,,1,"That is why I like poetry, and it is my favorite genre in writing.",That is why I like poetry and it is my favorite journey.,that is why i like poetry and it is my favorite genre in writing,that is why i like poetry and it is my favorite journey
crisp_v0823_whisper_base_en_q4k,svarah_test_0072,success,0,1.000000,1,0,0,1,1,1.209472,0.433437,2.790418,,,1,Agree,I agree.,agree,i agree
crisp_v0823_whisper_base_en_q4k,svarah_test_0073,success,0,0.272727,8,2,1,0,11,1.321105,4.160000,0.317573,,,1,The Fine Old English Gentleman is one of his finest poems.,Fine Old English Gentleman is one of its finest points.,the fine old english gentleman is one of his finest poems,fine old english gentleman is one of its finest points
crisp_v0823_whisper_base_en_q4k,svarah_test_0074,success,0,1.000000,0,1,0,0,1,1.224836,0.794375,1.541886,,,1,Subarnapur,Supernoples,subarnapur,supernoples
crisp_v0823_whisper_base_en_q4k,svarah_test_0075,success,0,0.000000,5,0,0,0,5,1.517422,1.975000,0.768315,,,1,There is no restriction on,There is no restriction on,there is no restriction on,there is no restriction on
crisp_v0823_whisper_base_en_q4k,svarah_test_0076,success,0,0.000000,3,0,0,0,3,2.150256,0.958937,2.242331,,,1,that is noodle.,That is Noodle.,that is noodle,that is noodle
crisp_v0823_whisper_base_en_q4k,svarah_test_0077,success,0,0.176471,14,2,1,0,17,1.961638,5.701750,0.344041,,,1,"Although a French citizen, she has been brought up and lived most of her life in India.","Although a French citizen, she has been brought up and lived must offer life in India.",although a french citizen she has been brought up and lived most of her life in india,although a french citizen she has been brought up and lived must offer life in india
crisp_v0823_whisper_base_en_q4k,svarah_test_0078,success,0,0.000000,19,0,0,0,19,2.213314,7.880375,0.280864,,,1,or may it be any local vendor. They will always be ready to help people coming from outside Odisha.,"or may it be any local vendor, they will always be ready to help people coming from outside Odisha.",or may it be any local vendor they will always be ready to help people coming from outside odisha,or may it be any local vendor they will always be ready to help people coming from outside odisha
crisp_v0823_whisper_base_en_q4k,svarah_test_0079,success,0,0.500000,1,1,0,0,2,1.787594,0.957125,1.867671,,,1,developing steps,developing state.,developing steps,developing state
crisp_v0823_whisper_base_en_q4k,svarah_test_0080,success,0,0.000000,27,0,0,0,27,2.181671,13.535562,0.161181,,,1,"In India, most states, they focus more on studies and rather less on sports. That is the reason why we have low sports categories in our states","In India, most states they focus more on studies and rather less on sports. That is the reason why we have low sports categories in our states.",in india most states they focus more on studies and rather less on sports that is the reason why we have low sports categories in our states,in india most states they focus more on studies and rather less on sports that is the reason why we have low sports categories in our states
crisp_v0823_whisper_base_en_q4k,svarah_test_0081,success,0,0.000000,5,0,0,0,5,1.524362,2.133938,0.714343,,,1,let me hear my list,Let me hear my list.,let me hear my list,let me hear my list
crisp_v0823_whisper_base_en_q4k,svarah_test_0082,success,0,0.071429,13,1,0,0,14,1.992269,6.716500,0.296623,,,1,A reduction in this cost is evidence that you are building a recognized brand.,A reduction in this cost is evidence that you are building a recognized plant.,a reduction in this cost is evidence that you are building a recognized brand,a reduction in this cost is evidence that you are building a recognized plant
crisp_v0823_whisper_base_en_q4k,svarah_test_0083,success,0,2.000000,0,1,0,1,1,1.985467,0.663000,2.994672,,,1,Kuwait,Go ahead.,kuwait,go ahead
crisp_v0823_whisper_base_en_q4k,svarah_test_0084,success,0,0.000000,10,0,0,0,10,1.520700,3.327062,0.457070,,,1,Being even a few minutes late may disqualify your submission.,Being even a few minutes late may disqualify your submission.,being even a few minutes late may disqualify your submission,being even a few minutes late may disqualify your submission
crisp_v0823_whisper_base_en_q4k,svarah_test_0085,success,0,0.000000,1,0,0,0,1,1.299378,0.540937,2.402085,,,1,Forward,forward.,forward,forward
crisp_v0823_whisper_base_en_q4k,svarah_test_0086,success,0,0.000000,5,0,0,0,5,1.327908,0.904937,1.467403,,,1,i want you to mute,I want you to mute.,i want you to mute,i want you to mute
crisp_v0823_whisper_base_en_q4k,svarah_test_0087,success,0,1.000000,0,1,0,0,1,1.390998,0.483000,2.879913,,,1,Three,Tree,3,tree
crisp_v0823_whisper_base_en_q4k,svarah_test_0088,success,0,0.375000,5,3,0,0,8,1.690914,7.283812,0.232147,,,1,Your MPIN is invalid for mobile number 77341091445,Your ampere is invalid from mobile number 7734109445.,your mpin is invalid for mobile number 77341091445,your ampere is invalid from mobile number 7734109445
crisp_v0823_whisper_base_en_q4k,svarah_test_0089,success,0,0.000000,3,0,0,0,3,1.613837,0.931562,1.732398,,,1,raise the volume,Raise the volume.,raise the volume,raise the volume
crisp_v0823_whisper_base_en_q4k,svarah_test_0090,success,0,0.100000,18,1,1,0,20,1.591420,11.045063,0.144084,,,1,So if they are not using glutes they will tire the their other muscles and that will lead to fatigue.,"So, if they are not using roots they will tire the other muscles and that will lead to fatigue.",so if they are not using glutes they will tire the their other muscles and that will lead to fatigue,so if they are not using roots they will tire the other muscles and that will lead to fatigue
crisp_v0823_whisper_base_en_q4k,svarah_test_0091,success,0,0.000000,6,0,0,0,6,1.474834,2.927625,0.503765,,,1,are being converted into residential sites,are being converted into residential sites.,are being converted into residential sites,are being converted into residential sites
crisp_v0823_whisper_base_en_q4k,svarah_test_0092,success,0,0.000000,7,0,0,0,7,1.332611,2.117500,0.629332,,,1,"As I am not a professional singer,",as I am not a professional singer.,as i am not a professional singer,as i am not a professional singer
crisp_v0823_whisper_base_en_q4k,svarah_test_0093,success,0,0.454545,8,2,1,2,11,1.352038,4.880000,0.277057,,,1,But somebody from Mumbai or Bangalore could very well learn Odissi,somebody from Mumbai or Bangalore could very well know or to see,but somebody from mumbai or bangalore could very well learn odissi,somebody from mumbai or bangalore could very well know or to see
crisp_v0823_whisper_base_en_q4k,svarah_test_0094,success,0,0.000000,8,0,0,0,8,1.647656,3.168625,0.519991,,,1,and use them in our bath powders or,and use them in our bath powders or,and use them in our bath powders or,and use them in our bath powders or
crisp_v0823_whisper_base_en_q4k,svarah_test_0095,success,0,0.111111,9,0,0,1,9,1.203783,7.183375,0.167579,,,1,"Well, I was not a student of English medium.","Well, I was a not a student of English medium.",well i was not a student of english medium,well i was a not a student of english medium
crisp_v0823_whisper_base_en_q4k,svarah_test_0096,success,0,0.000000,1,0,0,0,1,1.147526,0.850000,1.350031,,,1,agriculture,agriculture,agriculture,agriculture
crisp_v0823_whisper_base_en_q4k,svarah_test_0097,success,0,0.428571,5,2,0,1,7,1.232982,3.803500,0.324170,,,1,its multiple subplots and the complicated plot,its multiple cup plots and the complicated plots.,its multiple subplots and the complicated plot,its multiple cup plots and the complicated plots
crisp_v0823_whisper_base_en_q4k,svarah_test_0098,success,0,0.230769,11,2,0,1,13,1.413891,8.324312,0.169851,,,1,So after the celebration all the materials that is gathered or collected are,"So, after this in vibration all the materials that is gathered or collected are",so after the celebration all the materials that is gathered or collected are,so after this in vibration all the materials that is gathered or collected are
crisp_v0823_whisper_base_en_q4k,svarah_test_0099,success,0,0.105263,18,1,0,1,19,1.364059,11.592813,0.117664,,,1,Can you help in searching for ESIC Centres located in area with pincode 198753 and centre type IMP Clinic,Can you help in searching for ESIC centers located in area with PIN code 198753 and center type IMP clinic?,can you help in searching for esic centers located in area with pincode 198753 and center type imp clinic,can you help in searching for esic centers located in area with pin code 198753 and center type imp clinic
crisp_v0823_whisper_base_en_q4k,svarah_test_0100,success,0,0.000000,15,0,0,0,15,1.298484,6.168500,0.210502,,,1,Social media and online education platforms plays a vital role in the field of education.,Social media and online education platforms plays a vital role in the field of education.,social media and online education platforms plays a vital role in the field of education,social media and online education platforms plays a vital role in the field of education
crisp_v0823_whisper_base_en_q4k,svarah_test_0101,success,0,1.000000,0,1,0,0,1,1.441733,0.546875,2.636311,,,1,Off,of,off,of
crisp_v0823_whisper_base_en_q4k,svarah_test_0102,success,0,0.375000,6,2,0,1,8,1.778046,5.298687,0.335563,,,1,compare to other languages English has wider audience,compared to other languages English as a wider audience,compare to other languages english has wider audience,compared to other languages english as a wider audience
crisp_v0823_whisper_base_en_q4k,svarah_test_0103,success,0,0.125000,7,1,0,0,8,1.916262,3.324125,0.576471,,,1,Bangalore is known as a city of entrepreneurs.,Bangalore is known as the city of entrepreneurs.,bangalore is known as a city of entrepreneurs,bangalore is known as the city of entrepreneurs
crisp_v0823_whisper_base_en_q4k,svarah_test_0104,success,0,0.052632,18,1,0,0,19,1.321409,8.204875,0.161052,,,1,Tell me how to link multiple bank accounts and transfer money between my own accounts in Maharashtra Gramin Bank,Tell me how to link multiple bank accounts and transfer money between my own accounts in Maharashtra-Graman bank.,tell me how to link multiple bank accounts and transfer money between my own accounts in maharashtra gramin bank,tell me how to link multiple bank accounts and transfer money between my own accounts in maharashtra graman bank
crisp_v0823_whisper_base_en_q4k,svarah_test_0105,success,0,0.000000,1,0,0,0,1,1.261020,0.996687,1.265211,,,1,Previous,previous,previous,previous
crisp_v0823_whisper_base_en_q4k,svarah_test_0106,success,0,0.200000,8,2,0,0,10,1.369664,3.796250,0.360794,,,1,Attacks targeting police have become common in the Nangarhar province,attacks targeting police have become common in the Nangarhara Provence,attacks targeting police have become common in the nangarhar province,attacks targeting police have become common in the nangarhara provence
crisp_v0823_whisper_base_en_q4k,svarah_test_0107,success,0,0.111111,8,0,1,0,9,1.309360,4.240000,0.308811,,,1,"In North Bihar, there is a lot of flooding,",In north Bihar there is lot of flooding.,in north bihar there is a lot of flooding,in north bihar there is lot of flooding
crisp_v0823_whisper_base_en_q4k,svarah_test_0108,success,0,0.300000,7,2,1,0,10,1.455215,4.359000,0.333842,,,1,Capturing candid moment can make a great portrait I think.,capturing candle moment can make great pottery I think.,capturing candid moment can make a great portrait i think,capturing candle moment can make great pottery i think
crisp_v0823_whisper_base_en_q4k,svarah_test_0109,success,0,0.000000,7,0,0,0,7,2.346878,3.001875,0.781804,,,1,The art and craft of our state,the art and craft of our state.,the art and craft of our state,the art and craft of our state
crisp_v0823_whisper_base_en_q4k,svarah_test_0110,success,0,0.000000,9,0,0,0,9,1.571852,3.060062,0.513667,,,1,Can I get my order delivered after 2 Hours,Can I get my order delivered after 2 hours?,can i get my order delivered after 2 hours,can i get my order delivered after 2 hours
crisp_v0823_whisper_base_en_q4k,svarah_test_0111,success,0,0.500000,5,3,2,0,10,1.203861,4.539500,0.265197,,,1,Chhath Puja is a folk festival that lasts four days.,Chirpooja is folk festival that larts for days.,chhath puja is a folk festival that lasts 4 days,chirpooja is folk festival that larts for days
crisp_v0823_whisper_base_en_q4k,svarah_test_0112,success,0,0.000000,1,0,0,0,1,1.167681,0.477500,2.445405,,,1,One,one,one,one
crisp_v0823_whisper_base_en_q4k,svarah_test_0113,success,0,0.000000,1,0,0,0,1,1.115411,0.435125,2.563426,,,1,On,on.,on,on
crisp_v0823_whisper_base_en_q4k,svarah_test_0114,success,0,0.240000,19,4,2,0,25,1.878649,12.950000,0.145069,,,1,"So the first day of Bohag Bihu is called Guru Bihu. In this Bihu, bulls or cows are bathed in the bank of a river.","So, the first day of Bhuangbiu is called Guru Bhu. In this Bhu, bulls or cows are matted in the bank of river.",so the 1st day of bohag bihu is called guru bihu in this bihu bulls or cows are bathed in the bank of a river,so the 1st day of bhuangbiu is called guru bhu in this bhu bulls or cows are matted in the bank of river
crisp_v0823_whisper_base_en_q4k,svarah_test_0115,success,0,0.090909,10,1,0,0,11,1.468353,3.100000,0.473662,,,1,"Now taking the government schools into account, not much was done","Now taking the garment schools into account, not much was done.",now taking the government schools into account not much was done,now taking the garment schools into account not much was done
crisp_v0823_whisper_base_en_q4k,svarah_test_0116,success,0,0.200000,8,1,1,0,10,1.426808,3.160000,0.451521,,,1,We have a composter at our garden in our house,We have a Composter Actor garden in our house.,we have a composter at our garden in our house,we have a composter actor garden in our house
crisp_v0823_whisper_base_en_q4k,svarah_test_0117,success,0,0.000000,11,0,0,0,11,1.289665,2.797750,0.460965,,,1,What remaining bills do I have to pay for this month ?,What remaining bills do I have to pay for this month?,what remaining bills do i have to pay for this month,what remaining bills do i have to pay for this month
crisp_v0823_whisper_base_en_q4k,svarah_test_0118,success,0,0.000000,5,0,0,0,5,1.255853,3.558625,0.352904,,,1,Indian English speakers of English,Indian English speakers of English,indian english speakers of english,indian english speakers of english
crisp_v0823_whisper_base_en_q4k,svarah_test_0119,success,0,0.100000,9,1,0,0,10,1.228679,5.561687,0.220918,,,1,Chalazion surgery is a safe procedure and complications seldom occur.,Shellazion surgery is a safe procedure and complications seldom occur.,chalazion surgery is a safe procedure and complications seldom occur,shellazion surgery is a safe procedure and complications seldom occur
crisp_v0823_whisper_base_en_q4k,svarah_test_0120,success,0,0.066667,14,1,0,0,15,1.306016,7.148937,0.182687,,,1,Can you add 120 gm The Laughing Cow Creamy Cheese Triangles to my shopping list?,Can you add 120 grams? The laughing cow creamy cheese triangles to my shopping list.,can you add 120 gm the laughing cow creamy cheese triangles to my shopping list,can you add 120 grams the laughing cow creamy cheese triangles to my shopping list
crisp_v0823_whisper_base_en_q4k,svarah_test_0121,success,0,0.333333,2,1,0,0,3,1.352932,0.966000,1.400551,,,1,One is their,one is there,one is their,one is there
crisp_v0823_whisper_base_en_q4k,svarah_test_0122,success,0,0.021739,45,1,0,0,46,1.671403,26.609750,0.062812,,,1,"as the story developed, which is set in the time of the English Civil War in the 17th century, it became really very interesting and also described not only the culture and the social mores of the period, but also developed into a very good storyline.",as the story developed which is set in the time of the English Civil War in the 17th century it became really very interesting and also described not only the culture and the social modes of the period but also developed into a very good storyline.,as the story developed which is set in the time of the english civil war in the 17th century it became really very interesting and also described not only the culture and the social mores of the period but also developed into a very good storyline,as the story developed which is set in the time of the english civil war in the 17th century it became really very interesting and also described not only the culture and the social modes of the period but also developed into a very good storyline
crisp_v0823_whisper_base_en_q4k,svarah_test_0123,success,0,0.000000,10,0,0,0,10,1.245004,3.702750,0.336238,,,1,Can you send money to unsaved mobile numbers in Pay,Can you send money to unsaved mobile numbers in pay?,can you send money to unsaved mobile numbers in pay,can you send money to unsaved mobile numbers in pay
crisp_v0823_whisper_base_en_q4k,svarah_test_0124,success,0,0.093750,31,1,0,2,32,1.466179,16.597000,0.088340,,,1,"Kerala's cultural heritage is centuries old. The culture of Kerala is an amalgam of native art forms, language, literature, architectural style, music, festivals, cuisine, archaeological monuments, heritage centers and so on","It's Kerala's cultural heritage is centuries old. The culture of Kerala is an amalgam of native art forms, language, literature, architectural style, music, festivals, kiwji, archaeological monuments, heritage centers and so on.",kerala is cultural heritage is centuries old the culture of kerala is an amalgam of native art forms language literature architectural style music festivals cuisine archaeological monuments heritage centers and so on,it is kerala is cultural heritage is centuries old the culture of kerala is an amalgam of native art forms language literature architectural style music festivals kiwji archaeological monuments heritage centers and so on
crisp_v0823_whisper_base_en_q4k,svarah_test_0125,success,0,0.000000,1,0,0,0,1,1.104441,0.135313,8.162153,,,1,Up,up,up,up
crisp_v0823_whisper_base_en_q4k,svarah_test_0126,success,0,0.166667,11,1,0,1,12,1.241413,9.000000,0.137935,,,1,"So the climate here in Kanimpung, the winter are a bit cold,",So the climate here in Kanempon and the winter are a bit cold.,so the climate here in kanimpung the winter are a bit cold,so the climate here in kanempon and the winter are a bit cold
crisp_v0823_whisper_base_en_q4k,svarah_test_0127,success,0,0.000000,2,0,0,0,2,1.173973,1.720000,0.682542,,,1,in 1864,in 1864,in 1864,in 1864
crisp_v0823_whisper_base_en_q4k,svarah_test_0128,success,0,0.230769,10,2,1,0,13,1.335993,7.852688,0.170132,,,1,"It is famous for many cultural traditions like Kirtan, Natak, Allah Rudal etc.","It is famous for many cultural traditions like kirtan, natak, allahrudal etcetera.",it is famous for many cultural traditions like kirtan natak allah rudal etc,it is famous for many cultural traditions like kirtan natak allahrudal etcetera
crisp_v0823_whisper_base_en_q4k,svarah_test_0129,success,0,0.055556,17,1,0,0,18,1.333461,9.410500,0.141699,,,1,"HIV directly infects a small number of T helper cells, and also impairs other immune system responses indirectly.",HIV directly infects a small number of T-halper cells and also impairs other immune system responses indirectly.,hiv directly infects a small number of t helper cells and also impairs other immune system responses indirectly,hiv directly infects a small number of t halper cells and also impairs other immune system responses indirectly
crisp_v0823_whisper_base_en_q4k,svarah_test_0130,success,0,0.000000,6,0,0,0,6,1.389511,4.808438,0.288974,,,1,"London, Singapore, New York, Bangkok, Dubai.","London, Singapore, New York, Bangkok, Dubai.",london singapore new york bangkok dubai,london singapore new york bangkok dubai
crisp_v0823_whisper_base_en_q4k,svarah_test_0131,success,0,0.500000,4,4,0,0,8,1.981887,4.379187,0.452569,,,1,Add Fendo Two Fold Umbrella worth rupees R,"Add Fendo to fold umbrella, vertebra piece are",add fendo 2 fold umbrella worth rupees r,add fendo to fold umbrella vertebra piece are
crisp_v0823_whisper_base_en_q4k,svarah_test_0132,success,0,0.000000,4,0,0,0,4,1.641297,1.900062,0.863812,,,1,students girls students with,"students, girls students with",students girls students with,students girls students with
crisp_v0823_whisper_base_en_q4k,svarah_test_0133,success,0,0.000000,17,0,0,0,17,1.691166,5.520000,0.306371,,,1,What was the last book you read that really impacted you and how did it do so?,What was the last book you read that really impacted you and how did it do so?,what was the last book you read that really impacted you and how did it do so,what was the last book you read that really impacted you and how did it do so
crisp_v0823_whisper_base_en_q4k,svarah_test_0134,success,0,0.130435,21,2,0,1,23,1.712301,8.542125,0.200454,,,1,"Chandigarh IT Park, also known as Rajiv Gandhi Chandigarh Technology Park, is the city's attempt to break into the information technology world.","Chandigarh I.T. Park, also known as Rajiv Khandi Chandigarh Technology Park, is the city's attempt to break into the information technology world.",chandigarh it park also known as rajiv gandhi chandigarh technology park is the city is attempt to break into the information technology world,chandigarh i t park also known as rajiv khandi chandigarh technology park is the city is attempt to break into the information technology world
crisp_v0823_whisper_base_en_q4k,svarah_test_0135,success,0,0.250000,3,1,0,0,4,1.728455,2.118250,0.815983,,,1,save my music preferences,sale my music preferences.,save my music preferences,sale my music preferences
crisp_v0823_whisper_base_en_q4k,svarah_test_0136,success,0,1.000000,0,1,0,0,1,1.486811,0.443188,3.354813,,,1,Tree,3,tree,3
crisp_v0823_whisper_base_en_q4k,svarah_test_0137,success,0,0.040000,24,1,0,0,25,1.493991,20.658375,0.072319,,,1,discrimination is also a big issue in schools and colleges discrimination based on caste and religion is very much pronounced in Gujarat's education system,Discrimination is also a big issue in schools and holidays. Discrimination based on caste and religion is very much pronounced in Gujarat's education system.,discrimination is also a big issue in schools and colleges discrimination based on caste and religion is very much pronounced in gujarat is education system,discrimination is also a big issue in schools and holidays discrimination based on caste and religion is very much pronounced in gujarat is education system
crisp_v0823_whisper_base_en_q4k,svarah_test_0138,success,0,0.000000,8,0,0,0,8,1.358506,6.399687,0.212277,,,1,culture values are also changing with their forms,culture values are also changing with their forms.,culture values are also changing with their forms,culture values are also changing with their forms
crisp_v0823_whisper_base_en_q4k,svarah_test_0139,success,0,0.153846,11,1,1,0,13,1.197429,6.540625,0.183076,,,1,"When people live together in a society, these are there this results automatically.","When people live together in a society, these are the results automatically.",when people live together in a society these are there this results automatically,when people live together in a society these are the results automatically
crisp_v0823_whisper_base_en_q4k,svarah_test_0140,success,0,1.000000,0,6,0,0,6,2.336394,9.640000,0.242364,,,1,"Kamrup metro Nalbari, Nagaon, Sonitpur, Lakhimpur.","Kamri Madro, Nalwari Nogao, Sunetpur, Blokkimbo.",kamrup metro nalbari nagaon sonitpur lakhimpur,kamri madro nalwari nogao sunetpur blokkimbo
crisp_v0823_whisper_base_en_q4k,svarah_test_0141,success,0,2.000000,0,1,0,1,1,1.573998,0.503687,3.124949,,,1,Katak,Cut the,katak,cut the
crisp_v0823_whisper_base_en_q4k,svarah_test_0142,success,0,0.333333,2,0,1,0,3,1.078396,1.012063,1.065543,,,1,The answer is,answer is,the answer is,answer is
crisp_v0823_whisper_base_en_q4k,svarah_test_0143,success,0,0.000000,28,0,0,0,28,1.464890,9.999813,0.146492,,,1,"It cannot be denied that opportunities have increased. There were also suggestions of making some villages model villages, but those ended only in the stage of an idea","It cannot be denied that opportunities have increased. There were also suggestions of making some villages, model villages, but those ended only in the stage of an idea.",it cannot be denied that opportunities have increased there were also suggestions of making some villages model villages but those ended only in the stage of an idea,it cannot be denied that opportunities have increased there were also suggestions of making some villages model villages but those ended only in the stage of an idea
crisp_v0823_whisper_base_en_q4k,svarah_test_0144,success,0,0.000000,15,0,0,0,15,1.262326,4.607062,0.273998,,,1,"At any time during this phase, the car dealer may offer to settle with you.","At any time during this phase, the car dealer may offer to settle with you.",at any time during this phase the car dealer may offer to settle with you,at any time during this phase the car dealer may offer to settle with you
crisp_v0823_whisper_base_en_q4k,svarah_test_0145,success,0,0.000000,1,0,0,0,1,1.140881,0.680125,1.677457,,,1,Yes,Yes.,yes,yes
crisp_v0823_whisper_base_en_q4k,svarah_test_0146,success,0,0.000000,6,0,0,0,6,1.150351,2.485562,0.462813,,,1,and some of the main festivals,and some of the main festivals.,and some of the main festivals,and some of the main festivals
crisp_v0823_whisper_base_en_q4k,svarah_test_0147,success,0,0.235294,13,4,0,0,17,1.288868,6.481375,0.198857,,,1,Why did I get zero discount when the Slurrp Farm Oats Instant Powder mentioned 90 % on order,Why did they get zero discount when the slurp farm or instant powder mentioned 90% on order?,why did i get 0 discount when the slurrp farm oats instant powder mentioned 90 on order,why did they get 0 discount when the slurp farm or instant powder mentioned 90% on order
crisp_v0823_whisper_base_en_q4k,svarah_test_0148,success,0,0.214286,11,1,2,0,14,1.207646,5.549688,0.217606,,,1,Can I change my delivery date from 11-9-2021 TO 23-4-2020 ?,Can I change my delivery date from 1192021 to 23/4/2020?,can i change my delivery date from 11 9 2021 to 23 4 2020,can i change my delivery date from 1192021 to 23 4 2020
crisp_v0823_whisper_base_en_q4k,svarah_test_0149,success,0,0.000000,1,0,0,0,1,1.163416,0.379250,3.067677,,,1,Yes,Yes.,yes,yes
crisp_v0823_whisper_base_en_q4k,svarah_test_0150,success,0,0.250000,21,5,2,0,28,1.405607,11.637250,0.120785,,,1,he Padanilam or the battlefield is a paddy field adjacent to the famous Ochera Parabrahma temple and the festivities are part of a ritual associated with the shrine,The Padanalam or the battlefield is a parivale adjacent to the famous Oshira Parabrama temple and the festivities are part of a ritual associated with shrine.,he padanilam or the battlefield is a paddy field adjacent to the famous ochera parabrahma temple and the festivities are part of a ritual associated with the shrine,the padanalam or the battlefield is a parivale adjacent to the famous oshira parabrama temple and the festivities are part of a ritual associated with shrine
crisp_v0823_whisper_base_en_q4k,svarah_test_0151,success,0,0.000000,11,0,0,0,11,1.540578,4.499937,0.342355,,,1,"is the head of the government, heading the council of ministers.","is the head of the government, heading the Council of Ministers.",is the head of the government heading the council of ministers,is the head of the government heading the council of ministers
crisp_v0823_whisper_base_en_q4k,svarah_test_0152,success,0,0.000000,1,0,0,0,1,1.083391,0.824375,1.314197,,,1,House,House!,house,house
crisp_v0823_whisper_base_en_q4k,svarah_test_0153,success,0,0.250000,6,1,1,0,8,1.239332,3.129125,0.396063,,,1,Some popular beaches in my state Odisha are,some popular beaches in my state orisa,some popular beaches in my state odisha are,some popular beaches in my state orisa
crisp_v0823_whisper_base_en_q4k,svarah_test_0154,success,0,0.000000,18,0,0,0,18,1.259616,8.267375,0.152360,,,1,The child with special needs are now accommodated in regular schools where school has resource rooms for them,The child with special needs are now accommodated in regular schools where school has resource rooms for them.,the child with special needs are now accommodated in regular schools where school has resource rooms for them,the child with special needs are now accommodated in regular schools where school has resource rooms for them
crisp_v0823_whisper_base_en_q4k,svarah_test_0155,success,0,0.000000,20,0,0,0,20,1.279257,8.100625,0.157921,,,1,"But yeah, it wouldn't harm to represent regional languages a bit more in a quest to keep them alive.","But yeah, it wouldn't harm to represent regional languages a bit more in a quest to keep them alive.",but yeah it would not harm to represent regional languages a bit more in a quest to keep them alive,but yeah it would not harm to represent regional languages a bit more in a quest to keep them alive
crisp_v0823_whisper_base_en_q4k,svarah_test_0156,success,0,0.000000,32,0,0,0,32,1.533176,15.817250,0.096931,,,1,"Some local art forms or crafts that are unique to my district are Bagurumba dance, silk rearing, and weaving. Bagurumba is a dance form performed by women folk belonging to Boro community.","Some local art forms or crafts that are unique to my district are Bagurumba dance, silk rearing and weaving. Bagurumba is a dance form performed by women folk belonging to Boro community.",some local art forms or crafts that are unique to my district are bagurumba dance silk rearing and weaving bagurumba is a dance form performed by women folk belonging to boro community,some local art forms or crafts that are unique to my district are bagurumba dance silk rearing and weaving bagurumba is a dance form performed by women folk belonging to boro community
crisp_v0823_whisper_base_en_q4k,svarah_test_0157,success,0,0.000000,1,0,0,0,1,1.416209,0.541250,2.616553,,,1,Jump,Jump,jump,jump
crisp_v0823_whisper_base_en_q4k,svarah_test_0158,success,0,0.000000,12,0,0,0,12,1.552775,5.600000,0.277281,,,1,"Language, though a means of communication, is naturally the expression or representation",language though a means of communication is naturally the expression or representation,language though a means of communication is naturally the expression or representation,language though a means of communication is naturally the expression or representation
crisp_v0823_whisper_base_en_q4k,svarah_test_0159,success,0,1.000000,0,0,1,0,1,1.437792,0.227875,6.309562,,,1,Three,[Music],3,
crisp_v0823_whisper_base_en_q4k,svarah_test_0160,success,0,0.360000,16,7,2,0,25,1.486945,14.968750,0.099337,,,1,"Education for girls is top priorities in our state after our Prime Minister Shri Narendra Modi ji has given the slogan, Beti Bachao, Beti Padhao.","Education for goals is properities in our state after our Prime Minister, Shri Nairindar Modi has given the Silicon Baiti Bachao Baiti Paraou.",education for girls is top priorities in our state after our prime minister shri narendra modi ji has given the slogan beti bachao beti padhao,education for goals is properities in our state after our prime minister shri nairindar modi has given the silicon baiti bachao baiti paraou
crisp_v0823_whisper_base_en_q4k,svarah_test_0161,success,0,0.071429,26,2,0,0,28,1.470859,14.830312,0.099179,,,1,"The present district of South 24 Parganas came into existence on March 1, 1986. It then comprised of two subdivisions, namely, Alipur and Diamond Harbour, and 30 blocks.","The present district of South 24hrsk came into existence on March 1st 1986. It then comprised of two subdivisions, namely Alipur and Diamond Harbour and 30 blocks.",the present district of south 24 parganas came into existence on march one 1986 it then comprised of 2 subdivisions namely alipur and diamond harbor and 30 blocks,the present district of south 24 hrsk came into existence on march 1st 1986 it then comprised of 2 subdivisions namely alipur and diamond harbor and 30 blocks
crisp_v0823_whisper_base_en_q4k,svarah_test_0162,success,0,0.086957,21,2,0,0,23,1.335642,6.160312,0.216814,,,1,"or what are the things that you should try in the state, they will also help maybe it may be a shop person",Or what are the things that you should try in this state? They will also help me. It may be a shop person.,or what are the things that you should try in the state they will also help maybe it may be a shop person,or what are the things that you should try in this state they will also help me it may be a shop person
crisp_v0823_whisper_base_en_q4k,svarah_test_0163,success,0,0.000000,1,0,0,0,1,1.345210,0.521062,2.581667,,,1,Wow,Wow,wow,wow
crisp_v0823_whisper_base_en_q4k,svarah_test_0164,success,0,0.000000,5,0,0,0,5,1.667167,2.880000,0.578877,,,1,"like manganese, limestone, and pyrite,","like manganese, limestone and pyrite.",like manganese limestone and pyrite,like manganese limestone and pyrite
crisp_v0823_whisper_base_en_q4k,svarah_test_0165,success,0,1.000000,0,1,0,0,1,1.595420,0.415125,3.843227,,,1,Tree,Three,tree,3
crisp_v0823_whisper_base_en_q4k,svarah_test_0166,success,0,0.071429,13,1,0,0,14,2.169047,5.116375,0.423942,,,1,Open my transaction history for the last 24 hours and mute the contact Wahida,Open my transaction history for the last 24 hours and mute the contact Bajidah.,open my transaction history for the last 24 hours and mute the contact wahida,open my transaction history for the last 24 hours and mute the contact bajidah
crisp_v0823_whisper_base_en_q4k,svarah_test_0167,success,0,0.000000,17,0,0,0,17,2.737630,10.590375,0.258502,,,1,"Sports teach a person sportsman spirit, hard work, alertness, acceptance, and discipline more than any other source.","Sports teach a person, sportsman spirit, hard work, alertness, acceptance and discipline more than any other source.",sports teach a person sportsman spirit hard work alertness acceptance and discipline more than any other source,sports teach a person sportsman spirit hard work alertness acceptance and discipline more than any other source
crisp_v0823_whisper_base_en_q4k,svarah_test_0168,success,0,0.153846,24,2,0,2,26,2.238124,15.202625,0.147220,,,1,Can you transfer Rs. 400 to my 6844663153262 in IndusInd Bank fortnightly via PayUmoney and give me an alert in case the balance goes below that?,Can you transfer Rs 400 to my 6844663153262 in Induscent Bank fortnightly via pay you money and give me an alert in case the balance goes below that.,can you transfer rs 400 to my 6844663153262 in indusind bank fortnightly via payumoney and give me an alert in case the balance goes below that,can you transfer rs 400 to my 6844663153262 in induscent bank fortnightly via pay you money and give me an alert in case the balance goes below that
crisp_v0823_whisper_base_en_q4k,svarah_test_0169,success,0,0.400000,3,2,0,0,5,1.743761,2.420000,0.720563,,,1,by making transactions on Limeroad,by making transactions online rule.,by making transactions on limeroad,by making transactions online rule
crisp_v0823_whisper_base_en_q4k,svarah_test_0170,success,0,0.000000,1,0,0,0,1,1.868570,0.210437,8.879454,,,1,Up,up,up,up
crisp_v0823_whisper_base_en_q4k,svarah_test_0171,success,0,0.055556,18,0,0,1,18,2.313810,7.891312,0.293210,,,1,A cruise boat service has been started by the tourism department for visitors to the dam and reservoir.,A cruise boat service has been started by the tourism department for the visitors to the dam and reservoir.,a cruise boat service has been started by the tourism department for visitors to the dam and reservoir,a cruise boat service has been started by the tourism department for the visitors to the dam and reservoir
crisp_v0823_whisper_base_en_q4k,svarah_test_0172,success,0,0.000000,1,0,0,0,1,1.590380,0.443375,3.586987,,,1,Learn,Learn,learn,learn
crisp_v0823_whisper_base_en_q4k,svarah_test_0173,success,0,0.000000,19,0,0,0,19,1.405981,6.903562,0.203660,,,1,Najib's dream was to work in the Persian Gulf states and earn enough money to send back home,Najib's dream was to work in the Persian Gulf states and earn enough money to send back home.,najib is dream was to work in the persian gulf states and earn enough money to send back home,najib is dream was to work in the persian gulf states and earn enough money to send back home
crisp_v0823_whisper_base_en_q4k,svarah_test_0174,success,0,0.666667,1,2,0,0,3,1.062547,1.404125,0.756733,,,1,"Yeah, mostly through","Yeah, multi-tool.",yeah mostly through,yeah multi tool
crisp_v0823_whisper_base_en_q4k,svarah_test_0175,success,0,0.000000,1,0,0,0,1,1.118306,0.424250,2.635959,,,1,Nila,Nila.,nila,nila
crisp_v0823_whisper_base_en_q4k,svarah_test_0176,success,0,0.090909,10,0,1,0,11,1.349322,4.939312,0.273180,,,1,brainwashing a child towards a particular religion is a strict no,brainwashing a child towards a particular religion is strict no.,brainwashing a child towards a particular religion is a strict no,brainwashing a child towards a particular religion is strict no
crisp_v0823_whisper_base_en_q4k,svarah_test_0177,success,0,0.000000,11,0,0,0,11,1.612164,5.678750,0.283894,,,1,Is there any Kids vaccination centre in the PIN Code 967045,Is there any kids vaccination center in the PIN code 967045?,is there any kids vaccination center in the pin code 967045,is there any kids vaccination center in the pin code 967045
crisp_v0823_whisper_base_en_q4k,svarah_test_0178,success,0,0.300000,14,5,1,0,20,1.441779,7.094688,0.203220,,,1,"Davis was back in prison and admitted a role in a different armed robbery, at a Bank of Cyprus branch.",Davis was being prisoned and admitted a ruling in a different armed robbery at a bank of cypress brands.,davis was back in prison and admitted a role in a different armed robbery at a bank of cyprus branch,davis was being prisoned and admitted a ruling in a different armed robbery at a bank of cypress brands
crisp_v0823_whisper_base_en_q4k,svarah_test_0179,success,0,0.000000,13,0,0,0,13,1.440686,4.597000,0.313397,,,1,we have seen the assimilation of the culture in English language in India.,We have seen the assimilation of the culture in English language in India.,we have seen the assimilation of the culture in english language in india,we have seen the assimilation of the culture in english language in india
crisp_v0823_whisper_base_en_q4k,svarah_test_0180,success,0,0.000000,1,0,0,0,1,1.296955,0.505938,2.563468,,,1,Go,Go!,go,go
crisp_v0823_whisper_base_en_q4k,svarah_test_0181,success,0,0.200000,12,3,0,0,15,1.223245,6.125375,0.199701,,,1,Why did I get zero discount when the Garden Raita Boondi mentioned 40 % on order,Why did I get zero discount when the garden right upundi mentioned 40% on order?,why did i get 0 discount when the garden raita boondi mentioned 40 on order,why did i get 0 discount when the garden right upundi mentioned 40% on order
crisp_v0823_whisper_base_en_q4k,svarah_test_0182,success,0,0.125000,7,1,0,0,8,1.500393,3.024000,0.496162,,,1,"Despite a defeat of Ladakh by the Mughals,",despite a defeat of Ladakh by the Moghals.,despite a defeat of ladakh by the mughals,despite a defeat of ladakh by the moghals
crisp_v0823_whisper_base_en_q4k,svarah_test_0183,success,0,0.142857,6,1,0,0,7,1.367660,2.471812,0.553303,,,1,Can you tell us about their work?,Can you tell us about the work?,can you tell us about their work,can you tell us about the work
crisp_v0823_whisper_base_en_q4k,svarah_test_0184,success,0,0.000000,14,0,0,0,14,1.250808,6.639375,0.188392,,,1,"During which several architecture, literature and monuments have been built by the British Empire.","During which several architecture, literature and monuments have been built by the British Empire.",during which several architecture literature and monuments have been built by the british empire,during which several architecture literature and monuments have been built by the british empire
crisp_v0823_whisper_base_en_q4k,svarah_test_0185,success,0,2.000000,0,2,0,2,2,1.384113,2.484062,0.557197,,,1,Sunitpur Dhubri,"So, need pour, duapri.",sunitpur dhubri,so need pour duapri
crisp_v0823_whisper_base_en_q4k,svarah_test_0186,success,0,0.000000,13,0,0,0,13,1.205239,8.510875,0.141612,,,1,that to have a round shaped roti was an impossible task for me.,that to have a round shaped roti was an impossible task for me.,that to have a round shaped roti was an impossible task for me,that to have a round shaped roti was an impossible task for me
crisp_v0823_whisper_base_en_q4k,svarah_test_0187,success,0,0.090909,10,0,1,0,11,1.183082,9.872125,0.119841,,,1,"working and what impact it had on people. And so, yeah.",working and what impact it had on people and so.,working and what impact it had on people and so yeah,working and what impact it had on people and so
crisp_v0823_whisper_base_en_q4k,svarah_test_0188,success,0,0.181818,18,4,0,0,22,1.395560,9.000000,0.155062,,,1,"In the 21st century, the entire world has become narrow, accessible, shareable and familiar for all the people living on this earth.","In the beautiful century, the entire world has become narrow, accessible, charitable and family for all the people living on this planet.",in the 21st century the entire world has become narrow accessible shareable and familiar for all the people living on this earth,in the beautiful century the entire world has become narrow accessible charitable and family for all the people living on this planet
crisp_v0823_whisper_base_en_q4k,svarah_test_0189,success,0,0.000000,8,0,0,0,8,1.231199,3.239813,0.380022,,,1,"lockdown period, last three years, so to say","lockdown period last three years, so to say.",lockdown period last 3 years so to say,lockdown period last 3 years so to say
crisp_v0823_whisper_base_en_q4k,svarah_test_0190,success,0,0.000000,1,0,0,0,1,1.172984,0.511188,2.294625,,,1,Right,right.,right,right
crisp_v0823_whisper_base_en_q4k,svarah_test_0191,success,0,0.000000,3,0,0,0,3,1.249387,1.725250,0.724177,,,1,Add Rs 500,Add Rs 500,add rs 500,add rs 500
crisp_v0823_whisper_base_en_q4k,svarah_test_0192,success,0,0.000000,14,0,0,0,14,1.279086,4.112563,0.311019,,,1,"If so, what is it and why do you keep coming back to it?","If so, what is it and why do you keep coming back to it?",if so what is it and why do you keep coming back to it,if so what is it and why do you keep coming back to it
crisp_v0823_whisper_base_en_q4k,svarah_test_0193,success,0,0.111111,8,1,0,0,9,1.170384,3.449750,0.339266,,,1,"So, there are so many bodies who are working",So there are so many bodies who are walking.,so there are so many bodies who are working,so there are so many bodies who are walking
crisp_v0823_whisper_base_en_q4k,svarah_test_0194,success,0,0.000000,1,0,0,0,1,1.053131,0.335375,3.140160,,,1,Dog,dog,dog,dog
crisp_v0823_whisper_base_en_q4k,svarah_test_0195,success,0,0.000000,1,0,0,0,1,1.121589,0.359438,3.120400,,,1,Three,Three.,3,3
crisp_v0823_whisper_base_en_q4k,svarah_test_0196,success,0,0.055556,17,1,0,0,18,1.554977,18.760000,0.082888,,,1,"Previously, it used to be the richer people's language or only few people can talk in English.","Previously, it used to be the richer people's language or only few people can talk when English.",previously it used to be the richer people is language or only few people can talk in english,previously it used to be the richer people is language or only few people can talk when english
crisp_v0823_whisper_base_en_q4k,svarah_test_0197,success,0,0.166667,10,2,0,0,12,1.538247,11.802875,0.130328,,,1,"Like that, I already mentioned the title of this book, Jeewan Kadegaful.","Like that, I already mentioned the title of this book, ""Zion Kharagful"".",like that i already mentioned the title of this book jeewan kadegaful,like that i already mentioned the title of this book zion kharagful
crisp_v0823_whisper_base_en_q4k,svarah_test_0198,success,0,0.000000,12,0,0,0,12,1.511766,5.925625,0.255124,,,1,There are primary health centers in every village which provide free medical,There are primary health centers in every village which provide free medical,there are primary health centers in every village which provide free medical,there are primary health centers in every village which provide free medical
crisp_v0823_whisper_base_en_q4k,svarah_test_0199,success,0,0.000000,1,0,0,0,1,1.649019,0.245125,6.727258,,,1,Down,down.,down,down
crisp_v0823_parakeet_q4k,svarah_test_0000,success,0,0.033333,29,1,0,0,30,9.100480,14.646375,0.621347,,,1,English breaks the communication barriers between people of diverse cultural backgrounds and it creates a new community where people come together and share their cultures and ideas with broader audience.,English breaks the communication barriers between people of diverse cultural background and it creates a new community where people come together and share their cultures and ideas with broader audience.,english breaks the communication barriers between people of diverse cultural backgrounds and it creates a new community where people come together and share their cultures and ideas with broader audience,english breaks the communication barriers between people of diverse cultural background and it creates a new community where people come together and share their cultures and ideas with broader audience
crisp_v0823_parakeet_q4k,svarah_test_0001,success,0,0.030303,33,0,0,1,33,6.383922,14.365250,0.444400,,,1,"The radiation, the chemotherapy, everything, every every option for cancer treatment is available over here and it is largely used not only by the people of Gujarat but also by the nearby states.","The radiation, the chemotherapy, everything, every every option for cancer treatment is available over here and is it is largely used not only by the uh people of Gujarat but also by the nearby states.",the radiation the chemotherapy everything every every option for cancer treatment is available over here and it is largely used not only by the people of gujarat but also by the nearby states,the radiation the chemotherapy everything every every option for cancer treatment is available over here and is it is largely used not only by the people of gujarat but also by the nearby states
crisp_v0823_parakeet_q4k,svarah_test_0002,success,0,0.000000,13,0,0,0,13,1.868831,4.778375,0.391102,,,1,"We differ from other countries in terms of food, in terms of dress","We differ from other countries in terms of food, in terms of dress.",we differ from other countries in terms of food in terms of dress,we differ from other countries in terms of food in terms of dress
crisp_v0823_parakeet_q4k,svarah_test_0003,success,0,0.062500,16,0,0,1,16,2.858088,6.987188,0.409047,,,1,Can you list all the Paid vaccination centres for age group 18+ years in district Chatra,Can you list all the paid vaccination centers for age group eighteen plus years in District Chatra?,can you list all the paid vaccination centers for age group 18 years in district chatra,can you list all the paid vaccination centers for age group 18 plus years in district chatra
crisp_v0823_parakeet_q4k,svarah_test_0004,success,0,0.000000,1,0,0,0,1,0.551096,1.100875,0.500598,,,1,39,thirty nine.,39,39
crisp_v0823_parakeet_q4k,svarah_test_0005,success,0,0.000000,8,0,0,0,8,1.642440,2.889187,0.568478,,,1,Clear all the reminders set up last Year,Clear all the reminders set up last year.,clear all the reminders set up last year,clear all the reminders set up last year
crisp_v0823_parakeet_q4k,svarah_test_0006,success,0,0.000000,14,0,0,0,14,2.977311,5.507062,0.540635,,,1,A few tributaries form marshy land in early dry season due to natural seepage,A few tributaries form marshy land in early dry season due to natural seepage.,a few tributaries form marshy land in early dry season due to natural seepage,a few tributaries form marshy land in early dry season due to natural seepage
crisp_v0823_parakeet_q4k,svarah_test_0007,success,0,1.000000,0,1,0,0,1,0.307425,0.500875,0.613776,,,1,Time,High.,time,high
crisp_v0823_parakeet_q4k,svarah_test_0008,success,0,0.666667,5,4,0,2,9,2.828826,5.400125,0.523845,,,1,"So, starting with Maghi Chakrati, on Maghi Chakrati which","Okay, so s starting with Magy Shakarati. On Magi Shakarati uh which",so starting with maghi chakrati on maghi chakrati which,okay so s starting with magy shakarati on magi shakarati which
crisp_v0823_parakeet_q4k,svarah_test_0009,success,0,0.125000,7,1,0,0,8,1.503798,2.535938,0.592995,,,1,change the color of the lights to blue,Hence the color of the lights to blue.,change the color of the lights to blue,hence the color of the lights to blue
crisp_v0823_parakeet_q4k,svarah_test_0010,success,0,0.000000,1,0,0,0,1,0.297490,0.311688,0.954451,,,1,Three,Three.,3,3
crisp_v0823_parakeet_q4k,svarah_test_0011,success,0,0.000000,1,0,0,0,1,0.358391,0.516188,0.694304,,,1,Agree,Agree.,agree,agree
crisp_v0823_parakeet_q4k,svarah_test_0012,success,0,0.000000,10,0,0,0,10,2.269549,4.298250,0.528017,,,1,How is the availability of healthcare professionals in your state?,How is the availability of healthcare professionals in your state?,how is the availability of healthcare professionals in your state,how is the availability of healthcare professionals in your state
crisp_v0823_parakeet_q4k,svarah_test_0013,success,0,0.153846,12,1,0,1,13,2.003397,4.952875,0.404492,,,1,I am trying to search for ESIC Centres with centre type Local Office,I'm trying to search for a six centres with centre type local office.,i am trying to search for esic centers with center type local office,i am trying to search for a 6 centers with center type local office
crisp_v0823_parakeet_q4k,svarah_test_0014,success,0,0.000000,1,0,0,0,1,0.231772,0.364250,0.636300,,,1,Help,Help.,help,help
crisp_v0823_parakeet_q4k,svarah_test_0015,success,0,0.090909,30,3,0,0,33,5.759003,13.936125,0.413243,,,1,"my other favorite herbs are tulsi, pudina, dodapathre and vandalaga, tulsi as we all know is a very good medicinal plant or herb that can be used in treating common cold and cough","My other favourite herbs are Tulisi, Pudina, Dodapatre and Vandalaga. Tulesi, as we all know, is a very good medicinal plant or herb that can be used in treating common cold and cough.",my other favorite herbs are tulsi pudina dodapathre and vandalaga tulsi as we all know is a very good medicinal plant or herb that can be used in treating common cold and cough,my other favorite herbs are tulisi pudina dodapatre and vandalaga tulesi as we all know is a very good medicinal plant or herb that can be used in treating common cold and cough
crisp_v0823_parakeet_q4k,svarah_test_0016,success,0,0.000000,8,0,0,0,8,1.890635,5.112312,0.369820,,,1,"where I was trained physical, mental and spiritual","uh where uh I was trained uh physical, mental and spiritual.",where i was trained physical mental and spiritual,where i was trained physical mental and spiritual
crisp_v0823_parakeet_q4k,svarah_test_0017,success,0,0.000000,1,0,0,0,1,0.276221,0.690312,0.400139,,,1,because,Because,because,because
crisp_v0823_parakeet_q4k,svarah_test_0018,success,0,1.000000,0,1,0,0,1,0.409359,0.833313,0.491244,,,1,Manas,Manash.,manas,manash
crisp_v0823_parakeet_q4k,svarah_test_0019,success,0,0.142857,6,1,0,0,7,1.450174,3.345375,0.433486,,,1,"As for my opinion, there are not","As per my opinion, there are not",as for my opinion there are not,as per my opinion there are not
crisp_v0823_parakeet_q4k,svarah_test_0020,success,0,0.000000,23,0,0,0,23,4.346690,11.101750,0.391532,,,1,"The biking is booming. The demand is increasing, just because they are way cheaper than the cars. And it is environment-friendly, too","The biking is booming, the demand is increasing just because they are way cheaper than the cars and it is environment friendly too.",the biking is booming the demand is increasing just because they are way cheaper than the cars and it is environment friendly too,the biking is booming the demand is increasing just because they are way cheaper than the cars and it is environment friendly too
crisp_v0823_parakeet_q4k,svarah_test_0021,success,0,0.000000,3,0,0,0,3,1.723544,4.960000,0.347489,,,1,entire world interconnected.,entire world interconnected.,entire world interconnected,entire world interconnected
crisp_v0823_parakeet_q4k,svarah_test_0022,success,0,0.250000,7,1,0,1,8,2.500652,6.000000,0.416775,,,1,"it It is funded by state government, UCSH","It it is funded by state government, EGC, etc.",it it is funded by state government ucsh,it it is funded by state government egc etc
crisp_v0823_parakeet_q4k,svarah_test_0023,success,0,0.444444,8,1,0,3,9,1.564727,3.240000,0.482941,,,1,I also like Levi Skrull's Alice in Wonderland.,I also like Levi's Karl's Alice in Wonderland. It's,i also like levi skrull is alice in wonderland,i also like levi is karl is alice in wonderland it is
crisp_v0823_parakeet_q4k,svarah_test_0024,success,0,0.166667,6,0,0,1,6,0.932846,2.129563,0.438046,,,1,Mute my reminders for a day!,Mute my reminders for a day and,mute my reminders for a day,mute my reminders for a day and
crisp_v0823_parakeet_q4k,svarah_test_0025,success,0,0.000000,10,0,0,0,10,2.850778,6.360938,0.448169,,,1,Find all blood banks with A- blood in district Warangal,Find all blood banks with A blood in District Warangal.,find all blood banks with a blood in district warangal,find all blood banks with a blood in district warangal
crisp_v0823_parakeet_q4k,svarah_test_0026,success,0,0.047619,21,0,0,1,21,4.123308,10.678500,0.386132,,,1,For people of age group 18+ years is there any Free vaccination centre available in district Jaipur which provides First Dose,"For people of age group above 18 years, is there any free vaccination center available in District Jaipur which provides first dose?",for people of age group 18 years is there any free vaccination center available in district jaipur which provides 1st dose,for people of age group above 18 years is there any free vaccination center available in district jaipur which provides 1st dose
crisp_v0823_parakeet_q4k,svarah_test_0027,success,0,0.000000,7,0,0,0,7,1.205238,2.799625,0.430500,,,1,Start a new email to George Brown,Start a new email to George Brown.,start a new email to george brown,start a new email to george brown
crisp_v0823_parakeet_q4k,svarah_test_0028,success,0,0.000000,1,0,0,0,1,0.446418,0.591625,0.754562,,,1,farming,Farming.,farming,farming
crisp_v0823_parakeet_q4k,svarah_test_0029,success,0,1.000000,0,2,0,0,2,1.676400,1.113000,1.506199,,,1,Chandrashekhar Jha,Gender Seekarja.,chandrashekhar jha,gender seekarja
crisp_v0823_parakeet_q4k,svarah_test_0030,success,0,0.000000,5,0,0,0,5,2.987066,3.160000,0.945274,,,1,I love doing nature photography.,I love doing nature photography.,i love doing nature photography,i love doing nature photography
crisp_v0823_parakeet_q4k,svarah_test_0031,success,0,0.000000,18,0,0,0,18,4.309083,5.859250,0.735432,,,1,"That if someone speaks in English, then he is literate. We can justify that, we can judge that.","that if someone speaks in English then he is literate. We can justify that, we can judge that.",that if someone speaks in english then he is literate we can justify that we can judge that,that if someone speaks in english then he is literate we can justify that we can judge that
crisp_v0823_parakeet_q4k,svarah_test_0032,success,0,0.000000,5,0,0,0,5,1.953504,3.720250,0.525100,,,1,Also music has a very,"Also, music uh has a uh very uh",also music has a very,also music has a very
crisp_v0823_parakeet_q4k,svarah_test_0033,success,0,0.000000,1,0,0,0,1,0.546470,0.310000,1.762808,,,1,Three,Three.,3,3
crisp_v0823_parakeet_q4k,svarah_test_0034,success,0,3.000000,0,1,0,2,1,0.502232,0.430625,1.166287,,,1,Padma,Pas de noix.,padma,pas de noix
crisp_v0823_parakeet_q4k,svarah_test_0035,success,0,0.050000,19,1,0,0,20,3.575530,6.638687,0.538590,,,1,The scenes of the movie of John Abraham riding the Suzuki Hayabusa It made me fall in love with biking,"The scenes of the movie of John Ibrahim riding the Suzuki Hayabusa, it made me fall in love with biking.",the scenes of the movie of john abraham riding the suzuki hayabusa it made me fall in love with biking,the scenes of the movie of john ibrahim riding the suzuki hayabusa it made me fall in love with biking
crisp_v0823_parakeet_q4k,svarah_test_0036,success,0,0.000000,10,0,0,0,10,1.253674,2.768438,0.452845,,,1,and hoping that one of them would turn out good,and hoping that one of them would turn out good.,and hoping that one of them would turn out good,and hoping that one of them would turn out good
crisp_v0823_parakeet_q4k,svarah_test_0037,success,0,0.176471,14,3,0,0,17,4.001730,8.461500,0.472934,,,1,The price mentioned for National Gardens Potted Tomato Seeds is not correct as compare to market prices.,The price mentioned for national garden spotted tomato seeds is not correct as compared to market prices.,the price mentioned for national gardens potted tomato seeds is not correct as compare to market prices,the price mentioned for national garden spotted tomato seeds is not correct as compared to market prices
crisp_v0823_parakeet_q4k,svarah_test_0038,success,0,0.000000,10,0,0,0,10,3.074269,6.520000,0.471514,,,1,And so difficult to say a favorite particular favorite quote,and uh so difficult to say um a favorite particular favorite quote,and so difficult to say a favorite particular favorite quote,and so difficult to say a favorite particular favorite quote
crisp_v0823_parakeet_q4k,svarah_test_0039,success,0,0.000000,12,0,0,0,12,2.603170,5.480000,0.475031,,,1,"the religion, or the community, or the race that they belong to,","the religion, um, or the community or the race that they belong to.",the religion or the community or the race that they belong to,the religion or the community or the race that they belong to
crisp_v0823_parakeet_q4k,svarah_test_0040,success,0,0.000000,11,0,0,0,11,1.918446,3.530063,0.543459,,,1,Tennis courts have been built for youngsters to learn the sport.,Tennis courts have been built for youngsters to learn the sport.,tennis courts have been built for youngsters to learn the sport,tennis courts have been built for youngsters to learn the sport
crisp_v0823_parakeet_q4k,svarah_test_0041,success,0,0.083333,12,0,0,1,12,3.464875,7.043000,0.491960,,,1,"yes it caters different need and different sectors for example, hospitality, agriculture","And yes, it caters different need and different sectors, for example, hospitality, agriculture.",yes it caters different need and different sectors for example hospitality agriculture,and yes it caters different need and different sectors for example hospitality agriculture
crisp_v0823_parakeet_q4k,svarah_test_0042,success,0,0.000000,35,0,0,0,35,7.564864,15.625813,0.484126,,,1,"It celebrates the occasion on two days, that is 15th and 16th of August. The festivity is held on such a large scale that even people from neighboring town gather here to witness the spectacle","It celebrates the occasion on two days, that is fifteenth and sixteenth of August. The festivity is held on such a large scale that even people from neighbouring town gather here to witness the spectacle.",it celebrates the occasion on 2 days that is 15th and 16th of august the festivity is held on such a large scale that even people from neighboring town gather here to witness the spectacle,it celebrates the occasion on 2 days that is 15th and 16th of august the festivity is held on such a large scale that even people from neighboring town gather here to witness the spectacle
crisp_v0823_parakeet_q4k,svarah_test_0043,success,0,0.000000,1,0,0,0,1,0.324070,0.514500,0.629873,,,1,On,On,on,on
crisp_v0823_parakeet_q4k,svarah_test_0044,success,0,0.058824,16,1,0,0,17,5.426751,5.823563,0.931861,,,1,The people in a traditional school focus on the subjects that are of the same for everyone,the pupils in a traditional school focus on the subjects that are of the same for everyone,the people in a traditional school focus on the subjects that are of the same for everyone,the pupils in a traditional school focus on the subjects that are of the same for everyone
crisp_v0823_parakeet_q4k,svarah_test_0045,success,0,0.000000,12,0,0,0,12,4.959354,7.051437,0.703311,,,1,"Initially, I used to think that yoga is very hard to practice.",Initially I used to think that yoga is very hard to practice.,initially i used to think that yoga is very hard to practice,initially i used to think that yoga is very hard to practice
crisp_v0823_parakeet_q4k,svarah_test_0046,success,0,0.000000,11,0,0,0,11,2.487026,3.884125,0.640305,,,1,"For example, you might be able to decrease your shipping costs","For example, you might be able to decrease your shipping costs",for example you might be able to decrease your shipping costs,for example you might be able to decrease your shipping costs
crisp_v0823_parakeet_q4k,svarah_test_0047,success,0,0.000000,31,0,0,0,31,6.336037,12.755250,0.496740,,,1,"Apart from these factors, the challenges like salary given to private school teachers is quite meager and they find it quite hard to make their ends meet in such less income.","Apart from these factors, the challenges like salary given to uh private school teachers is quite meager and they find it quite hard to make uh their ends meet in such less income.",apart from these factors the challenges like salary given to private school teachers is quite meager and they find it quite hard to make their ends meet in such less income,apart from these factors the challenges like salary given to private school teachers is quite meager and they find it quite hard to make their ends meet in such less income
crisp_v0823_parakeet_q4k,svarah_test_0048,success,0,0.000000,11,0,0,0,11,2.011957,4.151438,0.484641,,,1,Show a list of all available vaccination center in State Maharashtra,Show a list of all available vaccination center in state Maharashtra.,show a list of all available vaccination center in state maharashtra,show a list of all available vaccination center in state maharashtra
crisp_v0823_parakeet_q4k,svarah_test_0049,success,0,0.000000,1,0,0,0,1,0.575033,0.622062,0.924397,,,1,Government,Government,government,government
crisp_v0823_parakeet_q4k,svarah_test_0050,success,0,0.157895,17,2,0,1,19,4.743536,9.400875,0.504584,,,1,"So, the matter I took take to paint is nature maybe a same scenery or any animal or flowers","So uh the matter I took take to paint is nature, maybe is scene scenery or an any animal or flowers",so the matter i took take to paint is nature maybe a same scenery or any animal or flowers,so the matter i took take to paint is nature maybe is scene scenery or an any animal or flowers
crisp_v0823_parakeet_q4k,svarah_test_0051,success,0,0.000000,17,0,0,0,17,3.892549,7.465937,0.521374,,,1,"So yes, English plays a very important role in exchanging and communication that is very very important","So yes, English plays a very important role in exchanging and communication. That is very, very important.",so yes english plays a very important role in exchanging and communication that is very very important,so yes english plays a very important role in exchanging and communication that is very very important
crisp_v0823_parakeet_q4k,svarah_test_0052,success,0,0.000000,5,0,0,0,5,1.026048,1.867063,0.549552,,,1,more than any other kind,uh more than any other kind.,more than any other kind,more than any other kind
crisp_v0823_parakeet_q4k,svarah_test_0053,success,0,0.250000,12,0,0,3,12,3.912270,8.849438,0.442093,,,1,"the 10th day and up to Purnima, people visit to their relatives",the tenth day and up to uh Purnima n day people visit to their relative relatives,the 10th day and up to purnima people visit to their relatives,the 10th day and up to purnima n day people visit to their relative relatives
crisp_v0823_parakeet_q4k,svarah_test_0054,success,0,1.000000,1,5,0,1,6,0.879471,1.799375,0.488765,,,1,throng and climb the Baukungri peak,Trons and client above could be freaking.,throng and climb the baukungri peak,trons and client above could be freaking
crisp_v0823_parakeet_q4k,svarah_test_0055,success,0,0.000000,1,0,0,0,1,0.252586,0.560000,0.451046,,,1,Yeah.,Yeah.,yeah,yeah
crisp_v0823_parakeet_q4k,svarah_test_0056,success,0,0.000000,1,0,0,0,1,0.311325,0.690750,0.450705,,,1,On,On.,on,on
crisp_v0823_parakeet_q4k,svarah_test_0057,success,0,1.000000,0,1,0,0,1,0.286931,0.480000,0.597773,,,1,food,Ford.,food,ford
crisp_v0823_parakeet_q4k,svarah_test_0058,success,0,0.000000,11,0,0,0,11,1.668117,3.553187,0.469470,,,1,She is the recipient of several accolades including a Filmfare Award.,"She is the recipient of several accolades, including a Filmfare Award.",she is the recipient of several accolades including a filmfare award,she is the recipient of several accolades including a filmfare award
crisp_v0823_parakeet_q4k,svarah_test_0059,success,0,0.000000,17,0,0,0,17,2.104671,5.000000,0.420934,,,1,"So in order to bring all these back, in order to promote our cultural aspects, our cultural","So in order to bring all these back, in order to promote our cultural aspects, our cultural",so in order to bring all these back in order to promote our cultural aspects our cultural,so in order to bring all these back in order to promote our cultural aspects our cultural
crisp_v0823_parakeet_q4k,svarah_test_0060,success,0,0.000000,29,0,0,0,29,4.624129,12.481188,0.370488,,,1,"There, There is something which pulls me towards that book which makes me read again and again and again is the kind of connection I feel with her stories.","There there is something which pulls me towards that book, which makes me read again and again and again, is the kind of connection I feel with her stories.",there there is something which pulls me towards that book which makes me read again and again and again is the kind of connection i feel with her stories,there there is something which pulls me towards that book which makes me read again and again and again is the kind of connection i feel with her stories
crisp_v0823_parakeet_q4k,svarah_test_0061,success,0,0.000000,2,0,0,0,2,0.388189,1.105500,0.351143,,,1,volume level,Volume level,volume level,volume level
crisp_v0823_parakeet_q4k,svarah_test_0062,success,0,0.000000,10,0,0,0,10,1.523783,3.456000,0.440909,,,1,Pay Rs. 500 more to the last scanned QR code,Pay Rs five hundred more to the last scanned QR code.,pay rs 500 more to the last scanned qr code,pay rs 500 more to the last scanned qr code
crisp_v0823_parakeet_q4k,svarah_test_0063,success,0,0.000000,1,0,0,0,1,0.226379,0.287000,0.788777,,,1,Down,Down.,down,down
crisp_v0823_parakeet_q4k,svarah_test_0064,success,0,0.000000,16,0,0,0,16,3.924781,10.309375,0.380700,,,1,William Shakespeare is believed to be responsible for the addition of thousands of words new words.,"William Shakespeare is believed to be responsible for the addition of thousands of words, new words.",william shakespeare is believed to be responsible for the addition of 1000s of words new words,william shakespeare is believed to be responsible for the addition of 1000s of words new words
crisp_v0823_parakeet_q4k,svarah_test_0065,success,0,0.047619,21,0,0,1,21,2.912397,7.659500,0.380233,,,1,"the people who practice those different religions, they have a high level of tolerance and respect for each other's religion",Well the people who practice those different religions they have a high level of tolerance and respect for each other's religion.,the people who practice those different religions they have a high level of tolerance and respect for each other is religion,well the people who practice those different religions they have a high level of tolerance and respect for each other is religion
crisp_v0823_parakeet_q4k,svarah_test_0066,success,0,0.222222,8,1,0,1,9,2.100394,5.145000,0.408240,,,1,"Lakshmi Vilas Palace, residence of Vadodara's royal family.","Lakshmi Vilas Palace, a residence of Audra's royal family.",lakshmi vilas palace residence of vadodara is royal family,lakshmi vilas palace a residence of audra is royal family
crisp_v0823_parakeet_q4k,svarah_test_0067,success,0,0.142857,13,1,0,1,14,2.277733,5.680500,0.400974,,,1,What are the items in Processed Food items with the offer of minimum 40 % ?,What are the items in the processed food items with the offer of minimum forty percent?,what are the items in processed food items with the offer of minimum 40 ,what are the items in the processed food items with the offer of minimum 40%
crisp_v0823_parakeet_q4k,svarah_test_0068,success,0,1.000000,0,0,1,0,1,0.192588,0.332375,0.579431,,,1,Up,Uh,up,
crisp_v0823_parakeet_q4k,svarah_test_0069,success,0,0.111111,9,0,0,1,9,2.379593,5.599687,0.424951,,,1,our festivals which are considered to be the symbols,Our festivals which are considered to be the symbols of,our festivals which are considered to be the symbols,our festivals which are considered to be the symbols of
crisp_v0823_parakeet_q4k,svarah_test_0070,success,0,0.000000,1,0,0,0,1,0.383474,0.864563,0.443547,,,1,Backward,Backward.,backward,backward
crisp_v0823_parakeet_q4k,svarah_test_0071,success,0,0.214286,11,1,2,0,14,1.806547,4.800000,0.376364,,,1,"That is why I like poetry, and it is my favorite genre in writing.",That is why I like poetry and it is my favourite journey.,that is why i like poetry and it is my favorite genre in writing,that is why i like poetry and it is my favorite journey
crisp_v0823_parakeet_q4k,svarah_test_0072,success,0,0.000000,1,0,0,0,1,0.245997,0.433437,0.567549,,,1,Agree,Agree.,agree,agree
crisp_v0823_parakeet_q4k,svarah_test_0073,success,0,0.090909,10,0,1,0,11,1.746680,4.160000,0.419875,,,1,The Fine Old English Gentleman is one of his finest poems.,Fine old English gentleman is one of his finest poems.,the fine old english gentleman is one of his finest poems,fine old english gentleman is one of his finest poems
crisp_v0823_parakeet_q4k,svarah_test_0074,success,0,1.000000,0,1,0,0,1,0.403066,0.794375,0.507400,,,1,Subarnapur,Subornopur.,subarnapur,subornopur
crisp_v0823_parakeet_q4k,svarah_test_0075,success,0,0.000000,5,0,0,0,5,0.763655,1.975000,0.386661,,,1,There is no restriction on,There is no restriction on,there is no restriction on,there is no restriction on
crisp_v0823_parakeet_q4k,svarah_test_0076,success,0,0.000000,3,0,0,0,3,0.432253,0.958937,0.450763,,,1,that is noodle.,That is noodle.,that is noodle,that is noodle
crisp_v0823_parakeet_q4k,svarah_test_0077,success,0,0.000000,17,0,0,0,17,2.353119,5.701750,0.412701,,,1,"Although a French citizen, she has been brought up and lived most of her life in India.","Although a French citizen, she has been brought up and lived most of her life in India.",although a french citizen she has been brought up and lived most of her life in india,although a french citizen she has been brought up and lived most of her life in india
crisp_v0823_parakeet_q4k,svarah_test_0078,success,0,0.000000,19,0,0,0,19,3.085195,7.880375,0.391504,,,1,or may it be any local vendor. They will always be ready to help people coming from outside Odisha.,"Or may it be any uh local vendor, they will always be ready to help people coming from outside Odisha.",or may it be any local vendor they will always be ready to help people coming from outside odisha,or may it be any local vendor they will always be ready to help people coming from outside odisha
crisp_v0823_parakeet_q4k,svarah_test_0079,success,0,0.000000,2,0,0,0,2,0.453129,0.957125,0.473428,,,1,developing steps,Developing steps.,developing steps,developing steps
crisp_v0823_parakeet_q4k,svarah_test_0080,success,0,0.000000,27,0,0,0,27,5.034633,13.535562,0.371956,,,1,"In India, most states, they focus more on studies and rather less on sports. That is the reason why we have low sports categories in our states","In India, most states they focus more on studies and rather less on sports. That is the reason why we have um low sports categories in our states.",in india most states they focus more on studies and rather less on sports that is the reason why we have low sports categories in our states,in india most states they focus more on studies and rather less on sports that is the reason why we have low sports categories in our states
crisp_v0823_parakeet_q4k,svarah_test_0081,success,0,0.000000,5,0,0,0,5,0.767511,2.133938,0.359669,,,1,let me hear my list,Let me hear my list.,let me hear my list,let me hear my list
crisp_v0823_parakeet_q4k,svarah_test_0082,success,0,0.000000,14,0,0,0,14,3.655971,6.716500,0.544327,,,1,A reduction in this cost is evidence that you are building a recognized brand.,A reduction in this cost is evidence that you are building a recognized brand.,a reduction in this cost is evidence that you are building a recognized brand,a reduction in this cost is evidence that you are building a recognized brand
crisp_v0823_parakeet_q4k,svarah_test_0083,success,0,1.000000,0,1,0,0,1,0.330849,0.663000,0.499018,,,1,Kuwait,Kuet?,kuwait,kuet
crisp_v0823_parakeet_q4k,svarah_test_0084,success,0,0.000000,10,0,0,0,10,1.629660,3.327062,0.489819,,,1,Being even a few minutes late may disqualify your submission.,Being even a few minutes late may disqualify your submission.,being even a few minutes late may disqualify your submission,being even a few minutes late may disqualify your submission
crisp_v0823_parakeet_q4k,svarah_test_0085,success,0,0.000000,1,0,0,0,1,0.392253,0.540937,0.725135,,,1,Forward,Forward.,forward,forward
crisp_v0823_parakeet_q4k,svarah_test_0086,success,0,0.000000,5,0,0,0,5,0.584948,0.904937,0.646396,,,1,i want you to mute,I want you to mute.,i want you to mute,i want you to mute
crisp_v0823_parakeet_q4k,svarah_test_0087,success,0,0.000000,1,0,0,0,1,0.347634,0.483000,0.719739,,,1,Three,Three.,3,3
crisp_v0823_parakeet_q4k,svarah_test_0088,success,0,0.125000,7,1,0,0,8,3.404237,7.283812,0.467370,,,1,Your MPIN is invalid for mobile number 77341091445,Your MPIN is invalid form mobile number seven seven three four one zero nine one four four five.,your mpin is invalid for mobile number 77341091445,your mpin is invalid form mobile number 77341091445
crisp_v0823_parakeet_q4k,svarah_test_0089,success,0,0.000000,3,0,0,0,3,0.394944,0.931562,0.423959,,,1,raise the volume,Raise the volume.,raise the volume,raise the volume
crisp_v0823_parakeet_q4k,svarah_test_0090,success,0,0.100000,20,0,0,2,20,3.914232,11.045063,0.354387,,,1,So if they are not using glutes they will tire the their other muscles and that will lead to fatigue.,So if they are not using glutes they will uh tire the their other muscles and that will lead to you know fatigue.,so if they are not using glutes they will tire the their other muscles and that will lead to fatigue,so if they are not using glutes they will tire the their other muscles and that will lead to you know fatigue
crisp_v0823_parakeet_q4k,svarah_test_0091,success,0,0.000000,6,0,0,0,6,1.077889,2.927625,0.368179,,,1,are being converted into residential sites,are being converted into residential sites.,are being converted into residential sites,are being converted into residential sites
crisp_v0823_parakeet_q4k,svarah_test_0092,success,0,0.000000,7,0,0,0,7,0.825403,2.117500,0.389801,,,1,"As I am not a professional singer,","As I am not a professional singer,",as i am not a professional singer,as i am not a professional singer
crisp_v0823_parakeet_q4k,svarah_test_0093,success,0,0.090909,10,1,0,0,11,2.043026,4.880000,0.418653,,,1,But somebody from Mumbai or Bangalore could very well learn Odissi,But somebody from Mumbai or Bangalore could very well learn Odyssey.,but somebody from mumbai or bangalore could very well learn odissi,but somebody from mumbai or bangalore could very well learn odyssey
crisp_v0823_parakeet_q4k,svarah_test_0094,success,0,0.000000,8,0,0,0,8,1.174306,3.168625,0.370604,,,1,and use them in our bath powders or,and use them in our bath powders or um,and use them in our bath powders or,and use them in our bath powders or
crisp_v0823_parakeet_q4k,svarah_test_0095,success,0,0.111111,9,0,0,1,9,2.648293,7.183375,0.368670,,,1,"Well, I was not a student of English medium.",Well I was a uh not a student of uh English uh medium.,well i was not a student of english medium,well i was a not a student of english medium
crisp_v0823_parakeet_q4k,svarah_test_0096,success,0,0.000000,1,0,0,0,1,0.369841,0.850000,0.435107,,,1,agriculture,Agriculture.,agriculture,agriculture
crisp_v0823_parakeet_q4k,svarah_test_0097,success,0,0.000000,7,0,0,0,7,1.485865,3.803500,0.390657,,,1,its multiple subplots and the complicated plot,its multiple subplots and the complicated plot.,its multiple subplots and the complicated plot,its multiple subplots and the complicated plot
crisp_v0823_parakeet_q4k,svarah_test_0098,success,0,0.000000,13,0,0,0,13,2.929173,8.324312,0.351882,,,1,So after the celebration all the materials that is gathered or collected are,So after the celebration all the materials uh that is gathered or collected are,so after the celebration all the materials that is gathered or collected are,so after the celebration all the materials that is gathered or collected are
crisp_v0823_parakeet_q4k,svarah_test_0099,success,0,0.105263,18,1,0,1,19,4.357950,11.592813,0.375918,,,1,Can you help in searching for ESIC Centres located in area with pincode 198753 and centre type IMP Clinic,Can you help in searching for ESIC centers located in area with PIN code one nine eight seven five three and center type IMP clinic?,can you help in searching for esic centers located in area with pincode 198753 and center type imp clinic,can you help in searching for esic centers located in area with pin code 198753 and center type imp clinic
crisp_v0823_parakeet_q4k,svarah_test_0100,success,0,0.066667,14,1,0,0,15,2.296624,6.168500,0.372315,,,1,Social media and online education platforms plays a vital role in the field of education.,Social media and online education platforms play a vital role in the field of education.,social media and online education platforms plays a vital role in the field of education,social media and online education platforms play a vital role in the field of education
crisp_v0823_parakeet_q4k,svarah_test_0101,success,0,1.000000,0,1,0,0,1,0.236143,0.546875,0.431804,,,1,Off,Of,off,of
crisp_v0823_parakeet_q4k,svarah_test_0102,success,0,0.250000,7,1,0,1,8,2.005335,5.298687,0.378459,,,1,compare to other languages English has wider audience,"Compared to other languages, English has a wider audience.",compare to other languages english has wider audience,compared to other languages english has a wider audience
crisp_v0823_parakeet_q4k,svarah_test_0103,success,0,0.000000,8,0,0,0,8,1.280527,3.324125,0.385222,,,1,Bangalore is known as a city of entrepreneurs.,Bangalore is known as a city of entrepreneurs.,bangalore is known as a city of entrepreneurs,bangalore is known as a city of entrepreneurs
crisp_v0823_parakeet_q4k,svarah_test_0104,success,0,0.052632,18,1,0,0,19,3.254340,8.204875,0.396635,,,1,Tell me how to link multiple bank accounts and transfer money between my own accounts in Maharashtra Gramin Bank,Tell me how to link multiple bank accounts and transfer money between my own accounts in Maharashtra Grammin Bank.,tell me how to link multiple bank accounts and transfer money between my own accounts in maharashtra gramin bank,tell me how to link multiple bank accounts and transfer money between my own accounts in maharashtra grammin bank
crisp_v0823_parakeet_q4k,svarah_test_0105,success,0,0.000000,1,0,0,0,1,0.449490,0.996687,0.450984,,,1,Previous,Previous.,previous,previous
crisp_v0823_parakeet_q4k,svarah_test_0106,success,0,0.000000,10,0,0,0,10,1.660909,3.796250,0.437513,,,1,Attacks targeting police have become common in the Nangarhar province,Attacks targeting police have become common in the Nangarhar province.,attacks targeting police have become common in the nangarhar province,attacks targeting police have become common in the nangarhar province
crisp_v0823_parakeet_q4k,svarah_test_0107,success,0,0.111111,8,0,1,0,9,1.542191,4.240000,0.363724,,,1,"In North Bihar, there is a lot of flooding,","In North Bihar there is lot of flooding, uh",in north bihar there is a lot of flooding,in north bihar there is lot of flooding
crisp_v0823_parakeet_q4k,svarah_test_0108,success,0,0.200000,9,1,0,1,10,1.856785,4.359000,0.425966,,,1,Capturing candid moment can make a great portrait I think.,"Capturing candidate moment can g make a great portrait, I think.",capturing candid moment can make a great portrait i think,capturing candidate moment can g make a great portrait i think
crisp_v0823_parakeet_q4k,svarah_test_0109,success,0,0.000000,7,0,0,0,7,1.091215,3.001875,0.363511,,,1,The art and craft of our state,the art and craft of our state,the art and craft of our state,the art and craft of our state
crisp_v0823_parakeet_q4k,svarah_test_0110,success,0,0.000000,9,0,0,0,9,1.325748,3.060062,0.433242,,,1,Can I get my order delivered after 2 Hours,Can I get my order delivered after two hours?,can i get my order delivered after 2 hours,can i get my order delivered after 2 hours
crisp_v0823_parakeet_q4k,svarah_test_0111,success,0,0.200000,8,2,0,0,10,1.708533,4.539500,0.376370,,,1,Chhath Puja is a folk festival that lasts four days.,Chat Puja is a folk festival that lasts for days.,chhath puja is a folk festival that lasts 4 days,chat puja is a folk festival that lasts for days
crisp_v0823_parakeet_q4k,svarah_test_0112,success,0,0.000000,1,0,0,0,1,0.229831,0.477500,0.481321,,,1,One,One.,one,one
crisp_v0823_parakeet_q4k,svarah_test_0113,success,0,1.000000,0,1,0,0,1,0.223332,0.435125,0.513261,,,1,On,And,on,and
crisp_v0823_parakeet_q4k,svarah_test_0114,success,0,0.080000,23,2,0,0,25,4.799386,12.950000,0.370609,,,1,"So the first day of Bohag Bihu is called Guru Bihu. In this Bihu, bulls or cows are bathed in the bank of a river.",So the first day of Bhuhak Bihu is called Guru Bihu. In this bihu uh bulls or cows are batted in the bank of a river,so the 1st day of bohag bihu is called guru bihu in this bihu bulls or cows are bathed in the bank of a river,so the 1st day of bhuhak bihu is called guru bihu in this bihu bulls or cows are batted in the bank of a river
crisp_v0823_parakeet_q4k,svarah_test_0115,success,0,0.090909,10,1,0,0,11,1.235892,3.100000,0.398675,,,1,"Now taking the government schools into account, not much was done","Now taking the garment schools into account, not much was done.",now taking the government schools into account not much was done,now taking the garment schools into account not much was done
crisp_v0823_parakeet_q4k,svarah_test_0116,success,0,0.100000,10,0,0,1,10,1.243203,3.160000,0.393419,,,1,We have a composter at our garden in our house,We have a composter at our garden in our house and,we have a composter at our garden in our house,we have a composter at our garden in our house and
crisp_v0823_parakeet_q4k,svarah_test_0117,success,0,0.000000,11,0,0,0,11,1.309970,2.797750,0.468223,,,1,What remaining bills do I have to pay for this month ?,What remaining bills do I have to pay for this month?,what remaining bills do i have to pay for this month,what remaining bills do i have to pay for this month
crisp_v0823_parakeet_q4k,svarah_test_0118,success,0,0.000000,5,0,0,0,5,1.360254,3.558625,0.382241,,,1,Indian English speakers of English,Indian English speakers of English,indian english speakers of english,indian english speakers of english
crisp_v0823_parakeet_q4k,svarah_test_0119,success,0,0.100000,9,1,0,0,10,2.187483,5.561687,0.393313,,,1,Chalazion surgery is a safe procedure and complications seldom occur.,Shallasion surgery is a safe procedure and complications seldom occur.,chalazion surgery is a safe procedure and complications seldom occur,shallasion surgery is a safe procedure and complications seldom occur
crisp_v0823_parakeet_q4k,svarah_test_0120,success,0,0.066667,14,1,0,0,15,4.035845,7.148937,0.564538,,,1,Can you add 120 gm The Laughing Cow Creamy Cheese Triangles to my shopping list?,Can you add one twenty gram the laughing cow creamy cheese triangles to my shopping list?,can you add 120 gm the laughing cow creamy cheese triangles to my shopping list,can you add 120 gram the laughing cow creamy cheese triangles to my shopping list
crisp_v0823_parakeet_q4k,svarah_test_0121,success,0,0.333333,2,1,0,0,3,0.639403,0.966000,0.661908,,,1,One is their,One is there.,one is their,one is there
crisp_v0823_parakeet_q4k,svarah_test_0122,success,0,0.021739,46,0,0,1,46,13.317137,26.609750,0.500461,,,1,"as the story developed, which is set in the time of the English Civil War in the 17th century, it became really very interesting and also described not only the culture and the social mores of the period, but also developed into a very good storyline.","uh as the story developed uh which is set in the time of the English Civil War in the seventeenth century, it became really um uh very interesting and uh also described the not only the culture and the social mores of the period but also uh developed uh into a very good storyline.",as the story developed which is set in the time of the english civil war in the 17th century it became really very interesting and also described not only the culture and the social mores of the period but also developed into a very good storyline,as the story developed which is set in the time of the english civil war in the 17th century it became really very interesting and also described the not only the culture and the social mores of the period but also developed into a very good storyline
crisp_v0823_parakeet_q4k,svarah_test_0123,success,0,0.000000,10,0,0,0,10,1.426091,3.702750,0.385144,,,1,Can you send money to unsaved mobile numbers in Pay,Can you send money to unsaved mobile numbers in pay?,can you send money to unsaved mobile numbers in pay,can you send money to unsaved mobile numbers in pay
crisp_v0823_parakeet_q4k,svarah_test_0124,success,0,0.031250,32,0,0,1,32,7.624364,16.597000,0.459382,,,1,"Kerala's cultural heritage is centuries old. The culture of Kerala is an amalgam of native art forms, language, literature, architectural style, music, festivals, cuisine, archaeological monuments, heritage centers and so on","Kerala's cultural heritage is centuries old, and the culture of Kerala is an amalgam of native art forms, language, literature, architectural style, music, festivals, cuisine, archaeological monuments, heritage centres and so on.",kerala is cultural heritage is centuries old the culture of kerala is an amalgam of native art forms language literature architectural style music festivals cuisine archaeological monuments heritage centers and so on,kerala is cultural heritage is centuries old and the culture of kerala is an amalgam of native art forms language literature architectural style music festivals cuisine archaeological monuments heritage centers and so on
crisp_v0823_parakeet_q4k,svarah_test_0125,success,0,1.000000,0,0,1,0,1,0.127590,0.135313,0.942930,,,1,Up,,up,
crisp_v0823_parakeet_q4k,svarah_test_0126,success,0,0.166667,11,1,0,1,12,3.376646,9.000000,0.375183,,,1,"So the climate here in Kanimpung, the winter are a bit cold,",So the climate here in Kanimpong and the winter are a bit cold.,so the climate here in kanimpung the winter are a bit cold,so the climate here in kanimpong and the winter are a bit cold
crisp_v0823_parakeet_q4k,svarah_test_0127,success,0,0.500000,2,0,0,1,2,1.014969,1.720000,0.590098,,,1,in 1864,In eighteen sixty four the,in 1864,in 1864 the
crisp_v0823_parakeet_q4k,svarah_test_0128,success,0,0.076923,12,1,0,0,13,4.145575,7.852688,0.527918,,,1,"It is famous for many cultural traditions like Kirtan, Natak, Allah Rudal etc.","It is famous for many uh cultural traditions like Kirtan, Natak, Allah Rudal, etcetera.",it is famous for many cultural traditions like kirtan natak allah rudal etc,it is famous for many cultural traditions like kirtan natak allah rudal etcetera
crisp_v0823_parakeet_q4k,svarah_test_0129,success,0,0.000000,18,0,0,0,18,4.392773,9.410500,0.466795,,,1,"HIV directly infects a small number of T helper cells, and also impairs other immune system responses indirectly.",HIV directly infects a small number of T helper cells and also impairs other immune system responses indirectly.,hiv directly infects a small number of t helper cells and also impairs other immune system responses indirectly,hiv directly infects a small number of t helper cells and also impairs other immune system responses indirectly
crisp_v0823_parakeet_q4k,svarah_test_0130,success,0,0.000000,6,0,0,0,6,1.931340,4.808438,0.401656,,,1,"London, Singapore, New York, Bangkok, Dubai.","London, Singapore, New York, Bangkok, Dubai.",london singapore new york bangkok dubai,london singapore new york bangkok dubai
crisp_v0823_parakeet_q4k,svarah_test_0131,success,0,0.125000,7,1,0,0,8,1.944244,4.379187,0.443974,,,1,Add Fendo Two Fold Umbrella worth rupees R,Add fendo to fold umbrella worth rupees R.,add fendo 2 fold umbrella worth rupees r,add fendo to fold umbrella worth rupees r
crisp_v0823_parakeet_q4k,svarah_test_0132,success,0,0.250000,3,1,0,0,4,0.871734,1.900062,0.458792,,,1,students girls students with,"students, uh girl students with",students girls students with,students girl students with
crisp_v0823_parakeet_q4k,svarah_test_0133,success,0,0.000000,17,0,0,0,17,2.142118,5.520000,0.388065,,,1,What was the last book you read that really impacted you and how did it do so?,What was the last book you read that really impacted you and how did it do so?,what was the last book you read that really impacted you and how did it do so,what was the last book you read that really impacted you and how did it do so
crisp_v0823_parakeet_q4k,svarah_test_0134,success,0,0.086957,21,2,0,0,23,3.498248,8.542125,0.409529,,,1,"Chandigarh IT Park, also known as Rajiv Gandhi Chandigarh Technology Park, is the city's attempt to break into the information technology world.","Chandigar IT Park, also known as Rajiv Khandi Chandigarh Technology Park, is the city's attempt to break into the information technology world.",chandigarh it park also known as rajiv gandhi chandigarh technology park is the city is attempt to break into the information technology world,chandigar it park also known as rajiv khandi chandigarh technology park is the city is attempt to break into the information technology world
crisp_v0823_parakeet_q4k,svarah_test_0135,success,0,0.250000,3,1,0,0,4,0.776090,2.118250,0.366383,,,1,save my music preferences,Say my music preferences.,save my music preferences,say my music preferences
crisp_v0823_parakeet_q4k,svarah_test_0136,success,0,1.000000,0,1,0,0,1,0.257792,0.443188,0.581676,,,1,Tree,Three.,tree,3
crisp_v0823_parakeet_q4k,svarah_test_0137,success,0,0.000000,25,0,0,0,25,7.822286,20.658375,0.378650,,,1,discrimination is also a big issue in schools and colleges discrimination based on caste and religion is very much pronounced in Gujarat's education system,Discrimination is also a big issue in schools and colleges. Discrimination based on caste and religion is very much pronounced in Gujarat's education system.,discrimination is also a big issue in schools and colleges discrimination based on caste and religion is very much pronounced in gujarat is education system,discrimination is also a big issue in schools and colleges discrimination based on caste and religion is very much pronounced in gujarat is education system
crisp_v0823_parakeet_q4k,svarah_test_0138,success,0,0.000000,8,0,0,0,8,2.136682,6.399687,0.333873,,,1,culture values are also changing with their forms,Culture values are also changing with their forms.,culture values are also changing with their forms,culture values are also changing with their forms
crisp_v0823_parakeet_q4k,svarah_test_0139,success,0,0.076923,12,1,0,0,13,3.402826,6.540625,0.520260,,,1,"When people live together in a society, these are there this results automatically.","When people live together in a society, these uh are the this results automatically.",when people live together in a society these are there this results automatically,when people live together in a society these are the this results automatically
crisp_v0823_parakeet_q4k,svarah_test_0140,success,0,0.666667,2,4,0,0,6,3.566948,9.640000,0.370015,,,1,"Kamrup metro Nalbari, Nagaon, Sonitpur, Lakhimpur.","Kamrup metro, Nalvari, Nagam, Sunitpur, Lakimpur.",kamrup metro nalbari nagaon sonitpur lakhimpur,kamrup metro nalvari nagam sunitpur lakimpur
crisp_v0823_parakeet_q4k,svarah_test_0141,success,0,2.000000,0,1,0,1,1,0.238342,0.503687,0.473194,,,1,Katak,Cut the,katak,cut the
crisp_v0823_parakeet_q4k,svarah_test_0142,success,0,0.000000,3,0,0,0,3,0.395450,1.012063,0.390737,,,1,The answer is,The answer is,the answer is,the answer is
crisp_v0823_parakeet_q4k,svarah_test_0143,success,0,0.000000,28,0,0,0,28,4.943146,9.999813,0.494324,,,1,"It cannot be denied that opportunities have increased. There were also suggestions of making some villages model villages, but those ended only in the stage of an idea","It cannot be denied that opportunities have increased. There were also suggestions of making some villages model villages, but those ended only in the stage of an idea.",it cannot be denied that opportunities have increased there were also suggestions of making some villages model villages but those ended only in the stage of an idea,it cannot be denied that opportunities have increased there were also suggestions of making some villages model villages but those ended only in the stage of an idea
crisp_v0823_parakeet_q4k,svarah_test_0144,success,0,0.000000,15,0,0,0,15,1.938139,4.607062,0.420689,,,1,"At any time during this phase, the car dealer may offer to settle with you.","At any time during this phase, the car dealer may offer to settle with you.",at any time during this phase the car dealer may offer to settle with you,at any time during this phase the car dealer may offer to settle with you
crisp_v0823_parakeet_q4k,svarah_test_0145,success,0,0.000000,1,0,0,0,1,0.270437,0.680125,0.397629,,,1,Yes,Yes.,yes,yes
crisp_v0823_parakeet_q4k,svarah_test_0146,success,0,0.000000,6,0,0,0,6,0.955494,2.485562,0.384418,,,1,and some of the main festivals,And some of the main festivals,and some of the main festivals,and some of the main festivals
crisp_v0823_parakeet_q4k,svarah_test_0147,success,0,0.235294,14,3,0,1,17,3.131609,6.481375,0.483170,,,1,Why did I get zero discount when the Slurrp Farm Oats Instant Powder mentioned 90 % on order,Why did I get zero discount when the slurp farm out's instant powder mentioned ninety percent on order?,why did i get 0 discount when the slurrp farm oats instant powder mentioned 90 on order,why did i get 0 discount when the slurp farm out is instant powder mentioned 90% on order
crisp_v0823_parakeet_q4k,svarah_test_0148,success,0,0.214286,11,2,1,0,14,3.055411,5.549688,0.550556,,,1,Can I change my delivery date from 11-9-2021 TO 23-4-2020 ?,"Can I change my delivery date from eleven ninth twenty twenty one to twenty three, fourth, twenty twenty?",can i change my delivery date from 11 9 2021 to 23 4 2020,can i change my delivery date from 11 ninth 2021 to 234th 2020
crisp_v0823_parakeet_q4k,svarah_test_0149,success,0,0.000000,1,0,0,0,1,0.195650,0.379250,0.515887,,,1,Yes,Yes.,yes,yes
crisp_v0823_parakeet_q4k,svarah_test_0150,success,0,0.142857,25,3,0,1,28,5.106382,11.637250,0.438796,,,1,he Padanilam or the battlefield is a paddy field adjacent to the famous Ochera Parabrahma temple and the festivities are part of a ritual associated with the shrine,"In the Padanilam or the battlefield is a paddy field adjacent to the famous Ochra Paribrahma temple, and the festivities are part of a ritual associated with the shrine.",he padanilam or the battlefield is a paddy field adjacent to the famous ochera parabrahma temple and the festivities are part of a ritual associated with the shrine,in the padanilam or the battlefield is a paddy field adjacent to the famous ochra paribrahma temple and the festivities are part of a ritual associated with the shrine
crisp_v0823_parakeet_q4k,svarah_test_0151,success,0,0.000000,11,0,0,0,11,1.718823,4.499937,0.381966,,,1,"is the head of the government, heading the council of ministers.","is the head of the government, heading the council of um ministers.",is the head of the government heading the council of ministers,is the head of the government heading the council of ministers
crisp_v0823_parakeet_q4k,svarah_test_0152,success,0,0.000000,1,0,0,0,1,0.319471,0.824375,0.387531,,,1,House,House.,house,house
crisp_v0823_parakeet_q4k,svarah_test_0153,success,0,0.000000,8,0,0,0,8,1.306953,3.129125,0.417674,,,1,Some popular beaches in my state Odisha are,Some popular beaches in my state Odisha are,some popular beaches in my state odisha are,some popular beaches in my state odisha are
crisp_v0823_parakeet_q4k,svarah_test_0154,success,0,0.055556,18,0,0,1,18,3.158317,8.267375,0.382022,,,1,The child with special needs are now accommodated in regular schools where school has resource rooms for them,The child with special needs are now accommodated in regular schools where the school has resource rooms for them.,the child with special needs are now accommodated in regular schools where school has resource rooms for them,the child with special needs are now accommodated in regular schools where the school has resource rooms for them
crisp_v0823_parakeet_q4k,svarah_test_0155,success,0,0.050000,20,0,0,1,20,3.183772,8.100625,0.393028,,,1,"But yeah, it wouldn't harm to represent regional languages a bit more in a quest to keep them alive.","But, yeah, it wouldn't h harm to represent regional languages a bit more in a quest to keep them alive.",but yeah it would not harm to represent regional languages a bit more in a quest to keep them alive,but yeah it would not h harm to represent regional languages a bit more in a quest to keep them alive
crisp_v0823_parakeet_q4k,svarah_test_0156,success,0,0.031250,32,0,0,1,32,6.111452,15.817250,0.386379,,,1,"Some local art forms or crafts that are unique to my district are Bagurumba dance, silk rearing, and weaving. Bagurumba is a dance form performed by women folk belonging to Boro community.","Some local art forms or crafts that are unique to my district are bagurumba dance, silk rearing and weaving. Bagurumba is a dance form performed by women folk belonging to the Boro community.",some local art forms or crafts that are unique to my district are bagurumba dance silk rearing and weaving bagurumba is a dance form performed by women folk belonging to boro community,some local art forms or crafts that are unique to my district are bagurumba dance silk rearing and weaving bagurumba is a dance form performed by women folk belonging to the boro community
crisp_v0823_parakeet_q4k,svarah_test_0157,success,0,0.000000,1,0,0,0,1,0.220631,0.541250,0.407632,,,1,Jump,Jump.,jump,jump
crisp_v0823_parakeet_q4k,svarah_test_0158,success,0,0.083333,12,0,0,1,12,2.245431,5.600000,0.400970,,,1,"Language, though a means of communication, is naturally the expression or representation","Language, though a means of communication, is naturally the expression or representation of",language though a means of communication is naturally the expression or representation,language though a means of communication is naturally the expression or representation of
crisp_v0823_parakeet_q4k,svarah_test_0159,success,0,1.000000,0,0,1,0,1,0.152839,0.227875,0.670714,,,1,Three,Mm.,3,
crisp_v0823_parakeet_q4k,svarah_test_0160,success,0,0.320000,17,6,2,0,25,5.645666,14.968750,0.377163,,,1,"Education for girls is top priorities in our state after our Prime Minister Shri Narendra Modi ji has given the slogan, Beti Bachao, Beti Padhao.",Education for girls is properties in our state after our Prime Minister Sri Narindarmon Modi has given the slogan Betty Bachao Betty Padao.,education for girls is top priorities in our state after our prime minister shri narendra modi ji has given the slogan beti bachao beti padhao,education for girls is properties in our state after our prime minister sri narindarmon modi has given the slogan betty bachao betty padao
crisp_v0823_parakeet_q4k,svarah_test_0161,success,0,0.035714,27,1,0,0,28,5.999380,14.830312,0.404535,,,1,"The present district of South 24 Parganas came into existence on March 1, 1986. It then comprised of two subdivisions, namely, Alipur and Diamond Harbour, and 30 blocks.","The present district of South Twenty Four Parganas came into existence on march first, nineteen eighty six. It then comprised of two subdivisions, namely Alipur and Diamond Harbour, and thirty blocks,",the present district of south 24 parganas came into existence on march one 1986 it then comprised of 2 subdivisions namely alipur and diamond harbor and 30 blocks,the present district of south 24 parganas came into existence on march 1st 1986 it then comprised of 2 subdivisions namely alipur and diamond harbor and 30 blocks
crisp_v0823_parakeet_q4k,svarah_test_0162,success,0,0.086957,22,1,0,1,23,2.464525,6.160312,0.400065,,,1,"or what are the things that you should try in the state, they will also help maybe it may be a shop person",Or what are the things that you should try in this state? They will also help maybe it may it be a shop person.,or what are the things that you should try in the state they will also help maybe it may be a shop person,or what are the things that you should try in this state they will also help maybe it may it be a shop person
crisp_v0823_parakeet_q4k,svarah_test_0163,success,0,0.000000,1,0,0,0,1,0.223750,0.521062,0.429411,,,1,Wow,Wow.,wow,wow
crisp_v0823_parakeet_q4k,svarah_test_0164,success,0,0.000000,5,0,0,0,5,1.131848,2.880000,0.393003,,,1,"like manganese, limestone, and pyrite,","like manganese, limestone and pyrite.",like manganese limestone and pyrite,like manganese limestone and pyrite
crisp_v0823_parakeet_q4k,svarah_test_0165,success,0,1.000000,0,1,0,0,1,0.229952,0.415125,0.553934,,,1,Tree,Three.,tree,3
crisp_v0823_parakeet_q4k,svarah_test_0166,success,0,0.071429,13,1,0,0,14,2.149472,5.116375,0.420116,,,1,Open my transaction history for the last 24 hours and mute the contact Wahida,Open my transaction history for the last twenty four hours and mute the contact Bahida.,open my transaction history for the last 24 hours and mute the contact wahida,open my transaction history for the last 24 hours and mute the contact bahida
crisp_v0823_parakeet_q4k,svarah_test_0167,success,0,0.058824,17,0,0,1,17,3.943773,10.590375,0.372392,,,1,"Sports teach a person sportsman spirit, hard work, alertness, acceptance, and discipline more than any other source.","Sports teach a person sportsman's spirit, hard work, alertness, acceptance, and discipline more than any other source.",sports teach a person sportsman spirit hard work alertness acceptance and discipline more than any other source,sports teach a person sportsman is spirit hard work alertness acceptance and discipline more than any other source
crisp_v0823_parakeet_q4k,svarah_test_0168,success,0,0.192308,24,2,0,3,26,5.762047,15.202625,0.379017,,,1,Can you transfer Rs. 400 to my 6844663153262 in IndusInd Bank fortnightly via PayUmoney and give me an alert in case the balance goes below that?,Can you transfer Rs four hundred to my six eight four four six six three one five three two six two in Indus Int bank fortnightly via pay you money and give me an alert in case the balance goes below that?,can you transfer rs 400 to my 6844663153262 in indusind bank fortnightly via payumoney and give me an alert in case the balance goes below that,can you transfer rs 400 to my 6844663153262 in indus int bank fortnightly via pay you money and give me an alert in case the balance goes below that
crisp_v0823_parakeet_q4k,svarah_test_0169,success,0,0.400000,3,2,0,0,5,0.879577,2.420000,0.363461,,,1,by making transactions on Limeroad,by making transactions online route.,by making transactions on limeroad,by making transactions online route
crisp_v0823_parakeet_q4k,svarah_test_0170,success,0,1.000000,0,1,0,0,1,0.161122,0.210437,0.765654,,,1,Up,Top.,up,top
crisp_v0823_parakeet_q4k,svarah_test_0171,success,0,0.055556,18,0,0,1,18,3.044321,7.891312,0.385781,,,1,A cruise boat service has been started by the tourism department for visitors to the dam and reservoir.,A cruise boat service has been started by the Tourism Department for the visitors to the Dam and Reservoir.,a cruise boat service has been started by the tourism department for visitors to the dam and reservoir,a cruise boat service has been started by the tourism department for the visitors to the dam and reservoir
crisp_v0823_parakeet_q4k,svarah_test_0172,success,0,1.000000,0,1,0,0,1,0.240583,0.443375,0.542616,,,1,Learn,Lun.,learn,lun
crisp_v0823_parakeet_q4k,svarah_test_0173,success,0,0.000000,19,0,0,0,19,2.726045,6.903562,0.394875,,,1,Najib's dream was to work in the Persian Gulf states and earn enough money to send back home,Najib's dream was to work in the Persian Gulf states and earn enough money to send back home.,najib is dream was to work in the persian gulf states and earn enough money to send back home,najib is dream was to work in the persian gulf states and earn enough money to send back home
crisp_v0823_parakeet_q4k,svarah_test_0174,success,0,1.000000,0,3,0,0,3,0.501458,1.404125,0.357132,,,1,"Yeah, mostly through",Я мусьлі ту.,yeah mostly through,я мусьлі ту
crisp_v0823_parakeet_q4k,svarah_test_0175,success,0,1.000000,0,1,0,0,1,0.254478,0.424250,0.599831,,,1,Nila,Neil.,nila,neil
crisp_v0823_parakeet_q4k,svarah_test_0176,success,0,0.000000,11,0,0,0,11,2.057578,4.939312,0.416572,,,1,brainwashing a child towards a particular religion is a strict no,uh brainwashing uh a child towards a particular religion is a strict no.,brainwashing a child towards a particular religion is a strict no,brainwashing a child towards a particular religion is a strict no
crisp_v0823_parakeet_q4k,svarah_test_0177,success,0,0.000000,11,0,0,0,11,2.311624,5.678750,0.407066,,,1,Is there any Kids vaccination centre in the PIN Code 967045,Is there any kids vaccination center in the PIN code nine six seven zero four five?,is there any kids vaccination center in the pin code 967045,is there any kids vaccination center in the pin code 967045
crisp_v0823_parakeet_q4k,svarah_test_0178,success,0,0.250000,15,5,0,0,20,2.962548,7.094688,0.417573,,,1,"Davis was back in prison and admitted a role in a different armed robbery, at a Bank of Cyprus branch.",Davies was baked in prison and admitted a rule in a different armed robbery at a bank of Cypress Brands.,davis was back in prison and admitted a role in a different armed robbery at a bank of cyprus branch,davies was baked in prison and admitted a rule in a different armed robbery at a bank of cypress brands
crisp_v0823_parakeet_q4k,svarah_test_0179,success,0,0.000000,13,0,0,0,13,1.691870,4.597000,0.368038,,,1,we have seen the assimilation of the culture in English language in India.,We have seen the assimilation of the culture in English language in India.,we have seen the assimilation of the culture in english language in india,we have seen the assimilation of the culture in english language in india
crisp_v0823_parakeet_q4k,svarah_test_0180,success,0,0.000000,1,0,0,0,1,0.241627,0.505938,0.477583,,,1,Go,Go.,go,go
crisp_v0823_parakeet_q4k,svarah_test_0181,success,0,0.133333,13,2,0,0,15,2.458142,6.125375,0.401305,,,1,Why did I get zero discount when the Garden Raita Boondi mentioned 40 % on order,Why did I get zero discount when the Garden Raita Bundi mentioned forty per cent on order?,why did i get 0 discount when the garden raita boondi mentioned 40 on order,why did i get 0 discount when the garden raita bundi mentioned 40% on order
crisp_v0823_parakeet_q4k,svarah_test_0182,success,0,0.000000,8,0,0,0,8,1.176392,3.024000,0.389018,,,1,"Despite a defeat of Ladakh by the Mughals,","Despite a defeat of Ladakh by the Mughals,",despite a defeat of ladakh by the mughals,despite a defeat of ladakh by the mughals
crisp_v0823_parakeet_q4k,svarah_test_0183,success,0,0.142857,6,1,0,0,7,1.017316,2.471812,0.411567,,,1,Can you tell us about their work?,Can you tell us about the work?,can you tell us about their work,can you tell us about the work
crisp_v0823_parakeet_q4k,svarah_test_0184,success,0,0.000000,14,0,0,0,14,2.734573,6.639375,0.411872,,,1,"During which several architecture, literature and monuments have been built by the British Empire.","uh during which several uh architecture, literature and monuments have been built by the British Empire,",during which several architecture literature and monuments have been built by the british empire,during which several architecture literature and monuments have been built by the british empire
crisp_v0823_parakeet_q4k,svarah_test_0185,success,0,2.000000,0,2,0,2,2,0.860467,2.484062,0.346395,,,1,Sunitpur Dhubri,Son it pour debris.,sunitpur dhubri,son it pour debris
crisp_v0823_parakeet_q4k,svarah_test_0186,success,0,0.000000,13,0,0,0,13,3.115428,8.510875,0.366053,,,1,that to have a round shaped roti was an impossible task for me.,That to have a round shaped roti was an impossible task for me.,that to have a round shaped roti was an impossible task for me,that to have a round shaped roti was an impossible task for me
crisp_v0823_parakeet_q4k,svarah_test_0187,success,0,0.000000,11,0,0,0,11,3.386694,9.872125,0.343056,,,1,"working and what impact it had on people. And so, yeah.",working and what impact it had on people and so um yeah.,working and what impact it had on people and so yeah,working and what impact it had on people and so yeah
crisp_v0823_parakeet_q4k,svarah_test_0188,success,0,0.045455,21,0,1,0,22,3.420595,9.000000,0.380066,,,1,"In the 21st century, the entire world has become narrow, accessible, shareable and familiar for all the people living on this earth.","In the 21st century, the entire world has become narrow, accessible, shareable, and familiar for all the people living on this.",in the 21st century the entire world has become narrow accessible shareable and familiar for all the people living on this earth,in the 21st century the entire world has become narrow accessible shareable and familiar for all the people living on this
crisp_v0823_parakeet_q4k,svarah_test_0189,success,0,0.125000,7,1,0,0,8,1.230216,3.239813,0.379718,,,1,"lockdown period, last three years, so to say",Lockdown period last three years or to say.,lockdown period last 3 years so to say,lockdown period last 3 years or to say
crisp_v0823_parakeet_q4k,svarah_test_0190,success,0,0.000000,1,0,0,0,1,0.268291,0.511188,0.524838,,,1,Right,Right.,right,right
crisp_v0823_parakeet_q4k,svarah_test_0191,success,0,0.333333,2,1,0,0,3,0.960799,1.725250,0.556904,,,1,Add Rs 500,Add rupees five hundred.,add rs 500,add rupees 500
crisp_v0823_parakeet_q4k,svarah_test_0192,success,0,0.000000,14,0,0,0,14,2.231901,4.112563,0.542703,,,1,"If so, what is it and why do you keep coming back to it?","If so, what is it and why do you keep coming back to it?",if so what is it and why do you keep coming back to it,if so what is it and why do you keep coming back to it
crisp_v0823_parakeet_q4k,svarah_test_0193,success,0,0.111111,9,0,0,1,9,1.463189,3.449750,0.424143,,,1,"So, there are so many bodies who are working",So there are so so many bodies who are working.,so there are so many bodies who are working,so there are so so many bodies who are working
crisp_v0823_parakeet_q4k,svarah_test_0194,success,0,0.000000,1,0,0,0,1,0.251538,0.335375,0.750020,,,1,Dog,Dog.,dog,dog
crisp_v0823_parakeet_q4k,svarah_test_0195,success,0,0.000000,1,0,0,0,1,0.244274,0.359438,0.679601,,,1,Three,Three.,3,3
crisp_v0823_parakeet_q4k,svarah_test_0196,success,0,0.000000,18,0,0,0,18,7.257849,18.760000,0.386879,,,1,"Previously, it used to be the richer people's language or only few people can talk in English.","Previously, it used to be the richer people's language or only few people can talk in English.",previously it used to be the richer people is language or only few people can talk in english,previously it used to be the richer people is language or only few people can talk in english
crisp_v0823_parakeet_q4k,svarah_test_0197,success,0,0.250000,10,2,0,1,12,4.282102,11.802875,0.362802,,,1,"Like that, I already mentioned the title of this book, Jeewan Kadegaful.","Like that, I already mentioned the title of this book, uh Joan Carnegie Fool.",like that i already mentioned the title of this book jeewan kadegaful,like that i already mentioned the title of this book joan carnegie fool
crisp_v0823_parakeet_q4k,svarah_test_0198,success,0,0.000000,12,0,0,0,12,2.231147,5.925625,0.376525,,,1,There are primary health centers in every village which provide free medical,There are uh primary health centers in every village which provide uh free medical uh,there are primary health centers in every village which provide free medical,there are primary health centers in every village which provide free medical
crisp_v0823_parakeet_q4k,svarah_test_0199,success,0,1.000000,0,1,0,0,1,0.164523,0.245125,0.671182,,,1,Down,Yeah.,down,yeah
crisp_v0823_cohere_q4k,svarah_test_0000,success,0,0.033333,29,1,0,0,30,15.462813,14.646375,1.055743,,,1,English breaks the communication barriers between people of diverse cultural backgrounds and it creates a new community where people come together and share their cultures and ideas with broader audience.,english breaks the communication barriers between people of diverse cultural background and it creates a new community where people come together and share their cultures and ideas with broader audience,english breaks the communication barriers between people of diverse cultural backgrounds and it creates a new community where people come together and share their cultures and ideas with broader audience,english breaks the communication barriers between people of diverse cultural background and it creates a new community where people come together and share their cultures and ideas with broader audience
crisp_v0823_cohere_q4k,svarah_test_0001,success,0,0.000000,33,0,0,0,33,13.156910,14.365250,0.915885,,,1,"The radiation, the chemotherapy, everything, every every option for cancer treatment is available over here and it is largely used not only by the people of Gujarat but also by the nearby states.",the radiation the chemotherapy everything every every option for cancer treatment is available over here and it is largely used not only by the people of gujarat but also by the nearby states,the radiation the chemotherapy everything every every option for cancer treatment is available over here and it is largely used not only by the people of gujarat but also by the nearby states,the radiation the chemotherapy everything every every option for cancer treatment is available over here and it is largely used not only by the people of gujarat but also by the nearby states
crisp_v0823_cohere_q4k,svarah_test_0002,success,0,0.000000,13,0,0,0,13,5.187537,4.778375,1.085628,,,1,"We differ from other countries in terms of food, in terms of dress",we differ from other countries in terms of food in terms of dress,we differ from other countries in terms of food in terms of dress,we differ from other countries in terms of food in terms of dress
crisp_v0823_cohere_q4k,svarah_test_0003,success,0,0.062500,16,0,0,1,16,7.048873,6.987188,1.008828,,,1,Can you list all the Paid vaccination centres for age group 18+ years in district Chatra,can you list all the paid vaccination centres for age group eighteen plus years in district chatra,can you list all the paid vaccination centers for age group 18 years in district chatra,can you list all the paid vaccination centers for age group 18 plus years in district chatra
crisp_v0823_cohere_q4k,svarah_test_0004,success,0,3.000000,0,1,0,2,1,1.391283,1.100875,1.263797,,,1,39,thirteen i am,39,13 i am
crisp_v0823_cohere_q4k,svarah_test_0005,success,0,0.000000,8,0,0,0,8,3.874159,2.889187,1.340916,,,1,Clear all the reminders set up last Year,clear all the reminders set up last year,clear all the reminders set up last year,clear all the reminders set up last year
crisp_v0823_cohere_q4k,svarah_test_0006,success,0,0.000000,14,0,0,0,14,4.374557,5.507062,0.794354,,,1,A few tributaries form marshy land in early dry season due to natural seepage,a few tributaries form marshy land in early dry season due to natural seepage,a few tributaries form marshy land in early dry season due to natural seepage,a few tributaries form marshy land in early dry season due to natural seepage
crisp_v0823_cohere_q4k,svarah_test_0007,success,0,2.000000,0,1,0,1,1,0.557771,0.500875,1.113592,,,1,Time,i am,time,i am
crisp_v0823_cohere_q4k,svarah_test_0008,success,0,0.444444,5,4,0,0,9,4.363789,5.400125,0.808090,,,1,"So, starting with Maghi Chakrati, on Maghi Chakrati which",so starting with magi socrati on magi socrati which,so starting with maghi chakrati on maghi chakrati which,so starting with magi socrati on magi socrati which
crisp_v0823_cohere_q4k,svarah_test_0009,success,0,0.250000,6,2,0,0,8,2.092547,2.535938,0.825157,,,1,change the color of the lights to blue,hence the color of the light to blue,change the color of the lights to blue,hence the color of the light to blue
crisp_v0823_cohere_q4k,svarah_test_0010,success,0,0.000000,1,0,0,0,1,0.383108,0.311688,1.229143,,,1,Three,three,3,3
crisp_v0823_cohere_q4k,svarah_test_0011,success,0,0.000000,1,0,0,0,1,0.593683,0.516188,1.150131,,,1,Agree,agree,agree,agree
crisp_v0823_cohere_q4k,svarah_test_0012,success,0,0.000000,10,0,0,0,10,3.293051,4.298250,0.766138,,,1,How is the availability of healthcare professionals in your state?,how is the availability of healthcare professionals in your state,how is the availability of healthcare professionals in your state,how is the availability of healthcare professionals in your state
crisp_v0823_cohere_q4k,svarah_test_0013,success,0,0.076923,12,1,0,0,13,3.880035,4.952875,0.783390,,,1,I am trying to search for ESIC Centres with centre type Local Office,i am trying to search for esig centers with center type local office,i am trying to search for esic centers with center type local office,i am trying to search for esig centers with center type local office
crisp_v0823_cohere_q4k,svarah_test_0014,success,0,0.000000,1,0,0,0,1,0.423236,0.364250,1.161939,,,1,Help,help,help,help
crisp_v0823_cohere_q4k,svarah_test_0015,success,0,0.030303,32,1,0,0,33,10.810393,13.936125,0.775710,,,1,"my other favorite herbs are tulsi, pudina, dodapathre and vandalaga, tulsi as we all know is a very good medicinal plant or herb that can be used in treating common cold and cough",my other favourite herbs are tulsi pudina dodapatre and vandalaga tulsi as we all know is a very good medicinal plant or herb that can be used in treating common cold and cough,my other favorite herbs are tulsi pudina dodapathre and vandalaga tulsi as we all know is a very good medicinal plant or herb that can be used in treating common cold and cough,my other favorite herbs are tulsi pudina dodapatre and vandalaga tulsi as we all know is a very good medicinal plant or herb that can be used in treating common cold and cough
crisp_v0823_cohere_q4k,svarah_test_0016,success,0,0.000000,8,0,0,0,8,3.926639,5.112312,0.768075,,,1,"where I was trained physical, mental and spiritual",where i was trained physical mental and spiritual,where i was trained physical mental and spiritual,where i was trained physical mental and spiritual
crisp_v0823_cohere_q4k,svarah_test_0017,success,0,0.000000,1,0,0,0,1,0.585779,0.690312,0.848571,,,1,because,because,because,because
crisp_v0823_cohere_q4k,svarah_test_0018,success,0,2.000000,0,1,0,1,1,0.749359,0.833313,0.899253,,,1,Manas,my no,manas,my no
crisp_v0823_cohere_q4k,svarah_test_0019,success,0,0.142857,6,1,0,0,7,5.005446,3.345375,1.496229,,,1,"As for my opinion, there are not",as per my opinion there are not,as for my opinion there are not,as per my opinion there are not
crisp_v0823_cohere_q4k,svarah_test_0020,success,0,0.000000,23,0,0,0,23,13.679375,11.101750,1.232182,,,1,"The biking is booming. The demand is increasing, just because they are way cheaper than the cars. And it is environment-friendly, too",the biking is booming the demand is increasing just because they are way cheaper than the cars and it is environment friendly too,the biking is booming the demand is increasing just because they are way cheaper than the cars and it is environment friendly too,the biking is booming the demand is increasing just because they are way cheaper than the cars and it is environment friendly too
crisp_v0823_cohere_q4k,svarah_test_0021,success,0,0.333333,3,0,0,1,3,4.704427,4.960000,0.948473,,,1,entire world interconnected.,entire world interconnected not,entire world interconnected,entire world interconnected not
crisp_v0823_cohere_q4k,svarah_test_0022,success,0,0.375000,6,1,1,1,8,5.670872,6.000000,0.945145,,,1,"it It is funded by state government, UCSH",it is funded by state government egc etc,it it is funded by state government ucsh,it is funded by state government egc etc
crisp_v0823_cohere_q4k,svarah_test_0023,success,0,0.222222,7,2,0,0,9,2.842573,3.240000,0.877337,,,1,I also like Levi Skrull's Alice in Wonderland.,i also like levice carroll's alice in wonderland,i also like levi skrull is alice in wonderland,i also like levice carroll is alice in wonderland
crisp_v0823_cohere_q4k,svarah_test_0024,success,0,0.000000,6,0,0,0,6,1.854871,2.129563,0.871011,,,1,Mute my reminders for a day!,mute my reminders for a day,mute my reminders for a day,mute my reminders for a day
crisp_v0823_cohere_q4k,svarah_test_0025,success,0,0.000000,10,0,0,0,10,7.404666,6.360938,1.164084,,,1,Find all blood banks with A- blood in district Warangal,find all blood banks with a blood in district warangal,find all blood banks with a blood in district warangal,find all blood banks with a blood in district warangal
crisp_v0823_cohere_q4k,svarah_test_0026,success,0,0.047619,21,0,0,1,21,11.319435,10.678500,1.060021,,,1,For people of age group 18+ years is there any Free vaccination centre available in district Jaipur which provides First Dose,for people of age group above eighteen years is there any free vaccination centre available in district jaipur which provides first dose,for people of age group 18 years is there any free vaccination center available in district jaipur which provides 1st dose,for people of age group above 18 years is there any free vaccination center available in district jaipur which provides 1st dose
crisp_v0823_cohere_q4k,svarah_test_0027,success,0,0.000000,7,0,0,0,7,2.384845,2.799625,0.851844,,,1,Start a new email to George Brown,start a new email to george brown,start a new email to george brown,start a new email to george brown
crisp_v0823_cohere_q4k,svarah_test_0028,success,0,0.000000,1,0,0,0,1,0.650894,0.591625,1.100180,,,1,farming,farming,farming,farming
crisp_v0823_cohere_q4k,svarah_test_0029,success,0,1.000000,1,1,0,1,2,1.026256,1.113000,0.922063,,,1,Chandrashekhar Jha,jendra sekhar jha,chandrashekhar jha,jendra sekhar jha
crisp_v0823_cohere_q4k,svarah_test_0030,success,0,0.000000,5,0,0,0,5,2.776774,3.160000,0.878726,,,1,I love doing nature photography.,i love doing nature photography,i love doing nature photography,i love doing nature photography
crisp_v0823_cohere_q4k,svarah_test_0031,success,0,0.000000,18,0,0,0,18,5.291027,5.859250,0.903021,,,1,"That if someone speaks in English, then he is literate. We can justify that, we can judge that.",that if someone speaks in english then he is literate we can justify that we can judge that,that if someone speaks in english then he is literate we can justify that we can judge that,that if someone speaks in english then he is literate we can justify that we can judge that
crisp_v0823_cohere_q4k,svarah_test_0032,success,0,0.000000,5,0,0,0,5,3.039895,3.720250,0.817121,,,1,Also music has a very,also music has a very uh,also music has a very,also music has a very
crisp_v0823_cohere_q4k,svarah_test_0033,success,0,0.000000,1,0,0,0,1,0.429934,0.310000,1.386885,,,1,Three,three,3,3
crisp_v0823_cohere_q4k,svarah_test_0034,success,0,2.000000,0,1,0,1,1,0.525958,0.430625,1.221382,,,1,Padma,but no,padma,but no
crisp_v0823_cohere_q4k,svarah_test_0035,success,0,0.050000,19,1,0,0,20,5.346793,6.638687,0.805399,,,1,The scenes of the movie of John Abraham riding the Suzuki Hayabusa It made me fall in love with biking,the scenes of the movie of john ibrahim riding the suzuki hayabusa it made me fall in love with biking,the scenes of the movie of john abraham riding the suzuki hayabusa it made me fall in love with biking,the scenes of the movie of john ibrahim riding the suzuki hayabusa it made me fall in love with biking
crisp_v0823_cohere_q4k,svarah_test_0036,success,0,0.000000,10,0,0,0,10,2.245132,2.768438,0.810974,,,1,and hoping that one of them would turn out good,and hoping that one of them would turn out good,and hoping that one of them would turn out good,and hoping that one of them would turn out good
crisp_v0823_cohere_q4k,svarah_test_0037,success,0,0.176471,14,3,0,0,17,6.493924,8.461500,0.767467,,,1,The price mentioned for National Gardens Potted Tomato Seeds is not correct as compare to market prices.,the price mentioned for national garden spotted tomato seeds is not correct as compared to market prices,the price mentioned for national gardens potted tomato seeds is not correct as compare to market prices,the price mentioned for national garden spotted tomato seeds is not correct as compared to market prices
crisp_v0823_cohere_q4k,svarah_test_0038,success,0,0.000000,10,0,0,0,10,5.786708,6.520000,0.887532,,,1,And so difficult to say a favorite particular favorite quote,and so difficult to say a favorite particular favorite quote,and so difficult to say a favorite particular favorite quote,and so difficult to say a favorite particular favorite quote
crisp_v0823_cohere_q4k,svarah_test_0039,success,0,0.000000,12,0,0,0,12,4.741251,5.480000,0.865192,,,1,"the religion, or the community, or the race that they belong to,",the religion or the community or the race that they belong to,the religion or the community or the race that they belong to,the religion or the community or the race that they belong to
crisp_v0823_cohere_q4k,svarah_test_0040,success,0,0.000000,11,0,0,0,11,3.533042,3.530063,1.000844,,,1,Tennis courts have been built for youngsters to learn the sport.,tennis courts have been built for youngsters to learn the sport,tennis courts have been built for youngsters to learn the sport,tennis courts have been built for youngsters to learn the sport
crisp_v0823_cohere_q4k,svarah_test_0041,success,0,0.166667,11,1,0,1,12,5.885087,7.043000,0.835594,,,1,"yes it caters different need and different sectors for example, hospitality, agriculture",and yes it caters different needs and different sectors for example hospitality agriculture,yes it caters different need and different sectors for example hospitality agriculture,and yes it caters different needs and different sectors for example hospitality agriculture
crisp_v0823_cohere_q4k,svarah_test_0042,success,0,0.028571,35,0,0,1,35,14.799962,15.625813,0.947148,,,1,"It celebrates the occasion on two days, that is 15th and 16th of August. The festivity is held on such a large scale that even people from neighboring town gather here to witness the spectacle",it celebrates the occasion on two days that is the fifteenth and sixteenth of august the festivity is held on such a large scale that even people from neighboring town gather here to witness the spectacle,it celebrates the occasion on 2 days that is 15th and 16th of august the festivity is held on such a large scale that even people from neighboring town gather here to witness the spectacle,it celebrates the occasion on 2 days that is the 15th and 16th of august the festivity is held on such a large scale that even people from neighboring town gather here to witness the spectacle
crisp_v0823_cohere_q4k,svarah_test_0043,success,0,0.000000,1,0,0,0,1,0.723709,0.514500,1.406626,,,1,On,on,on,on
crisp_v0823_cohere_q4k,svarah_test_0044,success,0,0.058824,16,1,0,0,17,6.450786,5.823563,1.107704,,,1,The people in a traditional school focus on the subjects that are of the same for everyone,the pupils in a traditional school focus on the subjects that are of the same for everyone,the people in a traditional school focus on the subjects that are of the same for everyone,the pupils in a traditional school focus on the subjects that are of the same for everyone
crisp_v0823_cohere_q4k,svarah_test_0045,success,0,0.000000,12,0,0,0,12,8.320532,7.051437,1.179977,,,1,"Initially, I used to think that yoga is very hard to practice.",initially i used to think that yoga is very hard to practice,initially i used to think that yoga is very hard to practice,initially i used to think that yoga is very hard to practice
crisp_v0823_cohere_q4k,svarah_test_0046,success,0,0.000000,11,0,0,0,11,4.839827,3.884125,1.246053,,,1,"For example, you might be able to decrease your shipping costs",for example you might be able to decrease your shipping costs,for example you might be able to decrease your shipping costs,for example you might be able to decrease your shipping costs
crisp_v0823_cohere_q4k,svarah_test_0047,success,0,0.000000,31,0,0,0,31,14.316029,12.755250,1.122364,,,1,"Apart from these factors, the challenges like salary given to private school teachers is quite meager and they find it quite hard to make their ends meet in such less income.",apart from these factors the challenges like salary given to private school teachers is quite meagre and they find it quite hard to make their ends meet in such less income,apart from these factors the challenges like salary given to private school teachers is quite meager and they find it quite hard to make their ends meet in such less income,apart from these factors the challenges like salary given to private school teachers is quite meager and they find it quite hard to make their ends meet in such less income
crisp_v0823_cohere_q4k,svarah_test_0048,success,0,0.000000,11,0,0,0,11,3.469303,4.151438,0.835687,,,1,Show a list of all available vaccination center in State Maharashtra,show a list of all available vaccination center in state maharashtra,show a list of all available vaccination center in state maharashtra,show a list of all available vaccination center in state maharashtra
crisp_v0823_cohere_q4k,svarah_test_0049,success,0,0.000000,1,0,0,0,1,0.588838,0.622062,0.946590,,,1,Government,government,government,government
crisp_v0823_cohere_q4k,svarah_test_0050,success,0,0.052632,18,1,0,0,19,8.042929,9.400875,0.855551,,,1,"So, the matter I took take to paint is nature maybe a same scenery or any animal or flowers",so the matter i took take to paint is nature maybe a scene scenery or any animal or flowers,so the matter i took take to paint is nature maybe a same scenery or any animal or flowers,so the matter i took take to paint is nature maybe a scene scenery or any animal or flowers
crisp_v0823_cohere_q4k,svarah_test_0051,success,0,0.058824,17,0,0,1,17,6.529230,7.465937,0.874536,,,1,"So yes, English plays a very important role in exchanging and communication that is very very important",so yes english plays a very important role in exchanging and communication that is a very very important,so yes english plays a very important role in exchanging and communication that is very very important,so yes english plays a very important role in exchanging and communication that is a very very important
crisp_v0823_cohere_q4k,svarah_test_0052,success,0,0.000000,5,0,0,0,5,1.745904,1.867063,0.935107,,,1,more than any other kind,uh more than any other kind,more than any other kind,more than any other kind
crisp_v0823_cohere_q4k,svarah_test_0053,success,0,0.250000,10,1,1,1,12,7.207374,8.849438,0.814444,,,1,"the 10th day and up to Purnima, people visit to their relatives",that day and up to purnima they people visit to their relatives,the 10th day and up to purnima people visit to their relatives,that day and up to purnima they people visit to their relatives
crisp_v0823_cohere_q4k,svarah_test_0054,success,0,0.500000,3,3,0,0,6,1.703072,1.799375,0.946480,,,1,throng and climb the Baukungri peak,thrones and climb the bungalow free,throng and climb the baukungri peak,thrones and climb the bungalow free
crisp_v0823_cohere_q4k,svarah_test_0055,success,0,0.000000,1,0,0,0,1,0.661120,0.560000,1.180572,,,1,Yeah.,yeah,yeah,yeah
crisp_v0823_cohere_q4k,svarah_test_0056,success,0,0.000000,1,0,0,0,1,0.697297,0.690750,1.009478,,,1,On,on,on,on
crisp_v0823_cohere_q4k,svarah_test_0057,success,0,0.000000,1,0,0,0,1,0.605059,0.480000,1.260539,,,1,food,food,food,food
crisp_v0823_cohere_q4k,svarah_test_0058,success,0,0.000000,11,0,0,0,11,6.168633,3.553187,1.736084,,,1,She is the recipient of several accolades including a Filmfare Award.,she is the recipient of several accolades including a filmfare award,she is the recipient of several accolades including a filmfare award,she is the recipient of several accolades including a filmfare award
crisp_v0823_cohere_q4k,svarah_test_0059,success,0,0.000000,17,0,0,0,17,4.934939,5.000000,0.986988,,,1,"So in order to bring all these back, in order to promote our cultural aspects, our cultural",so in order to bring all these back in order to promote our cultural aspects our cultural,so in order to bring all these back in order to promote our cultural aspects our cultural,so in order to bring all these back in order to promote our cultural aspects our cultural
crisp_v0823_cohere_q4k,svarah_test_0060,success,0,0.000000,29,0,0,0,29,10.338797,12.481188,0.828350,,,1,"There, There is something which pulls me towards that book which makes me read again and again and again is the kind of connection I feel with her stories.",there there is something which pulls me towards that book which makes me read again and again and again is the kind of connection i feel with her stories,there there is something which pulls me towards that book which makes me read again and again and again is the kind of connection i feel with her stories,there there is something which pulls me towards that book which makes me read again and again and again is the kind of connection i feel with her stories
crisp_v0823_cohere_q4k,svarah_test_0061,success,0,0.000000,2,0,0,0,2,0.982840,1.105500,0.889046,,,1,volume level,volume level,volume level,volume level
crisp_v0823_cohere_q4k,svarah_test_0062,success,0,0.300000,8,2,0,1,10,3.350506,3.456000,0.969475,,,1,Pay Rs. 500 more to the last scanned QR code,pay rupees five hundred more to the last scanned q r code,pay rs 500 more to the last scanned qr code,pay rupees 500 more to the last scanned q r code
crisp_v0823_cohere_q4k,svarah_test_0063,success,0,0.000000,1,0,0,0,1,0.401310,0.287000,1.398294,,,1,Down,down,down,down
crisp_v0823_cohere_q4k,svarah_test_0064,success,0,0.000000,16,0,0,0,16,8.709617,10.309375,0.844825,,,1,William Shakespeare is believed to be responsible for the addition of thousands of words new words.,william shakespeare is believed to be responsible for the addition of thousands of words new words,william shakespeare is believed to be responsible for the addition of 1000s of words new words,william shakespeare is believed to be responsible for the addition of 1000s of words new words
crisp_v0823_cohere_q4k,svarah_test_0065,success,0,0.047619,21,0,0,1,21,7.162906,7.659500,0.935166,,,1,"the people who practice those different religions, they have a high level of tolerance and respect for each other's religion",well the people who practice those different religions they have a high level of tolerance and respect for each other's religion,the people who practice those different religions they have a high level of tolerance and respect for each other is religion,well the people who practice those different religions they have a high level of tolerance and respect for each other is religion
crisp_v0823_cohere_q4k,svarah_test_0066,success,0,0.111111,8,1,0,0,9,4.753710,5.145000,0.923948,,,1,"Lakshmi Vilas Palace, residence of Vadodara's royal family.",lakshmi villas palace residence of vadodara's royal family,lakshmi vilas palace residence of vadodara is royal family,lakshmi villas palace residence of vadodara is royal family
crisp_v0823_cohere_q4k,svarah_test_0067,success,0,0.142857,13,1,0,1,14,6.587290,5.680500,1.159632,,,1,What are the items in Processed Food items with the offer of minimum 40 % ?,what are the items in the processed food items with the offer of minimum forty per cent,what are the items in processed food items with the offer of minimum 40 ,what are the items in the processed food items with the offer of minimum 40%
crisp_v0823_cohere_q4k,svarah_test_0068,success,0,0.000000,1,0,0,0,1,0.834513,0.332375,2.510756,,,1,Up,up,up,up
crisp_v0823_cohere_q4k,svarah_test_0069,success,0,0.000000,9,0,0,0,9,5.169793,5.599687,0.923229,,,1,our festivals which are considered to be the symbols,our festivals which are considered to be the symbols,our festivals which are considered to be the symbols,our festivals which are considered to be the symbols
crisp_v0823_cohere_q4k,svarah_test_0070,success,0,0.000000,1,0,0,0,1,0.865664,0.864563,1.001274,,,1,Backward,backward,backward,backward
crisp_v0823_cohere_q4k,svarah_test_0071,success,0,0.214286,11,1,2,0,14,4.269842,4.800000,0.889550,,,1,"That is why I like poetry, and it is my favorite genre in writing.",that is why i like poetry and it is my favourite journey,that is why i like poetry and it is my favorite genre in writing,that is why i like poetry and it is my favorite journey
crisp_v0823_cohere_q4k,svarah_test_0072,success,0,0.000000,1,0,0,0,1,0.537713,0.433437,1.240577,,,1,Agree,agree,agree,agree
crisp_v0823_cohere_q4k,svarah_test_0073,success,0,0.090909,10,0,1,0,11,3.442920,4.160000,0.827625,,,1,The Fine Old English Gentleman is one of his finest poems.,fine old english gentleman is one of his finest poems,the fine old english gentleman is one of his finest poems,fine old english gentleman is one of his finest poems
crisp_v0823_cohere_q4k,svarah_test_0074,success,0,2.000000,0,1,0,1,1,0.876063,0.794375,1.102833,,,1,Subarnapur,suborna puro,subarnapur,suborna puro
crisp_v0823_cohere_q4k,svarah_test_0075,success,0,0.000000,5,0,0,0,5,1.994003,1.975000,1.009622,,,1,There is no restriction on,there is no restriction on,there is no restriction on,there is no restriction on
crisp_v0823_cohere_q4k,svarah_test_0076,success,0,0.000000,3,0,0,0,3,1.097450,0.958937,1.144444,,,1,that is noodle.,that is noodle,that is noodle,that is noodle
crisp_v0823_cohere_q4k,svarah_test_0077,success,0,0.000000,17,0,0,0,17,5.937502,5.701750,1.041347,,,1,"Although a French citizen, she has been brought up and lived most of her life in India.",although a french citizen she has been brought up and lived most of her life in india,although a french citizen she has been brought up and lived most of her life in india,although a french citizen she has been brought up and lived most of her life in india
crisp_v0823_cohere_q4k,svarah_test_0078,success,0,0.052632,18,1,0,0,19,7.515443,7.880375,0.953691,,,1,or may it be any local vendor. They will always be ready to help people coming from outside Odisha.,or may it be any local vendor they will always be ready to help people coming from outside odessa,or may it be any local vendor they will always be ready to help people coming from outside odisha,or may it be any local vendor they will always be ready to help people coming from outside odessa
crisp_v0823_cohere_q4k,svarah_test_0079,success,0,0.500000,1,1,0,0,2,0.899541,0.957125,0.939836,,,1,developing steps,developing stets,developing steps,developing stets
crisp_v0823_cohere_q4k,svarah_test_0080,success,0,0.000000,27,0,0,0,27,11.439950,13.535562,0.845177,,,1,"In India, most states, they focus more on studies and rather less on sports. That is the reason why we have low sports categories in our states",in india most states they focus more on studies and rather less on sports that is the reason why we have low sports categories in our states,in india most states they focus more on studies and rather less on sports that is the reason why we have low sports categories in our states,in india most states they focus more on studies and rather less on sports that is the reason why we have low sports categories in our states
crisp_v0823_cohere_q4k,svarah_test_0081,success,0,0.000000,5,0,0,0,5,2.066022,2.133938,0.968174,,,1,let me hear my list,let me hear my list,let me hear my list,let me hear my list
crisp_v0823_cohere_q4k,svarah_test_0082,success,0,0.000000,14,0,0,0,14,5.176239,6.716500,0.770675,,,1,A reduction in this cost is evidence that you are building a recognized brand.,a reduction in this cost is evidence that you are building a recognized brand,a reduction in this cost is evidence that you are building a recognized brand,a reduction in this cost is evidence that you are building a recognized brand
crisp_v0823_cohere_q4k,svarah_test_0083,success,0,1.000000,0,1,0,0,1,0.703037,0.663000,1.060388,,,1,Kuwait,covet,kuwait,covet
crisp_v0823_cohere_q4k,svarah_test_0084,success,0,0.000000,10,0,0,0,10,2.774230,3.327062,0.833838,,,1,Being even a few minutes late may disqualify your submission.,being even a few minutes late may disqualify your submission,being even a few minutes late may disqualify your submission,being even a few minutes late may disqualify your submission
crisp_v0823_cohere_q4k,svarah_test_0085,success,0,0.000000,1,0,0,0,1,0.573230,0.540937,1.059698,,,1,Forward,forward,forward,forward
crisp_v0823_cohere_q4k,svarah_test_0086,success,0,0.000000,5,0,0,0,5,1.072373,0.904937,1.185024,,,1,i want you to mute,i want you to mute,i want you to mute,i want you to mute
crisp_v0823_cohere_q4k,svarah_test_0087,success,0,1.000000,0,1,0,0,1,0.535982,0.483000,1.109693,,,1,Three,tree,3,tree
crisp_v0823_cohere_q4k,svarah_test_0088,success,0,0.375000,6,2,0,1,8,5.669950,7.283812,0.778432,,,1,Your MPIN is invalid for mobile number 77341091445,your m pin is invalid form mobile number seven seven three four one zero nine one four four five,your mpin is invalid for mobile number 77341091445,your m pin is invalid form mobile number 77341091445
crisp_v0823_cohere_q4k,svarah_test_0089,success,0,0.000000,3,0,0,0,3,0.847230,0.931562,0.909472,,,1,raise the volume,raise the volume,raise the volume,raise the volume
crisp_v0823_cohere_q4k,svarah_test_0090,success,0,0.050000,19,0,1,0,20,8.518343,11.045063,0.771235,,,1,So if they are not using glutes they will tire the their other muscles and that will lead to fatigue.,so if they are not using glutes they will tire their other muscles and that will lead to fatigue,so if they are not using glutes they will tire the their other muscles and that will lead to fatigue,so if they are not using glutes they will tire their other muscles and that will lead to fatigue
crisp_v0823_cohere_q4k,svarah_test_0091,success,0,0.000000,6,0,0,0,6,2.958157,2.927625,1.010429,,,1,are being converted into residential sites,are being converted into residential sites,are being converted into residential sites,are being converted into residential sites
crisp_v0823_cohere_q4k,svarah_test_0092,success,0,0.000000,7,0,0,0,7,2.920572,2.117500,1.379255,,,1,"As I am not a professional singer,",as i am not a professional singer,as i am not a professional singer,as i am not a professional singer
crisp_v0823_cohere_q4k,svarah_test_0093,success,0,0.090909,10,1,0,0,11,3.737551,4.880000,0.765892,,,1,But somebody from Mumbai or Bangalore could very well learn Odissi,but somebody from mumbai or bangalore could very well learn odyssey,but somebody from mumbai or bangalore could very well learn odissi,but somebody from mumbai or bangalore could very well learn odyssey
crisp_v0823_cohere_q4k,svarah_test_0094,success,0,0.000000,8,0,0,0,8,2.633251,3.168625,0.831039,,,1,and use them in our bath powders or,and use them in our bath powders or,and use them in our bath powders or,and use them in our bath powders or
crisp_v0823_cohere_q4k,svarah_test_0095,success,0,0.111111,9,0,0,1,9,5.344879,7.183375,0.744062,,,1,"Well, I was not a student of English medium.",well i was a not a student of english medium,well i was not a student of english medium,well i was a not a student of english medium
crisp_v0823_cohere_q4k,svarah_test_0096,success,0,1.000000,0,1,0,0,1,0.740983,0.850000,0.871745,,,1,agriculture,agricultur,agriculture,agricultur
crisp_v0823_cohere_q4k,svarah_test_0097,success,0,0.000000,7,0,0,0,7,2.837441,3.803500,0.746008,,,1,its multiple subplots and the complicated plot,its multiple subplots and the complicated plot,its multiple subplots and the complicated plot,its multiple subplots and the complicated plot
crisp_v0823_cohere_q4k,svarah_test_0098,success,0,0.000000,13,0,0,0,13,7.580100,8.324312,0.910598,,,1,So after the celebration all the materials that is gathered or collected are,so after the celebration all the materials that is gathered or collected are,so after the celebration all the materials that is gathered or collected are,so after the celebration all the materials that is gathered or collected are
crisp_v0823_cohere_q4k,svarah_test_0099,success,0,0.105263,18,1,0,1,19,11.060838,11.592813,0.954112,,,1,Can you help in searching for ESIC Centres located in area with pincode 198753 and centre type IMP Clinic,can you help in searching for esic centers located in area with pin code 198753 and center type imp clinic,can you help in searching for esic centers located in area with pincode 198753 and center type imp clinic,can you help in searching for esic centers located in area with pin code 198753 and center type imp clinic
crisp_v0823_cohere_q4k,svarah_test_0100,success,0,0.066667,14,1,0,0,15,5.379991,6.168500,0.872172,,,1,Social media and online education platforms plays a vital role in the field of education.,social media and online education platforms play a vital role in the field of education,social media and online education platforms plays a vital role in the field of education,social media and online education platforms play a vital role in the field of education
crisp_v0823_cohere_q4k,svarah_test_0101,success,0,1.000000,0,1,0,0,1,0.526753,0.546875,0.963205,,,1,Off,of,off,of
crisp_v0823_cohere_q4k,svarah_test_0102,success,0,0.250000,7,1,0,1,8,4.218042,5.298687,0.796054,,,1,compare to other languages English has wider audience,compared to other languages english has a wider audience,compare to other languages english has wider audience,compared to other languages english has a wider audience
crisp_v0823_cohere_q4k,svarah_test_0103,success,0,0.125000,7,1,0,0,8,2.947135,3.324125,0.886590,,,1,Bangalore is known as a city of entrepreneurs.,bangalore is known as the city of entrepreneurs,bangalore is known as a city of entrepreneurs,bangalore is known as the city of entrepreneurs
crisp_v0823_cohere_q4k,svarah_test_0104,success,0,0.000000,19,0,0,0,19,7.785926,8.204875,0.948939,,,1,Tell me how to link multiple bank accounts and transfer money between my own accounts in Maharashtra Gramin Bank,tell me how to link multiple bank accounts and transfer money between my own accounts in maharashtra gramin bank,tell me how to link multiple bank accounts and transfer money between my own accounts in maharashtra gramin bank,tell me how to link multiple bank accounts and transfer money between my own accounts in maharashtra gramin bank
crisp_v0823_cohere_q4k,svarah_test_0105,success,0,0.000000,1,0,0,0,1,1.283323,0.996687,1.287588,,,1,Previous,previous,previous,previous
crisp_v0823_cohere_q4k,svarah_test_0106,success,0,0.000000,10,0,0,0,10,3.867135,3.796250,1.018672,,,1,Attacks targeting police have become common in the Nangarhar province,attacks targeting police have become common in the nangarhar province,attacks targeting police have become common in the nangarhar province,attacks targeting police have become common in the nangarhar province
crisp_v0823_cohere_q4k,svarah_test_0107,success,0,0.000000,9,0,0,0,9,4.153797,4.240000,0.979669,,,1,"In North Bihar, there is a lot of flooding,",in north bihar there is a lot of flooding,in north bihar there is a lot of flooding,in north bihar there is a lot of flooding
crisp_v0823_cohere_q4k,svarah_test_0108,success,0,0.000000,10,0,0,0,10,4.185843,4.359000,0.960276,,,1,Capturing candid moment can make a great portrait I think.,capturing candid moment can make a great portrait i think,capturing candid moment can make a great portrait i think,capturing candid moment can make a great portrait i think
crisp_v0823_cohere_q4k,svarah_test_0109,success,0,0.000000,7,0,0,0,7,2.842043,3.001875,0.946756,,,1,The art and craft of our state,the art and craft of our state,the art and craft of our state,the art and craft of our state
crisp_v0823_cohere_q4k,svarah_test_0110,success,0,0.000000,9,0,0,0,9,3.038887,3.060062,0.993080,,,1,Can I get my order delivered after 2 Hours,can i get my order delivered after two hours,can i get my order delivered after 2 hours,can i get my order delivered after 2 hours
crisp_v0823_cohere_q4k,svarah_test_0111,success,0,0.200000,8,2,0,0,10,4.239557,4.539500,0.933926,,,1,Chhath Puja is a folk festival that lasts four days.,third puja is a folk festival that lasts for days,chhath puja is a folk festival that lasts 4 days,3rd puja is a folk festival that lasts for days
crisp_v0823_cohere_q4k,svarah_test_0112,success,0,0.000000,1,0,0,0,1,0.574109,0.477500,1.202324,,,1,One,one,one,one
crisp_v0823_cohere_q4k,svarah_test_0113,success,0,0.000000,1,0,0,0,1,0.613571,0.435125,1.410104,,,1,On,on,on,on
crisp_v0823_cohere_q4k,svarah_test_0114,success,0,0.040000,24,1,0,0,25,10.474236,12.950000,0.808821,,,1,"So the first day of Bohag Bihu is called Guru Bihu. In this Bihu, bulls or cows are bathed in the bank of a river.",so the first day of bhag bihu is called guru bihu in this bihu bulls or cows are bathed in the bank of a river,so the 1st day of bohag bihu is called guru bihu in this bihu bulls or cows are bathed in the bank of a river,so the 1st day of bhag bihu is called guru bihu in this bihu bulls or cows are bathed in the bank of a river
crisp_v0823_cohere_q4k,svarah_test_0115,success,0,0.000000,11,0,0,0,11,2.383567,3.100000,0.768893,,,1,"Now taking the government schools into account, not much was done",now taking the government schools into account not much was done,now taking the government schools into account not much was done,now taking the government schools into account not much was done
crisp_v0823_cohere_q4k,svarah_test_0116,success,0,0.000000,10,0,0,0,10,2.554932,3.160000,0.808523,,,1,We have a composter at our garden in our house,we have a composter at our garden in our house,we have a composter at our garden in our house,we have a composter at our garden in our house
crisp_v0823_cohere_q4k,svarah_test_0117,success,0,0.000000,11,0,0,0,11,2.614262,2.797750,0.934416,,,1,What remaining bills do I have to pay for this month ?,what remaining bills do i have to pay for this month,what remaining bills do i have to pay for this month,what remaining bills do i have to pay for this month
crisp_v0823_cohere_q4k,svarah_test_0118,success,0,0.000000,5,0,0,0,5,2.884196,3.558625,0.810481,,,1,Indian English speakers of English,indian english speakers of english,indian english speakers of english,indian english speakers of english
crisp_v0823_cohere_q4k,svarah_test_0119,success,0,0.100000,9,1,0,0,10,4.504519,5.561687,0.809920,,,1,Chalazion surgery is a safe procedure and complications seldom occur.,shellazion surgery is a safe procedure and complications seldom occur,chalazion surgery is a safe procedure and complications seldom occur,shellazion surgery is a safe procedure and complications seldom occur
crisp_v0823_cohere_q4k,svarah_test_0120,success,0,0.066667,14,1,0,0,15,7.682619,7.148937,1.074652,,,1,Can you add 120 gm The Laughing Cow Creamy Cheese Triangles to my shopping list?,can you add 120 gram the laughing cow creamy cheese triangles to my shopping list,can you add 120 gm the laughing cow creamy cheese triangles to my shopping list,can you add 120 gram the laughing cow creamy cheese triangles to my shopping list
crisp_v0823_cohere_q4k,svarah_test_0121,success,0,0.333333,2,1,0,0,3,0.921517,0.966000,0.953952,,,1,One is their,one is there,one is their,one is there
crisp_v0823_cohere_q4k,svarah_test_0122,success,0,0.021739,46,0,0,1,46,28.584480,26.609750,1.074211,,,1,"as the story developed, which is set in the time of the English Civil War in the 17th century, it became really very interesting and also described not only the culture and the social mores of the period, but also developed into a very good storyline.",as the story developed which is set in the time of the english civil war in the seventeenth century it became really very interesting and also described the not only the culture and the social mores of the period but also developed into a very good storyline,as the story developed which is set in the time of the english civil war in the 17th century it became really very interesting and also described not only the culture and the social mores of the period but also developed into a very good storyline,as the story developed which is set in the time of the english civil war in the 17th century it became really very interesting and also described the not only the culture and the social mores of the period but also developed into a very good storyline
crisp_v0823_cohere_q4k,svarah_test_0123,success,0,0.000000,10,0,0,0,10,13.684209,3.702750,3.695688,,,1,Can you send money to unsaved mobile numbers in Pay,can you send money to unsaved mobile numbers in pay,can you send money to unsaved mobile numbers in pay,can you send money to unsaved mobile numbers in pay
crisp_v0823_cohere_q4k,svarah_test_0124,success,0,0.000000,32,0,0,0,32,14.145843,16.597000,0.852313,,,1,"Kerala's cultural heritage is centuries old. The culture of Kerala is an amalgam of native art forms, language, literature, architectural style, music, festivals, cuisine, archaeological monuments, heritage centers and so on",kerala's cultural heritage is centuries old the culture of kerala is an amalgam of native art forms language literature architectural style music festivals cuisine archaeological monuments heritage centres and so on,kerala is cultural heritage is centuries old the culture of kerala is an amalgam of native art forms language literature architectural style music festivals cuisine archaeological monuments heritage centers and so on,kerala is cultural heritage is centuries old the culture of kerala is an amalgam of native art forms language literature architectural style music festivals cuisine archaeological monuments heritage centers and so on
crisp_v0823_cohere_q4k,svarah_test_0125,success,0,1.000000,0,1,0,0,1,0.334096,0.135313,2.469068,,,1,Up,ah,up,ah
crisp_v0823_cohere_q4k,svarah_test_0126,success,0,0.166667,11,1,0,1,12,23.610722,9.000000,2.623414,,,1,"So the climate here in Kanimpung, the winter are a bit cold,",so the climate here in kanimpong and the winter are a bit cold,so the climate here in kanimpung the winter are a bit cold,so the climate here in kanimpong and the winter are a bit cold
crisp_v0823_cohere_q4k,svarah_test_0127,success,0,0.000000,2,0,0,0,2,12.720264,1.720000,7.395502,,,1,in 1864,in eighteen sixty four,in 1864,in 1864
crisp_v0823_cohere_q4k,svarah_test_0128,success,0,0.000000,13,0,0,0,13,24.572511,7.852688,3.129185,,,1,"It is famous for many cultural traditions like Kirtan, Natak, Allah Rudal etc.",it is famous for many cultural traditions like kirtan natak allah rudal etc,it is famous for many cultural traditions like kirtan natak allah rudal etc,it is famous for many cultural traditions like kirtan natak allah rudal etc
crisp_v0823_cohere_q4k,svarah_test_0129,success,0,0.000000,18,0,0,0,18,42.314666,9.410500,4.496538,,,1,"HIV directly infects a small number of T helper cells, and also impairs other immune system responses indirectly.",hiv directly infects a small number of t helper cells and also impairs other immune system responses indirectly,hiv directly infects a small number of t helper cells and also impairs other immune system responses indirectly,hiv directly infects a small number of t helper cells and also impairs other immune system responses indirectly
crisp_v0823_cohere_q4k,svarah_test_0130,success,0,0.000000,6,0,0,0,6,118.330868,4.808438,24.609006,,,1,"London, Singapore, New York, Bangkok, Dubai.",london singapore new york bangkok dubai,london singapore new york bangkok dubai,london singapore new york bangkok dubai
crisp_v0823_cohere_q4k,svarah_test_0131,success,0,0.000000,8,0,0,0,8,60.849487,4.379187,13.895155,,,1,Add Fendo Two Fold Umbrella worth rupees R,add fendo two fold umbrella worth rupees r,add fendo 2 fold umbrella worth rupees r,add fendo 2 fold umbrella worth rupees r
crisp_v0823_cohere_q4k,svarah_test_0132,success,0,0.250000,3,1,0,0,4,40.043413,1.900062,21.074787,,,1,students girls students with,students girl students with,students girls students with,students girl students with
crisp_v0823_cohere_q4k,svarah_test_0133,success,0,0.000000,17,0,0,0,17,65.694972,5.520000,11.901263,,,1,What was the last book you read that really impacted you and how did it do so?,what was the last book you read that really impacted you and how did it do so,what was the last book you read that really impacted you and how did it do so,what was the last book you read that really impacted you and how did it do so
crisp_v0823_cohere_q4k,svarah_test_0134,success,0,0.043478,22,1,0,0,23,119.065156,8.542125,13.938587,,,1,"Chandigarh IT Park, also known as Rajiv Gandhi Chandigarh Technology Park, is the city's attempt to break into the information technology world.",chandigarh it park also known as rajiv kandi chandigarh technology park is the city's attempt to break into the information technology world,chandigarh it park also known as rajiv gandhi chandigarh technology park is the city is attempt to break into the information technology world,chandigarh it park also known as rajiv kandi chandigarh technology park is the city is attempt to break into the information technology world
crisp_v0823_cohere_q4k,svarah_test_0135,success,0,0.250000,3,1,0,0,4,34.419103,2.118250,16.248839,,,1,save my music preferences,save my musical preferences,save my music preferences,save my musical preferences
crisp_v0823_cohere_q4k,svarah_test_0136,success,0,1.000000,0,1,0,0,1,18.018893,0.443188,40.657494,,,1,Tree,e,tree,e
crisp_v0823_cohere_q4k,svarah_test_0137,success,0,0.000000,25,0,0,0,25,332.583087,20.658375,16.099189,,,1,discrimination is also a big issue in schools and colleges discrimination based on caste and religion is very much pronounced in Gujarat's education system,discrimination is also a big issue in schools and colleges discrimination based on caste and religion is very much pronounced in gujarat's education system,discrimination is also a big issue in schools and colleges discrimination based on caste and religion is very much pronounced in gujarat is education system,discrimination is also a big issue in schools and colleges discrimination based on caste and religion is very much pronounced in gujarat is education system
crisp_v0823_cohere_q4k,svarah_test_0138,success,0,0.000000,8,0,0,0,8,15.261428,6.399687,2.384715,,,1,culture values are also changing with their forms,culture values are also changing with their forms,culture values are also changing with their forms,culture values are also changing with their forms
crisp_v0823_cohere_q4k,svarah_test_0139,success,0,0.153846,11,1,1,0,13,12.244686,6.540625,1.872097,,,1,"When people live together in a society, these are there this results automatically.",when people live together in a society these are the results automatically,when people live together in a society these are there this results automatically,when people live together in a society these are the results automatically
crisp_v0823_cohere_q4k,svarah_test_0140,success,0,0.833333,1,5,0,0,6,12.773331,9.640000,1.325034,,,1,"Kamrup metro Nalbari, Nagaon, Sonitpur, Lakhimpur.",kambrook metro nullabari nogaung sunitpur lokimpur,kamrup metro nalbari nagaon sonitpur lakhimpur,kambrook metro nullabari nogaung sunitpur lokimpur
crisp_v0823_cohere_q4k,svarah_test_0141,success,0,2.000000,0,1,0,1,1,0.776126,0.503687,1.540889,,,1,Katak,cut up,katak,cut up
crisp_v0823_cohere_q4k,svarah_test_0142,success,0,0.000000,3,0,0,0,3,1.213434,1.012063,1.198972,,,1,The answer is,the answer is,the answer is,the answer is
crisp_v0823_cohere_q4k,svarah_test_0143,success,0,0.000000,28,0,0,0,28,11.672849,9.999813,1.167307,,,1,"It cannot be denied that opportunities have increased. There were also suggestions of making some villages model villages, but those ended only in the stage of an idea",it cannot be denied that opportunities have increased there were also suggestions of making some villages model villages but those ended only in the stage of an idea,it cannot be denied that opportunities have increased there were also suggestions of making some villages model villages but those ended only in the stage of an idea,it cannot be denied that opportunities have increased there were also suggestions of making some villages model villages but those ended only in the stage of an idea
crisp_v0823_cohere_q4k,svarah_test_0144,success,0,0.000000,15,0,0,0,15,5.815351,4.607062,1.262269,,,1,"At any time during this phase, the car dealer may offer to settle with you.",at any time during this phase the car dealer may offer to settle with you,at any time during this phase the car dealer may offer to settle with you,at any time during this phase the car dealer may offer to settle with you
crisp_v0823_cohere_q4k,svarah_test_0145,success,0,0.000000,1,0,0,0,1,2.384559,0.680125,3.506060,,,1,Yes,yes,yes,yes
crisp_v0823_cohere_q4k,svarah_test_0146,success,0,0.000000,6,0,0,0,6,3.216688,2.485562,1.294149,,,1,and some of the main festivals,and uh some of the main festivals,and some of the main festivals,and some of the main festivals
crisp_v0823_cohere_q4k,svarah_test_0147,success,0,0.117647,15,2,0,0,17,7.858428,6.481375,1.212463,,,1,Why did I get zero discount when the Slurrp Farm Oats Instant Powder mentioned 90 % on order,why did i get zero discount when the slurp farm oats instant powder mentioned ninety per cent on order,why did i get 0 discount when the slurrp farm oats instant powder mentioned 90 on order,why did i get 0 discount when the slurp farm oats instant powder mentioned 90% on order
crisp_v0823_cohere_q4k,svarah_test_0148,success,0,0.428571,8,2,4,0,14,7.249547,5.549688,1.306298,,,1,Can I change my delivery date from 11-9-2021 TO 23-4-2020 ?,can i change my delivery date from eleven nine twenty twenty one to twenty three four twenty twenty,can i change my delivery date from 11 9 2021 to 23 4 2020,can i change my delivery date from 1192021 to 2342020
crisp_v0823_cohere_q4k,svarah_test_0149,success,0,0.000000,1,0,0,0,1,0.691294,0.379250,1.822791,,,1,Yes,yes,yes,yes
crisp_v0823_cohere_q4k,svarah_test_0150,success,0,0.107143,25,3,0,0,28,13.457417,11.637250,1.156409,,,1,he Padanilam or the battlefield is a paddy field adjacent to the famous Ochera Parabrahma temple and the festivities are part of a ritual associated with the shrine,the padanilam or the battlefield is a paddy field adjacent to the famous orchara parebrahma temple and the festivities are part of a ritual associated with the shrine,he padanilam or the battlefield is a paddy field adjacent to the famous ochera parabrahma temple and the festivities are part of a ritual associated with the shrine,the padanilam or the battlefield is a paddy field adjacent to the famous orchara parebrahma temple and the festivities are part of a ritual associated with the shrine
crisp_v0823_cohere_q4k,svarah_test_0151,success,0,0.000000,11,0,0,0,11,4.912136,4.499937,1.091601,,,1,"is the head of the government, heading the council of ministers.",is the head of the government heading the council of ministers,is the head of the government heading the council of ministers,is the head of the government heading the council of ministers
crisp_v0823_cohere_q4k,svarah_test_0152,success,0,0.000000,1,0,0,0,1,1.019854,0.824375,1.237124,,,1,House,house,house,house
crisp_v0823_cohere_q4k,svarah_test_0153,success,0,0.125000,7,1,0,0,8,3.499331,3.129125,1.118310,,,1,Some popular beaches in my state Odisha are,some popular beaches in my state odessa are,some popular beaches in my state odisha are,some popular beaches in my state odessa are
crisp_v0823_cohere_q4k,svarah_test_0154,success,0,0.000000,18,0,0,0,18,10.098649,8.267375,1.221506,,,1,The child with special needs are now accommodated in regular schools where school has resource rooms for them,the child with special needs are now accommodated in regular schools where school has resource rooms for them,the child with special needs are now accommodated in regular schools where school has resource rooms for them,the child with special needs are now accommodated in regular schools where school has resource rooms for them
crisp_v0823_cohere_q4k,svarah_test_0155,success,0,0.000000,20,0,0,0,20,11.817341,8.100625,1.458818,,,1,"But yeah, it wouldn't harm to represent regional languages a bit more in a quest to keep them alive.",but yeah it wouldn't harm to represent regional languages a bit more in a quest to keep them alive,but yeah it would not harm to represent regional languages a bit more in a quest to keep them alive,but yeah it would not harm to represent regional languages a bit more in a quest to keep them alive
crisp_v0823_cohere_q4k,svarah_test_0156,success,0,0.031250,31,1,0,0,32,16.497380,15.817250,1.042999,,,1,"Some local art forms or crafts that are unique to my district are Bagurumba dance, silk rearing, and weaving. Bagurumba is a dance form performed by women folk belonging to Boro community.",some local art forms or crafts that are unique to my district are bagurumba dance silk rearing and weaving bagurumba is a dance form performed by women folk belonging to borough community,some local art forms or crafts that are unique to my district are bagurumba dance silk rearing and weaving bagurumba is a dance form performed by women folk belonging to boro community,some local art forms or crafts that are unique to my district are bagurumba dance silk rearing and weaving bagurumba is a dance form performed by women folk belonging to borough community
crisp_v0823_cohere_q4k,svarah_test_0157,success,0,0.000000,1,0,0,0,1,1.607721,0.541250,2.970385,,,1,Jump,jump,jump,jump
crisp_v0823_cohere_q4k,svarah_test_0158,success,0,0.000000,12,0,0,0,12,6.121051,5.600000,1.093045,,,1,"Language, though a means of communication, is naturally the expression or representation",language though a means of communication is naturally the expression or representation,language though a means of communication is naturally the expression or representation,language though a means of communication is naturally the expression or representation
crisp_v0823_cohere_q4k,svarah_test_0159,success,0,0.000000,1,0,0,0,1,0.400135,0.227875,1.755942,,,1,Three,three,3,3
crisp_v0823_cohere_q4k,svarah_test_0160,success,0,0.200000,20,4,1,0,25,16.920658,14.968750,1.130399,,,1,"Education for girls is top priorities in our state after our Prime Minister Shri Narendra Modi ji has given the slogan, Beti Bachao, Beti Padhao.",education for girls is top priorities in our state after our prime minister shiri narinder modiji has given the slogan beti bachao beti padao,education for girls is top priorities in our state after our prime minister shri narendra modi ji has given the slogan beti bachao beti padhao,education for girls is top priorities in our state after our prime minister shiri narinder modiji has given the slogan beti bachao beti padao
crisp_v0823_cohere_q4k,svarah_test_0161,success,0,0.035714,27,1,0,0,28,17.345237,14.830312,1.169580,,,1,"The present district of South 24 Parganas came into existence on March 1, 1986. It then comprised of two subdivisions, namely, Alipur and Diamond Harbour, and 30 blocks.",the present district of south twenty four parganas came into existence on march first nineteen eighty six it then comprised of two subdivisions namely alipur and diamond harbour and thirty blocks,the present district of south 24 parganas came into existence on march one 1986 it then comprised of 2 subdivisions namely alipur and diamond harbor and 30 blocks,the present district of south 24 parganas came into existence on march 1st 1986 it then comprised of 2 subdivisions namely alipur and diamond harbor and 30 blocks
crisp_v0823_cohere_q4k,svarah_test_0162,success,0,0.043478,22,1,0,0,23,6.815857,6.160312,1.106414,,,1,"or what are the things that you should try in the state, they will also help maybe it may be a shop person",or what are the things that you should try in this state they will also help maybe it may be a shop person,or what are the things that you should try in the state they will also help maybe it may be a shop person,or what are the things that you should try in this state they will also help maybe it may be a shop person
crisp_v0823_cohere_q4k,svarah_test_0163,success,0,0.000000,1,0,0,0,1,0.800345,0.521062,1.535988,,,1,Wow,wow,wow,wow
crisp_v0823_cohere_q4k,svarah_test_0164,success,0,0.000000,5,0,0,0,5,2.807281,2.880000,0.974750,,,1,"like manganese, limestone, and pyrite,",like manganese limestone and pyrite,like manganese limestone and pyrite,like manganese limestone and pyrite
crisp_v0823_cohere_q4k,svarah_test_0165,success,0,1.000000,0,1,0,0,1,0.565016,0.415125,1.361074,,,1,Tree,three,tree,3
crisp_v0823_cohere_q4k,svarah_test_0166,success,0,0.071429,13,1,0,0,14,4.762817,5.116375,0.930897,,,1,Open my transaction history for the last 24 hours and mute the contact Wahida,open my transaction history for the last twenty four hours and mute the contact bahita,open my transaction history for the last 24 hours and mute the contact wahida,open my transaction history for the last 24 hours and mute the contact bahita
crisp_v0823_cohere_q4k,svarah_test_0167,success,0,0.058824,17,0,0,1,17,10.980339,10.590375,1.036823,,,1,"Sports teach a person sportsman spirit, hard work, alertness, acceptance, and discipline more than any other source.",sports teach a person sportsman's spirit hard work alertness acceptance and discipline more than any other source,sports teach a person sportsman spirit hard work alertness acceptance and discipline more than any other source,sports teach a person sportsman is spirit hard work alertness acceptance and discipline more than any other source
crisp_v0823_cohere_q4k,svarah_test_0168,success,0,0.192308,23,3,0,2,26,13.568380,15.202625,0.892502,,,1,Can you transfer Rs. 400 to my 6844663153262 in IndusInd Bank fortnightly via PayUmoney and give me an alert in case the balance goes below that?,can you transfer rupees four hundred to my six eight four four six six three one five three two six two in indecent bank fortnightly via pay you money and give me an alert in case the balance goes below that,can you transfer rs 400 to my 6844663153262 in indusind bank fortnightly via payumoney and give me an alert in case the balance goes below that,can you transfer rupees 400 to my 6844663153262 in indecent bank fortnightly via pay you money and give me an alert in case the balance goes below that
crisp_v0823_cohere_q4k,svarah_test_0169,success,0,0.400000,3,2,0,0,5,2.223955,2.420000,0.918990,,,1,by making transactions on Limeroad,by making transactions online route,by making transactions on limeroad,by making transactions online route
crisp_v0823_cohere_q4k,svarah_test_0170,success,0,0.000000,1,0,0,0,1,0.344246,0.210437,1.635859,,,1,Up,up,up,up
crisp_v0823_cohere_q4k,svarah_test_0171,success,0,0.055556,18,0,0,1,18,6.847860,7.891312,0.867772,,,1,A cruise boat service has been started by the tourism department for visitors to the dam and reservoir.,a cruise boat service has been started by the tourism department for the visitors to the dam and reservoir,a cruise boat service has been started by the tourism department for visitors to the dam and reservoir,a cruise boat service has been started by the tourism department for the visitors to the dam and reservoir
crisp_v0823_cohere_q4k,svarah_test_0172,success,0,0.000000,1,0,0,0,1,0.585137,0.443375,1.319733,,,1,Learn,learn,learn,learn
crisp_v0823_cohere_q4k,svarah_test_0173,success,0,0.105263,17,2,0,0,19,6.075882,6.903562,0.880108,,,1,Najib's dream was to work in the Persian Gulf states and earn enough money to send back home,najeeb's dream was to work in the persian gulf states and earn enough money to send back hope,najib is dream was to work in the persian gulf states and earn enough money to send back home,najeeb is dream was to work in the persian gulf states and earn enough money to send back hope
crisp_v0823_cohere_q4k,svarah_test_0174,success,0,0.666667,1,0,2,0,3,1.449745,1.404125,1.032490,,,1,"Yeah, mostly through",yeah,yeah mostly through,yeah
crisp_v0823_cohere_q4k,svarah_test_0175,success,0,1.000000,0,1,0,0,1,0.692817,0.424250,1.633039,,,1,Nila,nay,nila,nay
crisp_v0823_cohere_q4k,svarah_test_0176,success,0,0.000000,11,0,0,0,11,6.280029,4.939312,1.271438,,,1,brainwashing a child towards a particular religion is a strict no,brainwashing a child towards a particular religion is a strict no,brainwashing a child towards a particular religion is a strict no,brainwashing a child towards a particular religion is a strict no
crisp_v0823_cohere_q4k,svarah_test_0177,success,0,0.000000,11,0,0,0,11,5.479977,5.678750,0.964997,,,1,Is there any Kids vaccination centre in the PIN Code 967045,is there any kids vaccination center in the pin code nine six seven zero four five,is there any kids vaccination center in the pin code 967045,is there any kids vaccination center in the pin code 967045
crisp_v0823_cohere_q4k,svarah_test_0178,success,0,0.150000,17,3,0,0,20,6.675162,7.094688,0.940868,,,1,"Davis was back in prison and admitted a role in a different armed robbery, at a Bank of Cyprus branch.",davies was back in prison and admitted a role in a different armed robbery at a bank of cypress bronze,davis was back in prison and admitted a role in a different armed robbery at a bank of cyprus branch,davies was back in prison and admitted a role in a different armed robbery at a bank of cypress bronze
crisp_v0823_cohere_q4k,svarah_test_0179,success,0,0.000000,13,0,0,0,13,4.186000,4.597000,0.910594,,,1,we have seen the assimilation of the culture in English language in India.,we have seen the assimilation of the culture in english language in india,we have seen the assimilation of the culture in english language in india,we have seen the assimilation of the culture in english language in india
crisp_v0823_cohere_q4k,svarah_test_0180,success,0,0.000000,1,0,0,0,1,0.605901,0.505938,1.197581,,,1,Go,go,go,go
crisp_v0823_cohere_q4k,svarah_test_0181,success,0,0.133333,13,2,0,0,15,5.433955,6.125375,0.887122,,,1,Why did I get zero discount when the Garden Raita Boondi mentioned 40 % on order,why did i get zero discount when the garden raita bundi mentioned forty percent on order,why did i get 0 discount when the garden raita boondi mentioned 40 on order,why did i get 0 discount when the garden raita bundi mentioned 40% on order
crisp_v0823_cohere_q4k,svarah_test_0182,success,0,0.250000,6,2,0,0,8,2.663540,3.024000,0.880800,,,1,"Despite a defeat of Ladakh by the Mughals,",despite a defeat of ladak by the moguls,despite a defeat of ladakh by the mughals,despite a defeat of ladak by the moguls
crisp_v0823_cohere_q4k,svarah_test_0183,success,0,0.000000,7,0,0,0,7,2.197723,2.471812,0.889114,,,1,Can you tell us about their work?,can you tell us about their work,can you tell us about their work,can you tell us about their work
crisp_v0823_cohere_q4k,svarah_test_0184,success,0,0.071429,14,0,0,1,14,5.686346,6.639375,0.856458,,,1,"During which several architecture, literature and monuments have been built by the British Empire.",during which several architecture and literature and monuments have been built by the british empire,during which several architecture literature and monuments have been built by the british empire,during which several architecture and literature and monuments have been built by the british empire
crisp_v0823_cohere_q4k,svarah_test_0185,success,0,1.000000,1,1,0,1,2,2.267793,2.484062,0.912937,,,1,Sunitpur Dhubri,sonnet poor dhubri,sunitpur dhubri,sonnet poor dhubri
crisp_v0823_cohere_q4k,svarah_test_0186,success,0,0.000000,13,0,0,0,13,7.410486,8.510875,0.870708,,,1,that to have a round shaped roti was an impossible task for me.,that to have a round shaped roti was an impossible task for me,that to have a round shaped roti was an impossible task for me,that to have a round shaped roti was an impossible task for me
crisp_v0823_cohere_q4k,svarah_test_0187,success,0,0.000000,11,0,0,0,11,8.550869,9.872125,0.866163,,,1,"working and what impact it had on people. And so, yeah.",working and what impact it had on people and so yeah,working and what impact it had on people and so yeah,working and what impact it had on people and so yeah
crisp_v0823_cohere_q4k,svarah_test_0188,success,0,0.045455,21,0,1,0,22,8.294005,9.000000,0.921556,,,1,"In the 21st century, the entire world has become narrow, accessible, shareable and familiar for all the people living on this earth.",in the twenty first century the entire world has become narrow accessible shareable and familiar for all the people living on this,in the 21st century the entire world has become narrow accessible shareable and familiar for all the people living on this earth,in the 21st century the entire world has become narrow accessible shareable and familiar for all the people living on this
crisp_v0823_cohere_q4k,svarah_test_0189,success,0,0.000000,8,0,0,0,8,3.320334,3.239813,1.024854,,,1,"lockdown period, last three years, so to say",lockdown period last three years so to say,lockdown period last 3 years so to say,lockdown period last 3 years so to say
crisp_v0823_cohere_q4k,svarah_test_0190,success,0,0.000000,1,0,0,0,1,0.609875,0.511188,1.193056,,,1,Right,right,right,right
crisp_v0823_cohere_q4k,svarah_test_0191,success,0,0.333333,2,1,0,0,3,1.813264,1.725250,1.051015,,,1,Add Rs 500,add rupies five hundred,add rs 500,add rupies 500
crisp_v0823_cohere_q4k,svarah_test_0192,success,0,0.000000,14,0,0,0,14,3.881652,4.112563,0.943853,,,1,"If so, what is it and why do you keep coming back to it?",if so what is it and why do you keep coming back to it,if so what is it and why do you keep coming back to it,if so what is it and why do you keep coming back to it
crisp_v0823_cohere_q4k,svarah_test_0193,success,0,0.000000,9,0,0,0,9,4.014868,3.449750,1.163814,,,1,"So, there are so many bodies who are working",so there are so many bodies who are working,so there are so many bodies who are working,so there are so many bodies who are working
crisp_v0823_cohere_q4k,svarah_test_0194,success,0,0.000000,1,0,0,0,1,0.580713,0.335375,1.731532,,,1,Dog,dog,dog,dog
crisp_v0823_cohere_q4k,svarah_test_0195,success,0,0.000000,1,0,0,0,1,0.477297,0.359438,1.327901,,,1,Three,three,3,3
crisp_v0823_cohere_q4k,svarah_test_0196,success,0,0.000000,18,0,0,0,18,27.049869,18.760000,1.441891,,,1,"Previously, it used to be the richer people's language or only few people can talk in English.",previously it used to be the richer people's language or only few people can talk in english,previously it used to be the richer people is language or only few people can talk in english,previously it used to be the richer people is language or only few people can talk in english
crisp_v0823_cohere_q4k,svarah_test_0197,success,0,0.250000,10,2,0,1,12,11.126464,11.802875,0.942691,,,1,"Like that, I already mentioned the title of this book, Jeewan Kadegaful.",like that i already mentioned the title of this book john carnegie full,like that i already mentioned the title of this book jeewan kadegaful,like that i already mentioned the title of this book john carnegie full
crisp_v0823_cohere_q4k,svarah_test_0198,success,0,0.000000,12,0,0,0,12,5.206586,5.925625,0.878656,,,1,There are primary health centers in every village which provide free medical,there are primary health centers in every village which provide free medical,there are primary health centers in every village which provide free medical,there are primary health centers in every village which provide free medical
crisp_v0823_cohere_q4k,svarah_test_0199,success,0,0.000000,1,0,0,0,1,0.391804,0.245125,1.598384,,,1,Down,down,down,down
sarvam_saaras_v4,svarah_test_0000,success,0,0.033333,29,1,0,0,30,0.797766,14.646375,0.054468,,,1,English breaks the communication barriers between people of diverse cultural backgrounds and it creates a new community where people come together and share their cultures and ideas with broader audience.,English breaks the communication barriers between people of diverse cultural background and it creates a new community where people come together and share their cultures and ideas with broader audience.,english breaks the communication barriers between people of diverse cultural backgrounds and it creates a new community where people come together and share their cultures and ideas with broader audience,english breaks the communication barriers between people of diverse cultural background and it creates a new community where people come together and share their cultures and ideas with broader audience
sarvam_saaras_v4,svarah_test_0001,success,0,0.000000,33,0,0,0,33,0.593128,14.365250,0.041289,,,1,"The radiation, the chemotherapy, everything, every every option for cancer treatment is available over here and it is largely used not only by the people of Gujarat but also by the nearby states.","The radiation, the chemotherapy, everything, every every option for cancer treatment is available over here and it is largely used not only by the people of Gujarat but also by the nearby states.",the radiation the chemotherapy everything every every option for cancer treatment is available over here and it is largely used not only by the people of gujarat but also by the nearby states,the radiation the chemotherapy everything every every option for cancer treatment is available over here and it is largely used not only by the people of gujarat but also by the nearby states
sarvam_saaras_v4,svarah_test_0002,success,0,0.000000,13,0,0,0,13,0.474341,4.778375,0.099268,,,1,"We differ from other countries in terms of food, in terms of dress","We differ from other countries in terms of food, in terms of dress.",we differ from other countries in terms of food in terms of dress,we differ from other countries in terms of food in terms of dress
sarvam_saaras_v4,svarah_test_0003,success,0,0.062500,16,0,0,1,16,0.723384,6.987188,0.103530,,,1,Can you list all the Paid vaccination centres for age group 18+ years in district Chatra,Can you list all the paid vaccination centers for age group 18 plus years in district Chatra?,can you list all the paid vaccination centers for age group 18 years in district chatra,can you list all the paid vaccination centers for age group 18 plus years in district chatra
sarvam_saaras_v4,svarah_test_0004,success,0,0.000000,1,0,0,0,1,0.317218,1.100875,0.288151,,,1,39,39.,39,39
sarvam_saaras_v4,svarah_test_0005,success,0,0.000000,8,0,0,0,8,0.409875,2.889187,0.141865,,,1,Clear all the reminders set up last Year,Clear all the reminders set up last year.,clear all the reminders set up last year,clear all the reminders set up last year
sarvam_saaras_v4,svarah_test_0006,success,0,0.000000,14,0,0,0,14,0.512274,5.507062,0.093021,,,1,A few tributaries form marshy land in early dry season due to natural seepage,A few tributaries form marshy land in early dry season due to natural seepage.,a few tributaries form marshy land in early dry season due to natural seepage,a few tributaries form marshy land in early dry season due to natural seepage
sarvam_saaras_v4,svarah_test_0007,success,0,1.000000,0,1,0,0,1,0.282744,0.500875,0.564500,,,1,Time,Home.,time,home
sarvam_saaras_v4,svarah_test_0008,success,0,0.555556,5,4,0,1,9,0.488578,5.400125,0.090475,,,1,"So, starting with Maghi Chakrati, on Maghi Chakrati which","Okay, so starting with Maghe Sankranti. On Maghe Sankranti, which.",so starting with maghi chakrati on maghi chakrati which,okay so starting with maghe sankranti on maghe sankranti which
sarvam_saaras_v4,svarah_test_0009,success,0,0.000000,8,0,0,0,8,0.465986,2.535938,0.183753,,,1,change the color of the lights to blue,Change the color of the lights to blue.,change the color of the lights to blue,change the color of the lights to blue
sarvam_saaras_v4,svarah_test_0010,success,0,0.000000,1,0,0,0,1,0.288147,0.311688,0.924473,,,1,Three,Three.,3,3
sarvam_saaras_v4,svarah_test_0011,success,0,1.000000,0,1,0,0,1,0.329748,0.516188,0.638815,,,1,Agree,Advance.,agree,advance
sarvam_saaras_v4,svarah_test_0012,success,0,0.000000,10,0,0,0,10,0.432671,4.298250,0.100662,,,1,How is the availability of healthcare professionals in your state?,How is the availability of healthcare professionals in your state?,how is the availability of healthcare professionals in your state,how is the availability of healthcare professionals in your state
sarvam_saaras_v4,svarah_test_0013,success,0,0.000000,13,0,0,0,13,0.463333,4.952875,0.093548,,,1,I am trying to search for ESIC Centres with centre type Local Office,I am trying to search for ESIC centers with center type local office.,i am trying to search for esic centers with center type local office,i am trying to search for esic centers with center type local office
sarvam_saaras_v4,svarah_test_0014,success,0,0.000000,1,0,0,0,1,0.292733,0.364250,0.803659,,,1,Help,Help.,help,help
sarvam_saaras_v4,svarah_test_0015,success,0,0.090909,31,2,0,1,33,0.898480,13.936125,0.064471,,,1,"my other favorite herbs are tulsi, pudina, dodapathre and vandalaga, tulsi as we all know is a very good medicinal plant or herb that can be used in treating common cold and cough","My other favorite herbs are Tulsi, Pudina, Dodda Patre and Ondelaga. Tulsi, as we all know, is a very good medicinal plant or herb that can be used in treating common cold and cough.",my other favorite herbs are tulsi pudina dodapathre and vandalaga tulsi as we all know is a very good medicinal plant or herb that can be used in treating common cold and cough,my other favorite herbs are tulsi pudina dodda patre and ondelaga tulsi as we all know is a very good medicinal plant or herb that can be used in treating common cold and cough
sarvam_saaras_v4,svarah_test_0016,success,0,0.000000,8,0,0,0,8,0.498596,5.112312,0.097528,,,1,"where I was trained physical, mental and spiritual","Where I was trained physical, mental and spiritual.",where i was trained physical mental and spiritual,where i was trained physical mental and spiritual
sarvam_saaras_v4,svarah_test_0017,success,0,0.000000,1,0,0,0,1,0.331956,0.690312,0.480877,,,1,because,Because.,because,because
sarvam_saaras_v4,svarah_test_0018,success,0,0.000000,1,0,0,0,1,0.302905,0.833313,0.363495,,,1,Manas,Manas.,manas,manas
sarvam_saaras_v4,svarah_test_0019,success,0,0.142857,6,1,0,0,7,0.406517,3.345375,0.121516,,,1,"As for my opinion, there are not","As per my opinion, there are not.",as for my opinion there are not,as per my opinion there are not
sarvam_saaras_v4,svarah_test_0020,success,0,0.000000,23,0,0,0,23,0.572837,11.101750,0.051599,,,1,"The biking is booming. The demand is increasing, just because they are way cheaper than the cars. And it is environment-friendly, too",The biking is booming. The demand is increasing. Just because they are way cheaper than the cars and it is environment friendly too.,the biking is booming the demand is increasing just because they are way cheaper than the cars and it is environment friendly too,the biking is booming the demand is increasing just because they are way cheaper than the cars and it is environment friendly too
sarvam_saaras_v4,svarah_test_0021,success,0,0.333333,3,0,0,1,3,0.812909,4.960000,0.163893,,,1,entire world interconnected.,The entire world interconnected.,entire world interconnected,the entire world interconnected
sarvam_saaras_v4,svarah_test_0022,success,0,0.375000,6,1,1,1,8,0.453059,6.000000,0.075510,,,1,"it It is funded by state government, UCSH","It is funded by state government, UGC, etc.",it it is funded by state government ucsh,it is funded by state government ugc etc
sarvam_saaras_v4,svarah_test_0023,success,0,0.222222,7,2,0,0,9,0.463026,3.240000,0.142909,,,1,I also like Levi Skrull's Alice in Wonderland.,I also like Levi's Carols Alice in Wonderland.,i also like levi skrull is alice in wonderland,i also like levi is carols alice in wonderland
sarvam_saaras_v4,svarah_test_0024,success,0,0.000000,6,0,0,0,6,0.432938,2.129563,0.203299,,,1,Mute my reminders for a day!,Mute my reminders for a day.,mute my reminders for a day,mute my reminders for a day
sarvam_saaras_v4,svarah_test_0025,success,0,0.000000,10,0,0,0,10,0.540628,6.360938,0.084992,,,1,Find all blood banks with A- blood in district Warangal,Find all blood banks with A blood in district Warangal.,find all blood banks with a blood in district warangal,find all blood banks with a blood in district warangal
sarvam_saaras_v4,svarah_test_0026,success,0,0.047619,21,0,0,1,21,0.573256,10.678500,0.053683,,,1,For people of age group 18+ years is there any Free vaccination centre available in district Jaipur which provides First Dose,"For people of age group above 18 years, is there any free vaccination center available in district Jaipur which provides first dose?",for people of age group 18 years is there any free vaccination center available in district jaipur which provides 1st dose,for people of age group above 18 years is there any free vaccination center available in district jaipur which provides 1st dose
sarvam_saaras_v4,svarah_test_0027,success,0,0.000000,7,0,0,0,7,0.405016,2.799625,0.144668,,,1,Start a new email to George Brown,Start a new email to George Brown.,start a new email to george brown,start a new email to george brown
sarvam_saaras_v4,svarah_test_0028,success,0,0.000000,1,0,0,0,1,0.298310,0.591625,0.504221,,,1,farming,Farming.,farming,farming
sarvam_saaras_v4,svarah_test_0029,success,0,0.000000,2,0,0,0,2,0.334389,1.113000,0.300439,,,1,Chandrashekhar Jha,Chandrashekhar Jha.,chandrashekhar jha,chandrashekhar jha
sarvam_saaras_v4,svarah_test_0030,success,0,0.000000,5,0,0,0,5,0.420719,3.160000,0.133139,,,1,I love doing nature photography.,I love doing nature photography.,i love doing nature photography,i love doing nature photography
sarvam_saaras_v4,svarah_test_0031,success,0,0.000000,18,0,0,0,18,0.479157,5.859250,0.081778,,,1,"That if someone speaks in English, then he is literate. We can justify that, we can judge that.","That if someone speaks in English, then he is literate. We can justify that, we can judge that.",that if someone speaks in english then he is literate we can justify that we can judge that,that if someone speaks in english then he is literate we can justify that we can judge that
sarvam_saaras_v4,svarah_test_0032,success,0,0.000000,5,0,0,0,5,0.438245,3.720250,0.117800,,,1,Also music has a very,Also music has a very.,also music has a very,also music has a very
sarvam_saaras_v4,svarah_test_0033,success,0,0.000000,1,0,0,0,1,0.244934,0.310000,0.790108,,,1,Three,Three.,3,3
sarvam_saaras_v4,svarah_test_0034,success,0,0.000000,1,0,0,0,1,0.284277,0.430625,0.660151,,,1,Padma,Padma.,padma,padma
sarvam_saaras_v4,svarah_test_0035,success,0,0.000000,20,0,0,0,20,0.534441,6.638687,0.080504,,,1,The scenes of the movie of John Abraham riding the Suzuki Hayabusa It made me fall in love with biking,"The scenes of the movie of John Abraham riding the Suzuki Hayabusa, it made me fall in love with biking.",the scenes of the movie of john abraham riding the suzuki hayabusa it made me fall in love with biking,the scenes of the movie of john abraham riding the suzuki hayabusa it made me fall in love with biking
sarvam_saaras_v4,svarah_test_0036,success,0,0.000000,10,0,0,0,10,0.561831,2.768438,0.202942,,,1,and hoping that one of them would turn out good,And hoping that one of them would turn out good.,and hoping that one of them would turn out good,and hoping that one of them would turn out good
sarvam_saaras_v4,svarah_test_0037,success,0,0.058824,16,1,0,0,17,0.548789,8.461500,0.064857,,,1,The price mentioned for National Gardens Potted Tomato Seeds is not correct as compare to market prices.,The price mentioned for National Gardens potted tomato seeds is not correct as compared to market prices.,the price mentioned for national gardens potted tomato seeds is not correct as compare to market prices,the price mentioned for national gardens potted tomato seeds is not correct as compared to market prices
sarvam_saaras_v4,svarah_test_0038,success,0,0.000000,10,0,0,0,10,0.764873,6.520000,0.117312,,,1,And so difficult to say a favorite particular favorite quote,And so difficult to say a favorite particular favorite quote.,and so difficult to say a favorite particular favorite quote,and so difficult to say a favorite particular favorite quote
sarvam_saaras_v4,svarah_test_0039,success,0,0.000000,12,0,0,0,12,0.534148,5.480000,0.097472,,,1,"the religion, or the community, or the race that they belong to,","The religion, , or the community or the race that they belong to.",the religion or the community or the race that they belong to,the religion or the community or the race that they belong to
sarvam_saaras_v4,svarah_test_0040,success,0,0.000000,11,0,0,0,11,0.440897,3.530063,0.124898,,,1,Tennis courts have been built for youngsters to learn the sport.,Tennis courts have been built for youngsters to learn the sport.,tennis courts have been built for youngsters to learn the sport,tennis courts have been built for youngsters to learn the sport
sarvam_saaras_v4,svarah_test_0041,success,0,0.083333,12,0,0,1,12,0.515081,7.043000,0.073134,,,1,"yes it caters different need and different sectors for example, hospitality, agriculture","And yes, it caters different need and different sectors, for example, hospitality, agriculture.",yes it caters different need and different sectors for example hospitality agriculture,and yes it caters different need and different sectors for example hospitality agriculture
sarvam_saaras_v4,svarah_test_0042,success,0,0.000000,35,0,0,0,35,0.640203,15.625813,0.040971,,,1,"It celebrates the occasion on two days, that is 15th and 16th of August. The festivity is held on such a large scale that even people from neighboring town gather here to witness the spectacle","It celebrates the occasion on 2 days, that is 15th and 16th of August. The festivity is held on such a large scale that even people from neighboring town gather here to witness the spectacle.",it celebrates the occasion on 2 days that is 15th and 16th of august the festivity is held on such a large scale that even people from neighboring town gather here to witness the spectacle,it celebrates the occasion on 2 days that is 15th and 16th of august the festivity is held on such a large scale that even people from neighboring town gather here to witness the spectacle
sarvam_saaras_v4,svarah_test_0043,success,0,0.000000,1,0,0,0,1,0.308557,0.514500,0.599723,,,1,On,On.,on,on
sarvam_saaras_v4,svarah_test_0044,success,0,0.058824,16,1,0,0,17,0.569014,5.823563,0.097709,,,1,The people in a traditional school focus on the subjects that are of the same for everyone,The pupils in a traditional school focus on the subjects that are of the same for everyone.,the people in a traditional school focus on the subjects that are of the same for everyone,the pupils in a traditional school focus on the subjects that are of the same for everyone
sarvam_saaras_v4,svarah_test_0045,success,0,0.000000,12,0,0,0,12,0.486548,7.051437,0.069000,,,1,"Initially, I used to think that yoga is very hard to practice.",Initially I used to think that yoga is very hard to practice.,initially i used to think that yoga is very hard to practice,initially i used to think that yoga is very hard to practice
sarvam_saaras_v4,svarah_test_0046,success,0,0.000000,11,0,0,0,11,0.427049,3.884125,0.109947,,,1,"For example, you might be able to decrease your shipping costs","For example, you might be able to decrease your shipping costs.",for example you might be able to decrease your shipping costs,for example you might be able to decrease your shipping costs
sarvam_saaras_v4,svarah_test_0047,success,0,0.000000,31,0,0,0,31,0.551999,12.755250,0.043276,,,1,"Apart from these factors, the challenges like salary given to private school teachers is quite meager and they find it quite hard to make their ends meet in such less income.","Apart from these factors, the challenges like salary given to private school teachers is quite meager and they find it quite hard to make their ends meet in such less income.",apart from these factors the challenges like salary given to private school teachers is quite meager and they find it quite hard to make their ends meet in such less income,apart from these factors the challenges like salary given to private school teachers is quite meager and they find it quite hard to make their ends meet in such less income
sarvam_saaras_v4,svarah_test_0048,success,0,0.000000,11,0,0,0,11,0.479176,4.151438,0.115424,,,1,Show a list of all available vaccination center in State Maharashtra,Show a list of all available vaccination center in state Maharashtra.,show a list of all available vaccination center in state maharashtra,show a list of all available vaccination center in state maharashtra
sarvam_saaras_v4,svarah_test_0049,success,0,0.000000,1,0,0,0,1,0.331936,0.622062,0.533605,,,1,Government,Government.,government,government
sarvam_saaras_v4,svarah_test_0050,success,0,0.105263,17,0,2,0,19,0.527058,9.400875,0.056065,,,1,"So, the matter I took take to paint is nature maybe a same scenery or any animal or flowers","So the matter I take to paint is nature, maybe a scenery or any animal or flowers.",so the matter i took take to paint is nature maybe a same scenery or any animal or flowers,so the matter i take to paint is nature maybe a scenery or any animal or flowers
sarvam_saaras_v4,svarah_test_0051,success,0,0.000000,17,0,0,0,17,0.522623,7.465937,0.070001,,,1,"So yes, English plays a very important role in exchanging and communication that is very very important","So yes, English plays a very important role in exchanging and communication. That is very, very important.",so yes english plays a very important role in exchanging and communication that is very very important,so yes english plays a very important role in exchanging and communication that is very very important
sarvam_saaras_v4,svarah_test_0052,success,0,0.000000,5,0,0,0,5,0.353028,1.867063,0.189082,,,1,more than any other kind,More than any other kind.,more than any other kind,more than any other kind
sarvam_saaras_v4,svarah_test_0053,success,0,0.000000,12,0,0,0,12,0.538946,8.849438,0.060902,,,1,"the 10th day and up to Purnima, people visit to their relatives","The 10th day and up to Purnima, people visit to their relatives.",the 10th day and up to purnima people visit to their relatives,the 10th day and up to purnima people visit to their relatives
sarvam_saaras_v4,svarah_test_0054,success,0,0.666667,2,4,0,0,6,0.365343,1.799375,0.203039,,,1,throng and climb the Baukungri peak,Trolled and climbed the Bucking Ridge.,throng and climb the baukungri peak,trolled and climbed the bucking ridge
sarvam_saaras_v4,svarah_test_0055,success,0,0.000000,1,0,0,0,1,0.305087,0.560000,0.544798,,,1,Yeah.,Yeah.,yeah,yeah
sarvam_saaras_v4,svarah_test_0056,success,0,0.000000,1,0,0,0,1,0.321000,0.690750,0.464712,,,1,On,On.,on,on
sarvam_saaras_v4,svarah_test_0057,success,0,0.000000,1,0,0,0,1,0.283374,0.480000,0.590362,,,1,food,Food.,food,food
sarvam_saaras_v4,svarah_test_0058,success,0,0.000000,11,0,0,0,11,0.439425,3.553187,0.123671,,,1,She is the recipient of several accolades including a Filmfare Award.,She is the recipient of several accolades including a Filmfare Award.,she is the recipient of several accolades including a filmfare award,she is the recipient of several accolades including a filmfare award
sarvam_saaras_v4,svarah_test_0059,success,0,0.000000,17,0,0,0,17,0.485488,5.000000,0.097098,,,1,"So in order to bring all these back, in order to promote our cultural aspects, our cultural","So in order to bring all these back, in order to promote our cultural aspects, our cultural.",so in order to bring all these back in order to promote our cultural aspects our cultural,so in order to bring all these back in order to promote our cultural aspects our cultural
sarvam_saaras_v4,svarah_test_0060,success,0,0.000000,29,0,0,0,29,0.620372,12.481188,0.049705,,,1,"There, There is something which pulls me towards that book which makes me read again and again and again is the kind of connection I feel with her stories.","There, there is something which pulls me towards that book, which makes me read again and again and again, is the kind of connection I feel with her stories.",there there is something which pulls me towards that book which makes me read again and again and again is the kind of connection i feel with her stories,there there is something which pulls me towards that book which makes me read again and again and again is the kind of connection i feel with her stories
sarvam_saaras_v4,svarah_test_0061,success,0,0.000000,2,0,0,0,2,0.341802,1.105500,0.309183,,,1,volume level,Volume level.,volume level,volume level
sarvam_saaras_v4,svarah_test_0062,success,0,0.100000,9,0,1,0,10,0.466385,3.456000,0.134950,,,1,Pay Rs. 500 more to the last scanned QR code,Pay ₹500 more to the last scanned QR code.,pay rs 500 more to the last scanned qr code,pay 500 more to the last scanned qr code
sarvam_saaras_v4,svarah_test_0063,success,0,0.000000,1,0,0,0,1,0.262612,0.287000,0.915026,,,1,Down,Down.,down,down
sarvam_saaras_v4,svarah_test_0064,success,0,0.000000,16,0,0,0,16,0.539092,10.309375,0.052291,,,1,William Shakespeare is believed to be responsible for the addition of thousands of words new words.,"William Shakespeare is believed to be responsible for the addition of thousands of words, new words.",william shakespeare is believed to be responsible for the addition of 1000s of words new words,william shakespeare is believed to be responsible for the addition of 1000s of words new words
sarvam_saaras_v4,svarah_test_0065,success,0,0.047619,21,0,0,1,21,0.559500,7.659500,0.073047,,,1,"the people who practice those different religions, they have a high level of tolerance and respect for each other's religion","Well, the people who practice those different religions, they have a high level of tolerance and respect for each other's religion.",the people who practice those different religions they have a high level of tolerance and respect for each other is religion,well the people who practice those different religions they have a high level of tolerance and respect for each other is religion
sarvam_saaras_v4,svarah_test_0066,success,0,0.000000,9,0,0,0,9,0.477407,5.145000,0.092790,,,1,"Lakshmi Vilas Palace, residence of Vadodara's royal family.","Lakshmi Vilas Palace, residence of Vadodara's royal family.",lakshmi vilas palace residence of vadodara is royal family,lakshmi vilas palace residence of vadodara is royal family
sarvam_saaras_v4,svarah_test_0067,success,0,0.142857,13,1,0,1,14,0.523674,5.680500,0.092188,,,1,What are the items in Processed Food items with the offer of minimum 40 % ?,What are the items in the processed food items with the offer of minimum 40%?,what are the items in processed food items with the offer of minimum 40 ,what are the items in the processed food items with the offer of minimum 40%
sarvam_saaras_v4,svarah_test_0068,success,0,0.000000,1,0,0,0,1,0.276400,0.332375,0.831592,,,1,Up,Up.,up,up
sarvam_saaras_v4,svarah_test_0069,success,0,0.000000,9,0,0,0,9,0.435652,5.599687,0.077799,,,1,our festivals which are considered to be the symbols,Our festivals which are considered to be the symbols.,our festivals which are considered to be the symbols,our festivals which are considered to be the symbols
sarvam_saaras_v4,svarah_test_0070,success,0,0.000000,1,0,0,0,1,0.297908,0.864563,0.344576,,,1,Backward,Backward.,backward,backward
sarvam_saaras_v4,svarah_test_0071,success,0,0.142857,12,0,2,0,14,0.490272,4.800000,0.102140,,,1,"That is why I like poetry, and it is my favorite genre in writing.",That is why I like poetry and it is my favorite genre.,that is why i like poetry and it is my favorite genre in writing,that is why i like poetry and it is my favorite genre
sarvam_saaras_v4,svarah_test_0072,success,0,0.000000,1,0,0,0,1,0.301295,0.433437,0.695130,,,1,Agree,Agree.,agree,agree
sarvam_saaras_v4,svarah_test_0073,success,0,0.090909,10,0,1,0,11,0.467404,4.160000,0.112357,,,1,The Fine Old English Gentleman is one of his finest poems.,Fine Old English Gentleman is one of his finest poems.,the fine old english gentleman is one of his finest poems,fine old english gentleman is one of his finest poems
sarvam_saaras_v4,svarah_test_0074,success,0,0.000000,1,0,0,0,1,0.360857,0.794375,0.454265,,,1,Subarnapur,Subarnapur.,subarnapur,subarnapur
sarvam_saaras_v4,svarah_test_0075,success,0,0.000000,5,0,0,0,5,0.365128,1.975000,0.184875,,,1,There is no restriction on,There is no restriction on.,there is no restriction on,there is no restriction on
sarvam_saaras_v4,svarah_test_0076,success,0,0.000000,3,0,0,0,3,0.314102,0.958937,0.327552,,,1,that is noodle.,That is noodle.,that is noodle,that is noodle
sarvam_saaras_v4,svarah_test_0077,success,0,0.000000,17,0,0,0,17,0.491943,5.701750,0.086279,,,1,"Although a French citizen, she has been brought up and lived most of her life in India.","Although a French citizen, she has been brought up and lived most of her life in India.",although a french citizen she has been brought up and lived most of her life in india,although a french citizen she has been brought up and lived most of her life in india
sarvam_saaras_v4,svarah_test_0078,success,0,0.000000,19,0,0,0,19,0.556253,7.880375,0.070587,,,1,or may it be any local vendor. They will always be ready to help people coming from outside Odisha.,"Or may it be any local vendor, they will always be ready to help people coming from outside Odisha.",or may it be any local vendor they will always be ready to help people coming from outside odisha,or may it be any local vendor they will always be ready to help people coming from outside odisha
sarvam_saaras_v4,svarah_test_0079,success,0,0.500000,1,1,0,0,2,0.301829,0.957125,0.315349,,,1,developing steps,Developing state.,developing steps,developing state
sarvam_saaras_v4,svarah_test_0080,success,0,0.000000,27,0,0,0,27,0.565531,13.535562,0.041781,,,1,"In India, most states, they focus more on studies and rather less on sports. That is the reason why we have low sports categories in our states","In India, most states they focus more on studies and rather less on sports. That is the reason why we have low sports categories in our states.",in india most states they focus more on studies and rather less on sports that is the reason why we have low sports categories in our states,in india most states they focus more on studies and rather less on sports that is the reason why we have low sports categories in our states
sarvam_saaras_v4,svarah_test_0081,success,0,0.000000,5,0,0,0,5,0.584302,2.133938,0.273814,,,1,let me hear my list,Let me hear my list.,let me hear my list,let me hear my list
sarvam_saaras_v4,svarah_test_0082,success,0,0.000000,14,0,0,0,14,0.528743,6.716500,0.078723,,,1,A reduction in this cost is evidence that you are building a recognized brand.,A reduction in this cost is evidence that you are building a recognized brand.,a reduction in this cost is evidence that you are building a recognized brand,a reduction in this cost is evidence that you are building a recognized brand
sarvam_saaras_v4,svarah_test_0083,success,0,0.000000,1,0,0,0,1,0.330272,0.663000,0.498147,,,1,Kuwait,Kuwait.,kuwait,kuwait
sarvam_saaras_v4,svarah_test_0084,success,0,0.000000,10,0,0,0,10,0.475621,3.327062,0.142955,,,1,Being even a few minutes late may disqualify your submission.,Being even a few minutes late may disqualify your submission.,being even a few minutes late may disqualify your submission,being even a few minutes late may disqualify your submission
sarvam_saaras_v4,svarah_test_0085,success,0,0.000000,1,0,0,0,1,0.327769,0.540937,0.605927,,,1,Forward,Forward.,forward,forward
sarvam_saaras_v4,svarah_test_0086,success,0,0.000000,5,0,0,0,5,0.323397,0.904937,0.357369,,,1,i want you to mute,I want you to mute.,i want you to mute,i want you to mute
sarvam_saaras_v4,svarah_test_0087,success,0,0.000000,1,0,0,0,1,0.341972,0.483000,0.708017,,,1,Three,Three.,3,3
sarvam_saaras_v4,svarah_test_0088,success,0,0.000000,8,0,0,0,8,0.588808,7.283812,0.080838,,,1,Your MPIN is invalid for mobile number 77341091445,Your MPIN is invalid for mobile number 77341091445.,your mpin is invalid for mobile number 77341091445,your mpin is invalid for mobile number 77341091445
sarvam_saaras_v4,svarah_test_0089,success,0,0.000000,3,0,0,0,3,0.311558,0.931562,0.334446,,,1,raise the volume,Raise the volume.,raise the volume,raise the volume
sarvam_saaras_v4,svarah_test_0090,success,0,0.050000,19,0,1,0,20,0.651754,11.045063,0.059009,,,1,So if they are not using glutes they will tire the their other muscles and that will lead to fatigue.,"So if they are not using glutes, they will tire their other muscles and that will lead to fatigue.",so if they are not using glutes they will tire the their other muscles and that will lead to fatigue,so if they are not using glutes they will tire their other muscles and that will lead to fatigue
sarvam_saaras_v4,svarah_test_0091,success,0,0.000000,6,0,0,0,6,0.472578,2.927625,0.161420,,,1,are being converted into residential sites,Are being converted into residential sites.,are being converted into residential sites,are being converted into residential sites
sarvam_saaras_v4,svarah_test_0092,success,0,0.000000,7,0,0,0,7,0.725255,2.117500,0.342505,,,1,"As I am not a professional singer,",As I am not a professional singer.,as i am not a professional singer,as i am not a professional singer
sarvam_saaras_v4,svarah_test_0093,success,0,0.090909,10,1,0,0,11,0.500809,4.880000,0.102625,,,1,But somebody from Mumbai or Bangalore could very well learn Odissi,But somebody from Mumbai or Bangalore could very well learn Odyssey.,but somebody from mumbai or bangalore could very well learn odissi,but somebody from mumbai or bangalore could very well learn odyssey
sarvam_saaras_v4,svarah_test_0094,success,0,0.000000,8,0,0,0,8,0.434769,3.168625,0.137211,,,1,and use them in our bath powders or,And use them in our bath powders or.,and use them in our bath powders or,and use them in our bath powders or
sarvam_saaras_v4,svarah_test_0095,success,0,0.000000,9,0,0,0,9,0.604827,7.183375,0.084198,,,1,"Well, I was not a student of English medium.","Well, I was not a student of English medium.",well i was not a student of english medium,well i was not a student of english medium
sarvam_saaras_v4,svarah_test_0096,success,0,0.000000,1,0,0,0,1,0.287199,0.850000,0.337881,,,1,agriculture,Agriculture.,agriculture,agriculture
sarvam_saaras_v4,svarah_test_0097,success,0,0.000000,7,0,0,0,7,0.474830,3.803500,0.124840,,,1,its multiple subplots and the complicated plot,Its multiple subplots and the complicated plot.,its multiple subplots and the complicated plot,its multiple subplots and the complicated plot
sarvam_saaras_v4,svarah_test_0098,success,0,0.000000,13,0,0,0,13,0.553187,8.324312,0.066454,,,1,So after the celebration all the materials that is gathered or collected are,"So after the celebration, all the materials that is gathered or collected are.",so after the celebration all the materials that is gathered or collected are,so after the celebration all the materials that is gathered or collected are
sarvam_saaras_v4,svarah_test_0099,success,0,0.105263,18,1,0,1,19,0.619621,11.592813,0.053449,,,1,Can you help in searching for ESIC Centres located in area with pincode 198753 and centre type IMP Clinic,Can you help in searching for ESIC centers located in area with pin code 198753 and center type IMP clinic?,can you help in searching for esic centers located in area with pincode 198753 and center type imp clinic,can you help in searching for esic centers located in area with pin code 198753 and center type imp clinic
sarvam_saaras_v4,svarah_test_0100,success,0,0.000000,15,0,0,0,15,0.724722,6.168500,0.117487,,,1,Social media and online education platforms plays a vital role in the field of education.,Social media and online education platforms plays a vital role in the field of education.,social media and online education platforms plays a vital role in the field of education,social media and online education platforms plays a vital role in the field of education
sarvam_saaras_v4,svarah_test_0101,success,0,0.000000,1,0,0,0,1,0.279957,0.546875,0.511922,,,1,Off,Off.,off,off
sarvam_saaras_v4,svarah_test_0102,success,0,0.250000,7,1,0,1,8,0.512057,5.298687,0.096638,,,1,compare to other languages English has wider audience,"Compared to other languages, English has a wider audience.",compare to other languages english has wider audience,compared to other languages english has a wider audience
sarvam_saaras_v4,svarah_test_0103,success,0,0.000000,8,0,0,0,8,0.408908,3.324125,0.123012,,,1,Bangalore is known as a city of entrepreneurs.,Bangalore is known as a city of entrepreneurs.,bangalore is known as a city of entrepreneurs,bangalore is known as a city of entrepreneurs
sarvam_saaras_v4,svarah_test_0104,success,0,0.000000,19,0,0,0,19,0.501022,8.204875,0.061064,,,1,Tell me how to link multiple bank accounts and transfer money between my own accounts in Maharashtra Gramin Bank,Tell me how to link multiple bank accounts and transfer money between my own accounts in Maharashtra Gramin Bank.,tell me how to link multiple bank accounts and transfer money between my own accounts in maharashtra gramin bank,tell me how to link multiple bank accounts and transfer money between my own accounts in maharashtra gramin bank
sarvam_saaras_v4,svarah_test_0105,success,0,0.000000,1,0,0,0,1,0.297348,0.996687,0.298336,,,1,Previous,Previous.,previous,previous
sarvam_saaras_v4,svarah_test_0106,success,0,0.000000,10,0,0,0,10,6.389483,3.796250,1.683104,,,1,Attacks targeting police have become common in the Nangarhar province,Attacks targeting police have become common in the Nangarhar province.,attacks targeting police have become common in the nangarhar province,attacks targeting police have become common in the nangarhar province
sarvam_saaras_v4,svarah_test_0107,success,0,0.111111,8,0,1,0,9,3.866373,4.240000,0.911880,,,1,"In North Bihar, there is a lot of flooding,","In North Bihar, there is lot of flooding.",in north bihar there is a lot of flooding,in north bihar there is lot of flooding
sarvam_saaras_v4,svarah_test_0108,success,0,0.000000,10,0,0,0,10,6.620138,4.359000,1.518729,,,1,Capturing candid moment can make a great portrait I think.,Capturing candid moment can make a great portrait I think.,capturing candid moment can make a great portrait i think,capturing candid moment can make a great portrait i think
sarvam_saaras_v4,svarah_test_0109,success,0,0.000000,7,0,0,0,7,0.477364,3.001875,0.159022,,,1,The art and craft of our state,The art and craft of our state.,the art and craft of our state,the art and craft of our state
sarvam_saaras_v4,svarah_test_0110,success,0,0.000000,9,0,0,0,9,1.309345,3.060062,0.427882,,,1,Can I get my order delivered after 2 Hours,Can I get my order delivered after 2 hours?,can i get my order delivered after 2 hours,can i get my order delivered after 2 hours
sarvam_saaras_v4,svarah_test_0111,success,0,0.200000,8,1,1,0,10,0.440341,4.539500,0.097002,,,1,Chhath Puja is a folk festival that lasts four days.,Chhath Puja is folk festival that lasts for days.,chhath puja is a folk festival that lasts 4 days,chhath puja is folk festival that lasts for days
sarvam_saaras_v4,svarah_test_0112,success,0,0.000000,1,0,0,0,1,0.341028,0.477500,0.714195,,,1,One,One.,one,one
sarvam_saaras_v4,svarah_test_0113,success,0,0.000000,1,0,0,0,1,1.496392,0.435125,3.438995,,,1,On,On.,on,on
sarvam_saaras_v4,svarah_test_0114,success,0,0.040000,24,1,0,0,25,0.569208,12.950000,0.043954,,,1,"So the first day of Bohag Bihu is called Guru Bihu. In this Bihu, bulls or cows are bathed in the bank of a river.",So the first day of Bohag Bihu is called Goru Bihu. In this Bihu bulls or cows are bathed in the bank of a river.,so the 1st day of bohag bihu is called guru bihu in this bihu bulls or cows are bathed in the bank of a river,so the 1st day of bohag bihu is called goru bihu in this bihu bulls or cows are bathed in the bank of a river
sarvam_saaras_v4,svarah_test_0115,success,0,0.000000,11,0,0,0,11,0.408611,3.100000,0.131810,,,1,"Now taking the government schools into account, not much was done","Now taking the government schools into account, not much was done.",now taking the government schools into account not much was done,now taking the government schools into account not much was done
sarvam_saaras_v4,svarah_test_0116,success,0,0.000000,10,0,0,0,10,0.471092,3.160000,0.149080,,,1,We have a composter at our garden in our house,We have a composter at our garden in our house.,we have a composter at our garden in our house,we have a composter at our garden in our house
sarvam_saaras_v4,svarah_test_0117,success,0,0.000000,11,0,0,0,11,0.416295,2.797750,0.148796,,,1,What remaining bills do I have to pay for this month ?,What remaining bills do I have to pay for this month?,what remaining bills do i have to pay for this month,what remaining bills do i have to pay for this month
sarvam_saaras_v4,svarah_test_0118,success,0,0.000000,5,0,0,0,5,0.422774,3.558625,0.118803,,,1,Indian English speakers of English,Indian English speakers of English.,indian english speakers of english,indian english speakers of english
sarvam_saaras_v4,svarah_test_0119,success,0,0.100000,9,1,0,0,10,0.463233,5.561687,0.083290,,,1,Chalazion surgery is a safe procedure and complications seldom occur.,Shalazion surgery is a safe procedure and complications seldom occur.,chalazion surgery is a safe procedure and complications seldom occur,shalazion surgery is a safe procedure and complications seldom occur
sarvam_saaras_v4,svarah_test_0120,success,0,0.066667,14,1,0,0,15,0.530562,7.148937,0.074215,,,1,Can you add 120 gm The Laughing Cow Creamy Cheese Triangles to my shopping list?,Can you add 120 gram The Laughing Cow Creamy Cheese Triangles to my shopping list?,can you add 120 gm the laughing cow creamy cheese triangles to my shopping list,can you add 120 gram the laughing cow creamy cheese triangles to my shopping list
sarvam_saaras_v4,svarah_test_0121,success,0,0.333333,2,1,0,0,3,0.326849,0.966000,0.338353,,,1,One is their,One is there.,one is their,one is there
sarvam_saaras_v4,svarah_test_0122,success,0,0.021739,46,0,0,1,46,0.794340,26.609750,0.029851,,,1,"as the story developed, which is set in the time of the English Civil War in the 17th century, it became really very interesting and also described not only the culture and the social mores of the period, but also developed into a very good storyline.","As the story developed, which is set in the time of the English Civil War in the 17th century, it became really very interesting and also described the not only the culture and the social mores of the period but also developed into a very good storyline.",as the story developed which is set in the time of the english civil war in the 17th century it became really very interesting and also described not only the culture and the social mores of the period but also developed into a very good storyline,as the story developed which is set in the time of the english civil war in the 17th century it became really very interesting and also described the not only the culture and the social mores of the period but also developed into a very good storyline
sarvam_saaras_v4,svarah_test_0123,success,0,0.000000,10,0,0,0,10,1.351603,3.702750,0.365027,,,1,Can you send money to unsaved mobile numbers in Pay,Can you send money to unsaved mobile numbers in Pay?,can you send money to unsaved mobile numbers in pay,can you send money to unsaved mobile numbers in pay
sarvam_saaras_v4,svarah_test_0124,success,0,0.000000,32,0,0,0,32,0.977488,16.597000,0.058895,,,1,"Kerala's cultural heritage is centuries old. The culture of Kerala is an amalgam of native art forms, language, literature, architectural style, music, festivals, cuisine, archaeological monuments, heritage centers and so on","Kerala's cultural heritage is centuries old. The culture of Kerala is an amalgam of native art forms, language, literature, architectural style, music, festivals, cuisine, archaeological monuments, heritage centers, and so on.",kerala is cultural heritage is centuries old the culture of kerala is an amalgam of native art forms language literature architectural style music festivals cuisine archaeological monuments heritage centers and so on,kerala is cultural heritage is centuries old the culture of kerala is an amalgam of native art forms language literature architectural style music festivals cuisine archaeological monuments heritage centers and so on
sarvam_saaras_v4,svarah_test_0125,success,0,0.000000,1,0,0,0,1,0.806510,0.135313,5.960353,,,1,Up,Up.,up,up
sarvam_saaras_v4,svarah_test_0126,success,0,0.083333,11,1,0,0,12,0.592205,9.000000,0.065801,,,1,"So the climate here in Kanimpung, the winter are a bit cold,","So the climate here in Kalimpong, the winter are a bit cold.",so the climate here in kanimpung the winter are a bit cold,so the climate here in kalimpong the winter are a bit cold
sarvam_saaras_v4,svarah_test_0127,success,0,0.000000,2,0,0,0,2,0.368843,1.720000,0.214444,,,1,in 1864,In 1864.,in 1864,in 1864
sarvam_saaras_v4,svarah_test_0128,success,0,0.076923,12,1,0,0,13,0.555033,7.852688,0.070681,,,1,"It is famous for many cultural traditions like Kirtan, Natak, Allah Rudal etc.","It is famous for many cultural traditions like kirtan, natak, Allah roodal, etc.",it is famous for many cultural traditions like kirtan natak allah rudal etc,it is famous for many cultural traditions like kirtan natak allah roodal etc
sarvam_saaras_v4,svarah_test_0129,success,0,0.000000,18,0,0,0,18,0.519417,9.410500,0.055195,,,1,"HIV directly infects a small number of T helper cells, and also impairs other immune system responses indirectly.",HIV directly infects a small number of T helper cells and also impairs other immune system responses indirectly.,hiv directly infects a small number of t helper cells and also impairs other immune system responses indirectly,hiv directly infects a small number of t helper cells and also impairs other immune system responses indirectly
sarvam_saaras_v4,svarah_test_0130,success,0,0.000000,6,0,0,0,6,0.462937,4.808438,0.096276,,,1,"London, Singapore, New York, Bangkok, Dubai.","London, Singapore, New York, Bangkok, Dubai.",london singapore new york bangkok dubai,london singapore new york bangkok dubai
sarvam_saaras_v4,svarah_test_0131,success,0,0.000000,8,0,0,0,8,0.452027,4.379187,0.103222,,,1,Add Fendo Two Fold Umbrella worth rupees R,Add Fendo 2 fold umbrella worth rupees R.,add fendo 2 fold umbrella worth rupees r,add fendo 2 fold umbrella worth rupees r
sarvam_saaras_v4,svarah_test_0132,success,0,0.250000,3,1,0,0,4,0.375860,1.900062,0.197815,,,1,students girls students with,"Students, girl students with.",students girls students with,students girl students with
sarvam_saaras_v4,svarah_test_0133,success,0,0.000000,17,0,0,0,17,0.470203,5.520000,0.085182,,,1,What was the last book you read that really impacted you and how did it do so?,"What was the last book you read that really impacted you, and how did it do so?",what was the last book you read that really impacted you and how did it do so,what was the last book you read that really impacted you and how did it do so
sarvam_saaras_v4,svarah_test_0134,success,0,0.000000,23,0,0,0,23,0.585077,8.542125,0.068493,,,1,"Chandigarh IT Park, also known as Rajiv Gandhi Chandigarh Technology Park, is the city's attempt to break into the information technology world.","Chandigarh IT Park, also known as Rajiv Gandhi Chandigarh Technology Park, is the city's attempt to break into the information technology world.",chandigarh it park also known as rajiv gandhi chandigarh technology park is the city is attempt to break into the information technology world,chandigarh it park also known as rajiv gandhi chandigarh technology park is the city is attempt to break into the information technology world
sarvam_saaras_v4,svarah_test_0135,success,0,0.000000,4,0,0,0,4,0.447684,2.118250,0.211346,,,1,save my music preferences,Save my music preferences.,save my music preferences,save my music preferences
sarvam_saaras_v4,svarah_test_0136,success,0,1.000000,0,1,0,0,1,0.419467,0.443188,0.946478,,,1,Tree,Three.,tree,3
sarvam_saaras_v4,svarah_test_0137,success,0,0.000000,25,0,0,0,25,0.659030,20.658375,0.031901,,,1,discrimination is also a big issue in schools and colleges discrimination based on caste and religion is very much pronounced in Gujarat's education system,"Discrimination is also a big issue in schools and colleges.
Discrimination based on caste and religion is very much pronounced in Gujarat's education system.",discrimination is also a big issue in schools and colleges discrimination based on caste and religion is very much pronounced in gujarat is education system,discrimination is also a big issue in schools and colleges discrimination based on caste and religion is very much pronounced in gujarat is education system
sarvam_saaras_v4,svarah_test_0138,success,0,0.000000,8,0,0,0,8,1.345675,6.399687,0.210272,,,1,culture values are also changing with their forms,Culture values are also changing with their forms.,culture values are also changing with their forms,culture values are also changing with their forms
sarvam_saaras_v4,svarah_test_0139,success,0,0.000000,13,0,0,0,13,0.655979,6.540625,0.100293,,,1,"When people live together in a society, these are there this results automatically.","When people live together in a society, these are there, this results automatically.",when people live together in a society these are there this results automatically,when people live together in a society these are there this results automatically
sarvam_saaras_v4,svarah_test_0140,success,0,0.000000,6,0,0,0,6,0.589237,9.640000,0.061124,,,1,"Kamrup metro Nalbari, Nagaon, Sonitpur, Lakhimpur.","Kamrup Metro, Nalbari, Nagaon, Sonitpur, Lakhimpur.",kamrup metro nalbari nagaon sonitpur lakhimpur,kamrup metro nalbari nagaon sonitpur lakhimpur
sarvam_saaras_v4,svarah_test_0141,success,0,1.000000,0,1,0,0,1,0.303136,0.503687,0.601834,,,1,Katak,Cuttack.,katak,cuttack
sarvam_saaras_v4,svarah_test_0142,success,0,0.000000,3,0,0,0,3,0.334730,1.012063,0.330741,,,1,The answer is,The answer is.,the answer is,the answer is
sarvam_saaras_v4,svarah_test_0143,success,0,0.000000,28,0,0,0,28,0.605534,9.999813,0.060555,,,1,"It cannot be denied that opportunities have increased. There were also suggestions of making some villages model villages, but those ended only in the stage of an idea","It cannot be denied that opportunities have increased. There were also suggestions of making some villages model villages, but those ended only in the stage of an idea.",it cannot be denied that opportunities have increased there were also suggestions of making some villages model villages but those ended only in the stage of an idea,it cannot be denied that opportunities have increased there were also suggestions of making some villages model villages but those ended only in the stage of an idea
sarvam_saaras_v4,svarah_test_0144,success,0,0.000000,15,0,0,0,15,0.458437,4.607062,0.099507,,,1,"At any time during this phase, the car dealer may offer to settle with you.","At any time during this phase, the car dealer may offer to settle with you.",at any time during this phase the car dealer may offer to settle with you,at any time during this phase the car dealer may offer to settle with you
sarvam_saaras_v4,svarah_test_0145,success,0,0.000000,1,0,0,0,1,1.451264,0.680125,2.133820,,,1,Yes,Yes.,yes,yes
sarvam_saaras_v4,svarah_test_0146,success,0,0.000000,6,0,0,0,6,0.496844,2.485562,0.199892,,,1,and some of the main festivals,And some of the main festivals.,and some of the main festivals,and some of the main festivals
sarvam_saaras_v4,svarah_test_0147,success,0,0.058824,16,1,0,0,17,0.575834,6.481375,0.088844,,,1,Why did I get zero discount when the Slurrp Farm Oats Instant Powder mentioned 90 % on order,Why did I get zero discount when the Slurrp Farm Oats Instant Powder mentioned 90% on order?,why did i get 0 discount when the slurrp farm oats instant powder mentioned 90 on order,why did i get 0 discount when the slurrp farm oats instant powder mentioned 90% on order
sarvam_saaras_v4,svarah_test_0148,success,0,0.000000,14,0,0,0,14,0.569440,5.549688,0.102608,,,1,Can I change my delivery date from 11-9-2021 TO 23-4-2020 ?,Can I change my delivery date from 11/9/2021 to 23/4/2020?,can i change my delivery date from 11 9 2021 to 23 4 2020,can i change my delivery date from 11 9 2021 to 23 4 2020
sarvam_saaras_v4,svarah_test_0149,success,0,0.000000,1,0,0,0,1,0.272342,0.379250,0.718108,,,1,Yes,Yes.,yes,yes
sarvam_saaras_v4,svarah_test_0150,success,0,0.071429,26,2,0,0,28,0.697449,11.637250,0.059933,,,1,he Padanilam or the battlefield is a paddy field adjacent to the famous Ochera Parabrahma temple and the festivities are part of a ritual associated with the shrine,The Padanilam or the battlefield is a paddy field adjacent to the famous Oshoara Parabrahma temple and the festivities are part of a ritual associated with the shrine.,he padanilam or the battlefield is a paddy field adjacent to the famous ochera parabrahma temple and the festivities are part of a ritual associated with the shrine,the padanilam or the battlefield is a paddy field adjacent to the famous oshoara parabrahma temple and the festivities are part of a ritual associated with the shrine
sarvam_saaras_v4,svarah_test_0151,success,0,0.000000,11,0,0,0,11,0.488568,4.499937,0.108572,,,1,"is the head of the government, heading the council of ministers.",Is the head of the government heading the council of ministers.,is the head of the government heading the council of ministers,is the head of the government heading the council of ministers
sarvam_saaras_v4,svarah_test_0152,success,0,0.000000,1,0,0,0,1,0.337380,0.824375,0.409255,,,1,House,House.,house,house
sarvam_saaras_v4,svarah_test_0153,success,0,0.000000,8,0,0,0,8,0.521333,3.129125,0.166607,,,1,Some popular beaches in my state Odisha are,Some popular beaches in my state Odisha are.,some popular beaches in my state odisha are,some popular beaches in my state odisha are
sarvam_saaras_v4,svarah_test_0154,success,0,0.000000,18,0,0,0,18,0.485639,8.267375,0.058742,,,1,The child with special needs are now accommodated in regular schools where school has resource rooms for them,The child with special needs are now accommodated in regular schools where school has resource rooms for them.,the child with special needs are now accommodated in regular schools where school has resource rooms for them,the child with special needs are now accommodated in regular schools where school has resource rooms for them
sarvam_saaras_v4,svarah_test_0155,success,0,0.000000,20,0,0,0,20,0.695969,8.100625,0.085915,,,1,"But yeah, it wouldn't harm to represent regional languages a bit more in a quest to keep them alive.","But yeah, it wouldn't harm to represent regional languages a bit more in a quest to keep them alive.",but yeah it would not harm to represent regional languages a bit more in a quest to keep them alive,but yeah it would not harm to represent regional languages a bit more in a quest to keep them alive
sarvam_saaras_v4,svarah_test_0156,success,0,0.031250,31,1,0,0,32,1.959625,15.817250,0.123892,,,1,"Some local art forms or crafts that are unique to my district are Bagurumba dance, silk rearing, and weaving. Bagurumba is a dance form performed by women folk belonging to Boro community.","Some local art forms or crafts that are unique to my district are Bagurumba dance, silk rearing and weaving. Bagurumba is a dance form performed by women folk belonging to Bodo community.",some local art forms or crafts that are unique to my district are bagurumba dance silk rearing and weaving bagurumba is a dance form performed by women folk belonging to boro community,some local art forms or crafts that are unique to my district are bagurumba dance silk rearing and weaving bagurumba is a dance form performed by women folk belonging to bodo community
sarvam_saaras_v4,svarah_test_0157,success,0,0.000000,1,0,0,0,1,0.316413,0.541250,0.584597,,,1,Jump,Jump.,jump,jump
sarvam_saaras_v4,svarah_test_0158,success,0,0.000000,12,0,0,0,12,0.521662,5.600000,0.093154,,,1,"Language, though a means of communication, is naturally the expression or representation","Language, though a means of communication, is naturally the expression or representation.",language though a means of communication is naturally the expression or representation,language though a means of communication is naturally the expression or representation
sarvam_saaras_v4,svarah_test_0159,success,0,1.000000,0,1,0,0,1,0.263061,0.227875,1.154410,,,1,Three,Free.,3,free
sarvam_saaras_v4,svarah_test_0160,success,0,0.000000,25,0,0,0,25,0.617855,14.968750,0.041276,,,1,"Education for girls is top priorities in our state after our Prime Minister Shri Narendra Modi ji has given the slogan, Beti Bachao, Beti Padhao.",Education for girls is top priorities in our state after our Prime Minister Shri Narendra Modi ji has given the slogan Beti Bachao Beti Padhao.,education for girls is top priorities in our state after our prime minister shri narendra modi ji has given the slogan beti bachao beti padhao,education for girls is top priorities in our state after our prime minister shri narendra modi ji has given the slogan beti bachao beti padhao
sarvam_saaras_v4,svarah_test_0161,success,0,0.071429,26,2,0,0,28,0.559513,14.830312,0.037728,,,1,"The present district of South 24 Parganas came into existence on March 1, 1986. It then comprised of two subdivisions, namely, Alipur and Diamond Harbour, and 30 blocks.",The present district of South 24 Parganas came into existence on March 1st 1986. It then comprised of two subdivisions namely Alipore and Diamond Harbour and 30 blocks.,the present district of south 24 parganas came into existence on march one 1986 it then comprised of 2 subdivisions namely alipur and diamond harbor and 30 blocks,the present district of south 24 parganas came into existence on march 1st 1986 it then comprised of 2 subdivisions namely alipore and diamond harbor and 30 blocks
sarvam_saaras_v4,svarah_test_0162,success,0,0.000000,23,0,0,0,23,0.501277,6.160312,0.081372,,,1,"or what are the things that you should try in the state, they will also help maybe it may be a shop person","Or what are the things that you should try in the state, they will also help. Maybe it may be a shop person.",or what are the things that you should try in the state they will also help maybe it may be a shop person,or what are the things that you should try in the state they will also help maybe it may be a shop person
sarvam_saaras_v4,svarah_test_0163,success,0,0.000000,1,0,0,0,1,0.295013,0.521062,0.566176,,,1,Wow,Wow.,wow,wow
sarvam_saaras_v4,svarah_test_0164,success,0,0.000000,5,0,0,0,5,0.408366,2.880000,0.141794,,,1,"like manganese, limestone, and pyrite,","Like manganese, limestone, and pyrite.",like manganese limestone and pyrite,like manganese limestone and pyrite
sarvam_saaras_v4,svarah_test_0165,success,0,0.000000,1,0,0,0,1,1.443731,0.415125,3.477822,,,1,Tree,Tree.,tree,tree
sarvam_saaras_v4,svarah_test_0166,success,0,0.000000,14,0,0,0,14,0.453798,5.116375,0.088695,,,1,Open my transaction history for the last 24 hours and mute the contact Wahida,Open my transaction history for the last 24 hours and mute the contact Wahida.,open my transaction history for the last 24 hours and mute the contact wahida,open my transaction history for the last 24 hours and mute the contact wahida
sarvam_saaras_v4,svarah_test_0167,success,0,0.000000,17,0,0,0,17,0.613968,10.590375,0.057974,,,1,"Sports teach a person sportsman spirit, hard work, alertness, acceptance, and discipline more than any other source.","Sports teach a person sportsman spirit, hard work, alertness, acceptance and discipline more than any other source.",sports teach a person sportsman spirit hard work alertness acceptance and discipline more than any other source,sports teach a person sportsman spirit hard work alertness acceptance and discipline more than any other source
sarvam_saaras_v4,svarah_test_0168,success,0,0.115385,24,2,0,1,26,0.605805,15.202625,0.039849,,,1,Can you transfer Rs. 400 to my 6844663153262 in IndusInd Bank fortnightly via PayUmoney and give me an alert in case the balance goes below that?,Can you transfer rupees 400 to my 6844663153262 in IndusInd Bank fortnightly via PayU Money and give me an alert in case the balance goes below that.,can you transfer rs 400 to my 6844663153262 in indusind bank fortnightly via payumoney and give me an alert in case the balance goes below that,can you transfer rupees 400 to my 6844663153262 in indusind bank fortnightly via payu money and give me an alert in case the balance goes below that
sarvam_saaras_v4,svarah_test_0169,success,0,0.400000,3,1,1,0,5,0.424236,2.420000,0.175304,,,1,by making transactions on Limeroad,By making transactions online.,by making transactions on limeroad,by making transactions online
sarvam_saaras_v4,svarah_test_0170,success,0,1.000000,0,0,1,0,1,0.331587,0.210437,1.575703,,,1,Up,,up,
sarvam_saaras_v4,svarah_test_0171,success,0,0.055556,18,0,0,1,18,0.882231,7.891312,0.111798,,,1,A cruise boat service has been started by the tourism department for visitors to the dam and reservoir.,A cruise boat service has been started by the tourism department for the visitors to the dam and reservoir.,a cruise boat service has been started by the tourism department for visitors to the dam and reservoir,a cruise boat service has been started by the tourism department for the visitors to the dam and reservoir
sarvam_saaras_v4,svarah_test_0172,success,0,0.000000,1,0,0,0,1,0.325900,0.443375,0.735043,,,1,Learn,Learn.,learn,learn
sarvam_saaras_v4,svarah_test_0173,success,0,0.052632,18,1,0,0,19,0.529719,6.903562,0.076731,,,1,Najib's dream was to work in the Persian Gulf states and earn enough money to send back home,Najeeb's dream was to work in the Persian Gulf states and earn enough money to send back home.,najib is dream was to work in the persian gulf states and earn enough money to send back home,najeeb is dream was to work in the persian gulf states and earn enough money to send back home
sarvam_saaras_v4,svarah_test_0174,success,0,0.000000,3,0,0,0,3,0.360867,1.404125,0.257005,,,1,"Yeah, mostly through","Yeah, mostly through.",yeah mostly through,yeah mostly through
sarvam_saaras_v4,svarah_test_0175,success,0,0.000000,1,0,0,0,1,0.775755,0.424250,1.828533,,,1,Nila,Nila.,nila,nila
sarvam_saaras_v4,svarah_test_0176,success,0,0.000000,11,0,0,0,11,1.001342,4.939312,0.202729,,,1,brainwashing a child towards a particular religion is a strict no,Brainwashing a child towards a particular religion is a strict no.,brainwashing a child towards a particular religion is a strict no,brainwashing a child towards a particular religion is a strict no
sarvam_saaras_v4,svarah_test_0177,success,0,0.000000,11,0,0,0,11,0.509119,5.678750,0.089653,,,1,Is there any Kids vaccination centre in the PIN Code 967045,Is there any kids vaccination center in the pin code 967045?,is there any kids vaccination center in the pin code 967045,is there any kids vaccination center in the pin code 967045
sarvam_saaras_v4,svarah_test_0178,success,0,0.000000,20,0,0,0,20,0.549276,7.094688,0.077421,,,1,"Davis was back in prison and admitted a role in a different armed robbery, at a Bank of Cyprus branch.",Davis was back in prison and admitted a role in a different armed robbery at a bank of Cyprus branch.,davis was back in prison and admitted a role in a different armed robbery at a bank of cyprus branch,davis was back in prison and admitted a role in a different armed robbery at a bank of cyprus branch
sarvam_saaras_v4,svarah_test_0179,success,0,0.000000,13,0,0,0,13,0.818422,4.597000,0.178034,,,1,we have seen the assimilation of the culture in English language in India.,We have seen the assimilation of the culture in English language in India.,we have seen the assimilation of the culture in english language in india,we have seen the assimilation of the culture in english language in india
sarvam_saaras_v4,svarah_test_0180,success,0,0.000000,1,0,0,0,1,0.336096,0.505938,0.664304,,,1,Go,Go.,go,go
sarvam_saaras_v4,svarah_test_0181,success,0,0.066667,14,1,0,0,15,0.537821,6.125375,0.087802,,,1,Why did I get zero discount when the Garden Raita Boondi mentioned 40 % on order,Why did I get 0 discount when the Garden Raita Boondi mentioned 40% on order?,why did i get 0 discount when the garden raita boondi mentioned 40 on order,why did i get 0 discount when the garden raita boondi mentioned 40% on order
sarvam_saaras_v4,svarah_test_0182,success,0,0.000000,8,0,0,0,8,0.564366,3.024000,0.186629,,,1,"Despite a defeat of Ladakh by the Mughals,",Despite a defeat of Ladakh by the Mughals.,despite a defeat of ladakh by the mughals,despite a defeat of ladakh by the mughals
sarvam_saaras_v4,svarah_test_0183,success,0,0.000000,7,0,0,0,7,0.394834,2.471812,0.159735,,,1,Can you tell us about their work?,Can you tell us about their work?,can you tell us about their work,can you tell us about their work
sarvam_saaras_v4,svarah_test_0184,success,0,0.000000,14,0,0,0,14,1.622167,6.639375,0.244325,,,1,"During which several architecture, literature and monuments have been built by the British Empire.","During which several architecture, literature and monuments have been built by the British Empire.",during which several architecture literature and monuments have been built by the british empire,during which several architecture literature and monuments have been built by the british empire
sarvam_saaras_v4,svarah_test_0185,success,0,0.500000,1,1,0,0,2,0.473201,2.484062,0.190495,,,1,Sunitpur Dhubri,Sonitpur Dhubri.,sunitpur dhubri,sonitpur dhubri
sarvam_saaras_v4,svarah_test_0186,success,0,0.000000,13,0,0,0,13,0.610331,8.510875,0.071712,,,1,that to have a round shaped roti was an impossible task for me.,That to have a round shaped roti was an impossible task for me.,that to have a round shaped roti was an impossible task for me,that to have a round shaped roti was an impossible task for me
sarvam_saaras_v4,svarah_test_0187,success,0,0.000000,11,0,0,0,11,0.646475,9.872125,0.065485,,,1,"working and what impact it had on people. And so, yeah.","Working and what impact it had on people and so, yeah.",working and what impact it had on people and so yeah,working and what impact it had on people and so yeah
sarvam_saaras_v4,svarah_test_0188,success,0,0.045455,21,0,1,0,22,0.677277,9.000000,0.075253,,,1,"In the 21st century, the entire world has become narrow, accessible, shareable and familiar for all the people living on this earth.","In the 21st century, the entire world has become narrow, accessible, shareable, and familiar for all the people living on this.",in the 21st century the entire world has become narrow accessible shareable and familiar for all the people living on this earth,in the 21st century the entire world has become narrow accessible shareable and familiar for all the people living on this
sarvam_saaras_v4,svarah_test_0189,success,0,0.000000,8,0,0,0,8,0.496098,3.239813,0.153125,,,1,"lockdown period, last three years, so to say",Lockdown period last 3 years so to say.,lockdown period last 3 years so to say,lockdown period last 3 years so to say
sarvam_saaras_v4,svarah_test_0190,success,0,0.000000,1,0,0,0,1,0.457794,0.511188,0.895550,,,1,Right,Right.,right,right
sarvam_saaras_v4,svarah_test_0191,success,0,0.666667,1,1,1,0,3,0.455974,1.725250,0.264294,,,1,Add Rs 500,At ₹500.,add rs 500,at 500
sarvam_saaras_v4,svarah_test_0192,success,0,0.000000,14,0,0,0,14,0.658843,4.112563,0.160203,,,1,"If so, what is it and why do you keep coming back to it?","If so, what is it and why do you keep coming back to it?",if so what is it and why do you keep coming back to it,if so what is it and why do you keep coming back to it
sarvam_saaras_v4,svarah_test_0193,success,0,0.000000,9,0,0,0,9,0.535834,3.449750,0.155325,,,1,"So, there are so many bodies who are working",So there are so many bodies who are working.,so there are so many bodies who are working,so there are so many bodies who are working
sarvam_saaras_v4,svarah_test_0194,success,0,0.000000,1,0,0,0,1,0.351579,0.335375,1.048316,,,1,Dog,Dog.,dog,dog
sarvam_saaras_v4,svarah_test_0195,success,0,0.000000,1,0,0,0,1,0.378476,0.359438,1.052968,,,1,Three,Three.,3,3
sarvam_saaras_v4,svarah_test_0196,success,0,0.000000,18,0,0,0,18,0.728579,18.760000,0.038837,,,1,"Previously, it used to be the richer people's language or only few people can talk in English.","Previously, it used to be the richer people's language or only few people can talk in English.",previously it used to be the richer people is language or only few people can talk in english,previously it used to be the richer people is language or only few people can talk in english
sarvam_saaras_v4,svarah_test_0197,success,0,0.333333,10,2,0,2,12,0.590037,11.802875,0.049991,,,1,"Like that, I already mentioned the title of this book, Jeewan Kadegaful.","Like that, I already mentioned the title of this book, Jeevan Kande Ke Phool.",like that i already mentioned the title of this book jeewan kadegaful,like that i already mentioned the title of this book jeevan kande ke phool
sarvam_saaras_v4,svarah_test_0198,success,0,0.000000,12,0,0,0,12,0.490002,5.925625,0.082692,,,1,There are primary health centers in every village which provide free medical,There are primary health centers in every village which provide free medical.,there are primary health centers in every village which provide free medical,there are primary health centers in every village which provide free medical
sarvam_saaras_v4,svarah_test_0199,success,0,0.000000,1,0,0,0,1,1.620464,0.245125,6.610764,,,1,Down,Down.,down,down
smallest_pulse_pro,svarah_test_0000,success,0,0.033333,29,1,0,0,30,0.769286,14.646375,0.052524,,,1,English breaks the communication barriers between people of diverse cultural backgrounds and it creates a new community where people come together and share their cultures and ideas with broader audience.,"English breaks the communication barriers between people of diverse cultural background, and it creates a new community where people come together and share their cultures and ideas with broader audience.",english breaks the communication barriers between people of diverse cultural backgrounds and it creates a new community where people come together and share their cultures and ideas with broader audience,english breaks the communication barriers between people of diverse cultural background and it creates a new community where people come together and share their cultures and ideas with broader audience
smallest_pulse_pro,svarah_test_0001,success,0,0.000000,33,0,0,0,33,0.694357,14.365250,0.048336,,,1,"The radiation, the chemotherapy, everything, every every option for cancer treatment is available over here and it is largely used not only by the people of Gujarat but also by the nearby states.","The radiation, the chemotherapy, everything, every every option for cancer treatment is available over here, and it is largely used not only by the people of Gujarat but also by the nearby states.",the radiation the chemotherapy everything every every option for cancer treatment is available over here and it is largely used not only by the people of gujarat but also by the nearby states,the radiation the chemotherapy everything every every option for cancer treatment is available over here and it is largely used not only by the people of gujarat but also by the nearby states
smallest_pulse_pro,svarah_test_0002,success,0,0.000000,13,0,0,0,13,0.500070,4.778375,0.104653,,,1,"We differ from other countries in terms of food, in terms of dress","We differ from other countries in terms of food, in terms of dress.",we differ from other countries in terms of food in terms of dress,we differ from other countries in terms of food in terms of dress
smallest_pulse_pro,svarah_test_0003,success,0,0.125000,15,1,0,1,16,0.682322,6.987188,0.097653,,,1,Can you list all the Paid vaccination centres for age group 18+ years in district Chatra,Can you list all the paid vaccination centers for age group eighteen plus years in district Chhatra?,can you list all the paid vaccination centers for age group 18 years in district chatra,can you list all the paid vaccination centers for age group 18 plus years in district chhatra
smallest_pulse_pro,svarah_test_0004,success,0,0.000000,1,0,0,0,1,0.476503,1.100875,0.432840,,,1,39,Thirty nine.,39,39
smallest_pulse_pro,svarah_test_0005,success,0,0.000000,8,0,0,0,8,0.561994,2.889187,0.194516,,,1,Clear all the reminders set up last Year,Clear all the reminders set up last year.,clear all the reminders set up last year,clear all the reminders set up last year
smallest_pulse_pro,svarah_test_0006,success,0,0.000000,14,0,0,0,14,0.658869,5.507062,0.119641,,,1,A few tributaries form marshy land in early dry season due to natural seepage,A few tributaries form marshy land in early dry season due to natural seepage.,a few tributaries form marshy land in early dry season due to natural seepage,a few tributaries form marshy land in early dry season due to natural seepage
smallest_pulse_pro,svarah_test_0007,success,0,1.000000,0,1,0,0,1,0.452864,0.500875,0.904146,,,1,Time,係。,time,係
smallest_pulse_pro,svarah_test_0008,success,0,2.111111,0,9,0,10,9,0.699594,5.400125,0.129551,,,1,"So, starting with Maghi Chakrati, on Maghi Chakrati which",के सो स्टार्टिंग विद मागे सक्राती ऑन मागे सक्राती आह विच,so starting with maghi chakrati on maghi chakrati which,क स सट रट ग व द म ग सकर त ऑन म ग सकर त आह व च
smallest_pulse_pro,svarah_test_0009,success,0,0.000000,8,0,0,0,8,0.848604,2.535938,0.334631,,,1,change the color of the lights to blue,Change the color of the lights to blue.,change the color of the lights to blue,change the color of the lights to blue
smallest_pulse_pro,svarah_test_0010,success,0,1.000000,0,1,0,0,1,0.429264,0.311688,1.377227,,,1,Three,tiga.,3,tiga
smallest_pulse_pro,svarah_test_0011,success,0,0.000000,1,0,0,0,1,0.530683,0.516188,1.028081,,,1,Agree,Agree.,agree,agree
smallest_pulse_pro,svarah_test_0012,success,0,0.000000,10,0,0,0,10,0.526347,4.298250,0.122456,,,1,How is the availability of healthcare professionals in your state?,How is the availability of healthcare professionals in your state?,how is the availability of healthcare professionals in your state,how is the availability of healthcare professionals in your state
smallest_pulse_pro,svarah_test_0013,success,0,0.076923,12,1,0,0,13,0.504181,4.952875,0.101796,,,1,I am trying to search for ESIC Centres with centre type Local Office,I'm trying to search for ASIC centres with centre type local office.,i am trying to search for esic centers with center type local office,i am trying to search for asic centers with center type local office
smallest_pulse_pro,svarah_test_0014,success,0,0.000000,1,0,0,0,1,0.410841,0.364250,1.127911,,,1,Help,Help.,help,help
smallest_pulse_pro,svarah_test_0015,success,0,0.090909,31,2,0,1,33,0.804017,13.936125,0.057693,,,1,"my other favorite herbs are tulsi, pudina, dodapathre and vandalaga, tulsi as we all know is a very good medicinal plant or herb that can be used in treating common cold and cough","My other favorite herbs are tulsi, pudina, dhodpatre, and vanda laga. Tulsi, as we all know, is a very good medicinal plant or herb that can be used in treating common cold and cough.",my other favorite herbs are tulsi pudina dodapathre and vandalaga tulsi as we all know is a very good medicinal plant or herb that can be used in treating common cold and cough,my other favorite herbs are tulsi pudina dhodpatre and vanda laga tulsi as we all know is a very good medicinal plant or herb that can be used in treating common cold and cough
smallest_pulse_pro,svarah_test_0016,success,0,0.000000,8,0,0,0,8,0.586047,5.112312,0.114634,,,1,"where I was trained physical, mental and spiritual","Where I was trained, physical, mental, and spiritual.",where i was trained physical mental and spiritual,where i was trained physical mental and spiritual
smallest_pulse_pro,svarah_test_0017,success,0,0.000000,1,0,0,0,1,0.384834,0.690312,0.557479,,,1,because,Because.,because,because
smallest_pulse_pro,svarah_test_0018,success,0,2.000000,0,1,0,1,1,0.453479,0.833313,0.544189,,,1,Manas,मानव,manas,म नव
smallest_pulse_pro,svarah_test_0019,success,0,0.142857,6,1,0,0,7,0.572726,3.345375,0.171199,,,1,"As for my opinion, there are not","As per my opinion, there are not.",as for my opinion there are not,as per my opinion there are not
smallest_pulse_pro,svarah_test_0020,success,0,0.000000,23,0,0,0,23,0.658314,11.101750,0.059298,,,1,"The biking is booming. The demand is increasing, just because they are way cheaper than the cars. And it is environment-friendly, too","The biking is booming; the demand is increasing. Just because they are way cheaper than the cars, and it is environment friendly too.",the biking is booming the demand is increasing just because they are way cheaper than the cars and it is environment friendly too,the biking is booming the demand is increasing just because they are way cheaper than the cars and it is environment friendly too
smallest_pulse_pro,svarah_test_0021,success,0,0.333333,3,0,0,1,3,0.515306,4.960000,0.103892,,,1,entire world interconnected.,The entire world interconnected.,entire world interconnected,the entire world interconnected
smallest_pulse_pro,svarah_test_0022,success,0,0.500000,7,1,0,3,8,0.656446,6.000000,0.109408,,,1,"it It is funded by state government, UCSH","It it is funded by state government, E U C etc.",it it is funded by state government ucsh,it it is funded by state government e u c etc
smallest_pulse_pro,svarah_test_0023,success,0,0.222222,7,2,0,0,9,0.497797,3.240000,0.153641,,,1,I also like Levi Skrull's Alice in Wonderland.,I also like Lewis Carroll's Alice in Wonderland.,i also like levi skrull is alice in wonderland,i also like lewis carroll is alice in wonderland
smallest_pulse_pro,svarah_test_0024,success,0,0.000000,6,0,0,0,6,0.539195,2.129563,0.253195,,,1,Mute my reminders for a day!,Mute my reminders for a day.,mute my reminders for a day,mute my reminders for a day
smallest_pulse_pro,svarah_test_0025,success,0,0.000000,10,0,0,0,10,0.652725,6.360938,0.102615,,,1,Find all blood banks with A- blood in district Warangal,Find all blood banks with A blood in district Warangal.,find all blood banks with a blood in district warangal,find all blood banks with a blood in district warangal
smallest_pulse_pro,svarah_test_0026,success,0,0.047619,21,0,0,1,21,0.640577,10.678500,0.059988,,,1,For people of age group 18+ years is there any Free vaccination centre available in district Jaipur which provides First Dose,"For people of age group about eighteen years, is there any free vaccination center available in district Jaipur, which provides first dose?",for people of age group 18 years is there any free vaccination center available in district jaipur which provides 1st dose,for people of age group about 18 years is there any free vaccination center available in district jaipur which provides 1st dose
smallest_pulse_pro,svarah_test_0027,success,0,0.000000,7,0,0,0,7,0.529363,2.799625,0.189083,,,1,Start a new email to George Brown,Start a new email to George Brown.,start a new email to george brown,start a new email to george brown
smallest_pulse_pro,svarah_test_0028,success,0,0.000000,1,0,0,0,1,0.420548,0.591625,0.710835,,,1,farming,Farming.,farming,farming
smallest_pulse_pro,svarah_test_0029,success,0,1.500000,0,2,0,1,2,0.630408,1.113000,0.566404,,,1,Chandrashekhar Jha,चंद्र सेकर जह,chandrashekhar jha,चदर सकर जह
smallest_pulse_pro,svarah_test_0030,success,0,0.000000,5,0,0,0,5,0.455310,3.160000,0.144085,,,1,I love doing nature photography.,I love doing nature photography.,i love doing nature photography,i love doing nature photography
smallest_pulse_pro,svarah_test_0031,success,0,0.055556,17,1,0,0,18,0.695619,5.859250,0.118721,,,1,"That if someone speaks in English, then he is literate. We can justify that, we can judge that.","That if someone speak in English, then he is literate. We can justify that. We can judge that.",that if someone speaks in english then he is literate we can justify that we can judge that,that if someone speak in english then he is literate we can justify that we can judge that
smallest_pulse_pro,svarah_test_0032,success,0,0.000000,5,0,0,0,5,0.493296,3.720250,0.132598,,,1,Also music has a very,"Also, music has a very",also music has a very,also music has a very
smallest_pulse_pro,svarah_test_0033,success,0,1.000000,0,0,1,0,1,0.328154,0.310000,1.058561,,,1,Three,,3,
smallest_pulse_pro,svarah_test_0034,success,0,1.000000,0,1,0,0,1,0.365714,0.430625,0.849263,,,1,Padma,पद्म,padma,पदम
smallest_pulse_pro,svarah_test_0035,success,0,0.250000,18,2,0,3,20,0.614778,6.638687,0.092605,,,1,The scenes of the movie of John Abraham riding the Suzuki Hayabusa It made me fall in love with biking,The scenes of the movie of John Abraham riding the so that he has also it made me fall in love with biking.,the scenes of the movie of john abraham riding the suzuki hayabusa it made me fall in love with biking,the scenes of the movie of john abraham riding the so that he has also it made me fall in love with biking
smallest_pulse_pro,svarah_test_0036,success,0,0.000000,10,0,0,0,10,0.487729,2.768438,0.176175,,,1,and hoping that one of them would turn out good,And hoping that one of them would turn out good.,and hoping that one of them would turn out good,and hoping that one of them would turn out good
smallest_pulse_pro,svarah_test_0037,success,0,0.176471,14,3,0,0,17,0.669624,8.461500,0.079138,,,1,The price mentioned for National Gardens Potted Tomato Seeds is not correct as compare to market prices.,The price mentioned for National Garden Spotted Tomato Seeds is not correct as compared to market prices.,the price mentioned for national gardens potted tomato seeds is not correct as compare to market prices,the price mentioned for national garden spotted tomato seeds is not correct as compared to market prices
smallest_pulse_pro,svarah_test_0038,success,0,0.000000,10,0,0,0,10,0.604653,6.520000,0.092738,,,1,And so difficult to say a favorite particular favorite quote,And so difficult to say a favorite particular favorite quote.,and so difficult to say a favorite particular favorite quote,and so difficult to say a favorite particular favorite quote
smallest_pulse_pro,svarah_test_0039,success,0,0.000000,12,0,0,0,12,0.578237,5.480000,0.105518,,,1,"the religion, or the community, or the race that they belong to,","the religion, or the community, or the race that they belong to.",the religion or the community or the race that they belong to,the religion or the community or the race that they belong to
smallest_pulse_pro,svarah_test_0040,success,0,0.000000,11,0,0,0,11,0.543390,3.530063,0.153932,,,1,Tennis courts have been built for youngsters to learn the sport.,Tennis courts have been built for youngsters to learn the sport.,tennis courts have been built for youngsters to learn the sport,tennis courts have been built for youngsters to learn the sport
smallest_pulse_pro,svarah_test_0041,success,0,0.166667,11,1,0,1,12,0.601388,7.043000,0.085388,,,1,"yes it caters different need and different sectors for example, hospitality, agriculture","And yes, it caters different need in different sectors. For example, hospitality, agriculture.",yes it caters different need and different sectors for example hospitality agriculture,and yes it caters different need in different sectors for example hospitality agriculture
smallest_pulse_pro,svarah_test_0042,success,0,0.000000,35,0,0,0,35,0.851397,15.625813,0.054487,,,1,"It celebrates the occasion on two days, that is 15th and 16th of August. The festivity is held on such a large scale that even people from neighboring town gather here to witness the spectacle",It celebrates the occasion on two days. That is fifteenth and sixteenth of August. The festivity is held on such a large scale that even people from neighboring town gather here to witness the spectacle.,it celebrates the occasion on 2 days that is 15th and 16th of august the festivity is held on such a large scale that even people from neighboring town gather here to witness the spectacle,it celebrates the occasion on 2 days that is 15th and 16th of august the festivity is held on such a large scale that even people from neighboring town gather here to witness the spectacle
smallest_pulse_pro,svarah_test_0043,success,0,0.000000,1,0,0,0,1,0.525828,0.514500,1.022018,,,1,On,On.,on,on
smallest_pulse_pro,svarah_test_0044,success,0,0.058824,16,1,0,0,17,0.626132,5.823563,0.107517,,,1,The people in a traditional school focus on the subjects that are of the same for everyone,The pupils in a traditional school focus on the subjects that are of the same for everyone.,the people in a traditional school focus on the subjects that are of the same for everyone,the pupils in a traditional school focus on the subjects that are of the same for everyone
smallest_pulse_pro,svarah_test_0045,success,0,0.000000,12,0,0,0,12,0.617505,7.051437,0.087572,,,1,"Initially, I used to think that yoga is very hard to practice.","Initially, I used to think that yoga is very hard to practice.",initially i used to think that yoga is very hard to practice,initially i used to think that yoga is very hard to practice
smallest_pulse_pro,svarah_test_0046,success,0,0.000000,11,0,0,0,11,0.721064,3.884125,0.185644,,,1,"For example, you might be able to decrease your shipping costs","For example, you might be able to decrease your shipping costs.",for example you might be able to decrease your shipping costs,for example you might be able to decrease your shipping costs
smallest_pulse_pro,svarah_test_0047,success,0,0.032258,31,0,0,1,31,0.724400,12.755250,0.056792,,,1,"Apart from these factors, the challenges like salary given to private school teachers is quite meager and they find it quite hard to make their ends meet in such less income.","Apart from these factors, the challenges like salary given to, ah, private school teachers is quite meager, and they find it quite hard to make their ends meet in such less income.",apart from these factors the challenges like salary given to private school teachers is quite meager and they find it quite hard to make their ends meet in such less income,apart from these factors the challenges like salary given to ah private school teachers is quite meager and they find it quite hard to make their ends meet in such less income
smallest_pulse_pro,svarah_test_0048,success,0,1.363636,0,11,0,4,11,0.910587,4.151438,0.219342,,,1,Show a list of all available vaccination center in State Maharashtra,शो ए लिस्ट ऑफ़ ऑल अवेलेबल वैक्सीनेशन सेंटर इन स्टेट महाराष्ट्र।,show a list of all available vaccination center in state maharashtra,श ए ल सट ऑफ ऑल अवलबल वकस नशन सटर इन सटट मह र षटर
smallest_pulse_pro,svarah_test_0049,success,0,0.000000,1,0,0,0,1,0.494104,0.622062,0.794300,,,1,Government,Government.,government,government
smallest_pulse_pro,svarah_test_0050,success,0,0.052632,18,0,1,0,19,0.693842,9.400875,0.073806,,,1,"So, the matter I took take to paint is nature maybe a same scenery or any animal or flowers","So, the matter I took take to paint is nature, maybe a scenery or any animal or flowers.",so the matter i took take to paint is nature maybe a same scenery or any animal or flowers,so the matter i took take to paint is nature maybe a scenery or any animal or flowers
smallest_pulse_pro,svarah_test_0051,success,0,0.000000,17,0,0,0,17,0.679422,7.465937,0.091003,,,1,"So yes, English plays a very important role in exchanging and communication that is very very important","So yes, English plays a very important role in exchanging and communication. That is very very important.",so yes english plays a very important role in exchanging and communication that is very very important,so yes english plays a very important role in exchanging and communication that is very very important
smallest_pulse_pro,svarah_test_0052,success,0,0.200000,5,0,0,1,5,0.575755,1.867063,0.308375,,,1,more than any other kind,"Ah, more than any other kind.",more than any other kind,ah more than any other kind
smallest_pulse_pro,svarah_test_0053,success,0,0.250000,12,0,0,3,12,0.675231,8.849438,0.076302,,,1,"the 10th day and up to Purnima, people visit to their relatives","The tenth day and up to Ah Purnima, they people visit to their relate relatives.",the 10th day and up to purnima people visit to their relatives,the 10th day and up to ah purnima they people visit to their relate relatives
smallest_pulse_pro,svarah_test_0054,success,0,0.666667,3,3,0,1,6,0.557859,1.799375,0.310030,,,1,throng and climb the Baukungri peak,"Thrones and climb the bulging, grief-free.",throng and climb the baukungri peak,thrones and climb the bulging grief free
smallest_pulse_pro,svarah_test_0055,success,0,0.000000,1,0,0,0,1,0.442712,0.560000,0.790557,,,1,Yeah.,Yeah.,yeah,yeah
smallest_pulse_pro,svarah_test_0056,success,0,0.000000,1,0,0,0,1,0.442298,0.690750,0.640315,,,1,On,On.,on,on
smallest_pulse_pro,svarah_test_0057,success,0,0.000000,1,0,0,0,1,0.448636,0.480000,0.934658,,,1,food,food.,food,food
smallest_pulse_pro,svarah_test_0058,success,0,0.000000,11,0,0,0,11,0.544769,3.553187,0.153318,,,1,She is the recipient of several accolades including a Filmfare Award.,"She is the recipient of several accolades, including a Filmfare Award.",she is the recipient of several accolades including a filmfare award,she is the recipient of several accolades including a filmfare award
smallest_pulse_pro,svarah_test_0059,success,0,0.000000,17,0,0,0,17,0.625685,5.000000,0.125137,,,1,"So in order to bring all these back, in order to promote our cultural aspects, our cultural","So, in order to bring all these back, in order to promote our cultural aspects, our cultural.",so in order to bring all these back in order to promote our cultural aspects our cultural,so in order to bring all these back in order to promote our cultural aspects our cultural
smallest_pulse_pro,svarah_test_0060,success,0,0.000000,29,0,0,0,29,0.735678,12.481188,0.058943,,,1,"There, There is something which pulls me towards that book which makes me read again and again and again is the kind of connection I feel with her stories.","There, there is something which pulls me towards that book, which makes me read again and again and again. Is the kind of connection I feel with her stories.",there there is something which pulls me towards that book which makes me read again and again and again is the kind of connection i feel with her stories,there there is something which pulls me towards that book which makes me read again and again and again is the kind of connection i feel with her stories
smallest_pulse_pro,svarah_test_0061,success,0,1.500000,0,2,0,1,2,0.521377,1.105500,0.471621,,,1,volume level,वॉल्यूम लेवल,volume level,व लयम लवल
smallest_pulse_pro,svarah_test_0062,success,0,0.100000,9,1,0,0,10,0.528727,3.456000,0.152988,,,1,Pay Rs. 500 more to the last scanned QR code,Pay rupees five hundred more to the last scanned QR code.,pay rs 500 more to the last scanned qr code,pay rupees 500 more to the last scanned qr code
smallest_pulse_pro,svarah_test_0063,success,0,0.000000,1,0,0,0,1,0.503484,0.287000,1.754299,,,1,Down,Down.,down,down
smallest_pulse_pro,svarah_test_0064,success,0,0.000000,16,0,0,0,16,0.696497,10.309375,0.067560,,,1,William Shakespeare is believed to be responsible for the addition of thousands of words new words.,"William Shakespeare is believed to be responsible for the addition of thousands of words, new words.",william shakespeare is believed to be responsible for the addition of 1000s of words new words,william shakespeare is believed to be responsible for the addition of 1000s of words new words
smallest_pulse_pro,svarah_test_0065,success,0,0.047619,21,0,0,1,21,0.665852,7.659500,0.086932,,,1,"the people who practice those different religions, they have a high level of tolerance and respect for each other's religion","Well, the people who practice those different religions, they have a high level of tolerance and respect for each other's religion.",the people who practice those different religions they have a high level of tolerance and respect for each other is religion,well the people who practice those different religions they have a high level of tolerance and respect for each other is religion
smallest_pulse_pro,svarah_test_0066,success,0,0.111111,8,1,0,0,9,0.690877,5.145000,0.134281,,,1,"Lakshmi Vilas Palace, residence of Vadodara's royal family.","Lakshmi Vilas Palace, residence of Ododra's royal family.",lakshmi vilas palace residence of vadodara is royal family,lakshmi vilas palace residence of ododra is royal family
smallest_pulse_pro,svarah_test_0067,success,0,0.357143,11,3,0,2,14,0.580182,5.680500,0.102136,,,1,What are the items in Processed Food items with the offer of minimum 40 % ?,What are the items in the process for the items with the offer of minimum forty percent?,what are the items in processed food items with the offer of minimum 40 ,what are the items in the process for the items with the offer of minimum 40%
smallest_pulse_pro,svarah_test_0068,success,0,1.000000,0,1,0,0,1,0.466787,0.332375,1.404400,,,1,Up,आप,up,आप
smallest_pulse_pro,svarah_test_0069,success,0,0.000000,9,0,0,0,9,0.562705,5.599687,0.100489,,,1,our festivals which are considered to be the symbols,"Our festivals, which are considered to be the symbols.",our festivals which are considered to be the symbols,our festivals which are considered to be the symbols
smallest_pulse_pro,svarah_test_0070,success,0,1.000000,0,1,0,0,1,0.555592,0.864563,0.642627,,,1,Backward,बैकवर्ड,backward,बकवरड
smallest_pulse_pro,svarah_test_0071,success,0,0.142857,12,0,2,0,14,0.760197,4.800000,0.158374,,,1,"That is why I like poetry, and it is my favorite genre in writing.","That is why, I like poetry, and it is my favorite genre.",that is why i like poetry and it is my favorite genre in writing,that is why i like poetry and it is my favorite genre
smallest_pulse_pro,svarah_test_0072,success,0,0.000000,1,0,0,0,1,0.448962,0.433437,1.035817,,,1,Agree,Agree.,agree,agree
smallest_pulse_pro,svarah_test_0073,success,0,0.090909,10,0,1,0,11,0.536429,4.160000,0.128949,,,1,The Fine Old English Gentleman is one of his finest poems.,Fine old English gentleman is one of his finest poems.,the fine old english gentleman is one of his finest poems,fine old english gentleman is one of his finest poems
smallest_pulse_pro,svarah_test_0074,success,0,2.000000,0,1,0,1,1,0.537019,0.794375,0.676027,,,1,Subarnapur,सुबोर्नपुर,subarnapur,सब रनपर
smallest_pulse_pro,svarah_test_0075,success,0,0.000000,5,0,0,0,5,0.525353,1.975000,0.266002,,,1,There is no restriction on,There is no restriction on.,there is no restriction on,there is no restriction on
smallest_pulse_pro,svarah_test_0076,success,0,0.000000,3,0,0,0,3,0.481408,0.958937,0.502022,,,1,that is noodle.,That is noodle.,that is noodle,that is noodle
smallest_pulse_pro,svarah_test_0077,success,0,0.000000,17,0,0,0,17,0.621409,5.701750,0.108986,,,1,"Although a French citizen, she has been brought up and lived most of her life in India.","Although a French citizen, she has been brought up and lived most of her life in India.",although a french citizen she has been brought up and lived most of her life in india,although a french citizen she has been brought up and lived most of her life in india
smallest_pulse_pro,svarah_test_0078,success,0,0.000000,19,0,0,0,19,3.885676,7.880375,0.493083,,,1,or may it be any local vendor. They will always be ready to help people coming from outside Odisha.,"Or may it be any local vendor, they will always be ready to help people coming from outside Odisha.",or may it be any local vendor they will always be ready to help people coming from outside odisha,or may it be any local vendor they will always be ready to help people coming from outside odisha
smallest_pulse_pro,svarah_test_0079,success,0,0.500000,1,1,0,0,2,0.595048,0.957125,0.621703,,,1,developing steps,developing state.,developing steps,developing state
smallest_pulse_pro,svarah_test_0080,success,0,0.000000,27,0,0,0,27,0.947183,13.535562,0.069977,,,1,"In India, most states, they focus more on studies and rather less on sports. That is the reason why we have low sports categories in our states","In India, most states they focus more on studies and rather less on sports. That is the reason why we have low sports categories in our states.",in india most states they focus more on studies and rather less on sports that is the reason why we have low sports categories in our states,in india most states they focus more on studies and rather less on sports that is the reason why we have low sports categories in our states
smallest_pulse_pro,svarah_test_0081,success,0,0.000000,5,0,0,0,5,0.455571,2.133938,0.213488,,,1,let me hear my list,Let me hear my list.,let me hear my list,let me hear my list
smallest_pulse_pro,svarah_test_0082,success,0,0.000000,14,0,0,0,14,0.539426,6.716500,0.080314,,,1,A reduction in this cost is evidence that you are building a recognized brand.,A reduction in this cost is evidence that you are building a recognized brand.,a reduction in this cost is evidence that you are building a recognized brand,a reduction in this cost is evidence that you are building a recognized brand
smallest_pulse_pro,svarah_test_0083,success,0,0.000000,1,0,0,0,1,0.460766,0.663000,0.694971,,,1,Kuwait,Kuwait.,kuwait,kuwait
smallest_pulse_pro,svarah_test_0084,success,0,0.000000,10,0,0,0,10,0.534560,3.327062,0.160670,,,1,Being even a few minutes late may disqualify your submission.,Being even a few minutes late may disqualify your submission.,being even a few minutes late may disqualify your submission,being even a few minutes late may disqualify your submission
smallest_pulse_pro,svarah_test_0085,success,0,0.000000,1,0,0,0,1,0.403585,0.540937,0.746085,,,1,Forward,Forward.,forward,forward
smallest_pulse_pro,svarah_test_0086,success,0,0.000000,5,0,0,0,5,0.473014,0.904937,0.522703,,,1,i want you to mute,I want you to mute.,i want you to mute,i want you to mute
smallest_pulse_pro,svarah_test_0087,success,0,0.000000,1,0,0,0,1,0.442181,0.483000,0.915488,,,1,Three,Three.,3,3
smallest_pulse_pro,svarah_test_0088,success,0,0.375000,7,1,0,2,8,0.634746,7.283812,0.087145,,,1,Your MPIN is invalid for mobile number 77341091445,Your M P N is invalid for mobile number seven seven three four one zero nine one four four five.,your mpin is invalid for mobile number 77341091445,your m p n is invalid for mobile number 77341091445
smallest_pulse_pro,svarah_test_0089,success,0,0.000000,3,0,0,0,3,0.451691,0.931562,0.484874,,,1,raise the volume,Raise the volume.,raise the volume,raise the volume
smallest_pulse_pro,svarah_test_0090,success,0,0.100000,20,0,0,2,20,0.704551,11.045063,0.063789,,,1,So if they are not using glutes they will tire the their other muscles and that will lead to fatigue.,"So, if they are not using glutes, they will tire the their other muscles, and that will lead to, you know, fatigue.",so if they are not using glutes they will tire the their other muscles and that will lead to fatigue,so if they are not using glutes they will tire the their other muscles and that will lead to you know fatigue
smallest_pulse_pro,svarah_test_0091,success,0,0.000000,6,0,0,0,6,0.411341,2.927625,0.140503,,,1,are being converted into residential sites,Are being converted into residential sites.,are being converted into residential sites,are being converted into residential sites
smallest_pulse_pro,svarah_test_0092,success,0,0.000000,7,0,0,0,7,0.615667,2.117500,0.290752,,,1,"As I am not a professional singer,",As I am not a professional singer.,as i am not a professional singer,as i am not a professional singer
smallest_pulse_pro,svarah_test_0093,success,0,0.181818,10,1,0,1,11,0.603800,4.880000,0.123729,,,1,But somebody from Mumbai or Bangalore could very well learn Odissi,But somebody from Mumbai or Bangalore could very well learn or see.,but somebody from mumbai or bangalore could very well learn odissi,but somebody from mumbai or bangalore could very well learn or see
smallest_pulse_pro,svarah_test_0094,success,0,0.000000,8,0,0,0,8,0.493588,3.168625,0.155774,,,1,and use them in our bath powders or,And use them in our bath powders or.,and use them in our bath powders or,and use them in our bath powders or
smallest_pulse_pro,svarah_test_0095,success,0,0.111111,9,0,0,1,9,0.543690,7.183375,0.075687,,,1,"Well, I was not a student of English medium.","Well, I was a not a student of English medium.",well i was not a student of english medium,well i was a not a student of english medium
smallest_pulse_pro,svarah_test_0096,success,0,0.000000,1,0,0,0,1,0.488268,0.850000,0.574433,,,1,agriculture,Agriculture.,agriculture,agriculture
smallest_pulse_pro,svarah_test_0097,success,0,0.000000,7,0,0,0,7,0.572723,3.803500,0.150578,,,1,its multiple subplots and the complicated plot,Its multiple subplots and the complicated plot.,its multiple subplots and the complicated plot,its multiple subplots and the complicated plot
smallest_pulse_pro,svarah_test_0098,success,0,0.000000,13,0,0,0,13,0.541312,8.324312,0.065028,,,1,So after the celebration all the materials that is gathered or collected are,"So after the celebration, all the materials, that is gathered or collected, are.",so after the celebration all the materials that is gathered or collected are,so after the celebration all the materials that is gathered or collected are
smallest_pulse_pro,svarah_test_0099,success,0,0.105263,18,1,0,1,19,0.723870,11.592813,0.062441,,,1,Can you help in searching for ESIC Centres located in area with pincode 198753 and centre type IMP Clinic,Can you help in searching for ESIC centers located in area with pin code one nine eight seven five three and center type IMP clinic?,can you help in searching for esic centers located in area with pincode 198753 and center type imp clinic,can you help in searching for esic centers located in area with pin code 198753 and center type imp clinic
smallest_pulse_pro,svarah_test_0100,success,0,0.000000,15,0,0,0,15,0.633094,6.168500,0.102633,,,1,Social media and online education platforms plays a vital role in the field of education.,Social media and online education platforms plays a vital role in the field of education.,social media and online education platforms plays a vital role in the field of education,social media and online education platforms plays a vital role in the field of education
smallest_pulse_pro,svarah_test_0101,success,0,1.000000,0,1,0,0,1,0.388737,0.546875,0.710834,,,1,Off,Of.,off,of
smallest_pulse_pro,svarah_test_0102,success,0,0.250000,7,1,0,1,8,0.642036,5.298687,0.121169,,,1,compare to other languages English has wider audience,"Compared to other languages, English has a wider audience.",compare to other languages english has wider audience,compared to other languages english has a wider audience
smallest_pulse_pro,svarah_test_0103,success,0,0.125000,7,1,0,0,8,0.498697,3.324125,0.150023,,,1,Bangalore is known as a city of entrepreneurs.,Bangalore is known as the city of entrepreneurs.,bangalore is known as a city of entrepreneurs,bangalore is known as the city of entrepreneurs
smallest_pulse_pro,svarah_test_0104,success,0,0.000000,19,0,0,0,19,0.595081,8.204875,0.072528,,,1,Tell me how to link multiple bank accounts and transfer money between my own accounts in Maharashtra Gramin Bank,Tell me how to link multiple bank accounts and transfer money between my own accounts in Maharashtra Gramin Bank.,tell me how to link multiple bank accounts and transfer money between my own accounts in maharashtra gramin bank,tell me how to link multiple bank accounts and transfer money between my own accounts in maharashtra gramin bank
smallest_pulse_pro,svarah_test_0105,success,0,0.000000,1,0,0,0,1,0.619321,0.996687,0.621380,,,1,Previous,Previous.,previous,previous
smallest_pulse_pro,svarah_test_0106,success,0,0.000000,10,0,0,0,10,0.541728,3.796250,0.142701,,,1,Attacks targeting police have become common in the Nangarhar province,Attacks targeting police have become common in the Nangarhar province.,attacks targeting police have become common in the nangarhar province,attacks targeting police have become common in the nangarhar province
smallest_pulse_pro,svarah_test_0107,success,0,0.111111,8,0,1,0,9,0.460676,4.240000,0.108650,,,1,"In North Bihar, there is a lot of flooding,","In North Bihar, there is lot of flooding.",in north bihar there is a lot of flooding,in north bihar there is lot of flooding
smallest_pulse_pro,svarah_test_0108,success,0,0.000000,10,0,0,0,10,0.524176,4.359000,0.120251,,,1,Capturing candid moment can make a great portrait I think.,Capturing candid moment can make a great portrait. I think.,capturing candid moment can make a great portrait i think,capturing candid moment can make a great portrait i think
smallest_pulse_pro,svarah_test_0109,success,0,0.000000,7,0,0,0,7,0.469850,3.001875,0.156519,,,1,The art and craft of our state,The art and craft of our state.,the art and craft of our state,the art and craft of our state
smallest_pulse_pro,svarah_test_0110,success,0,0.000000,9,0,0,0,9,0.443392,3.060062,0.144896,,,1,Can I get my order delivered after 2 Hours,Can I get my order delivered after two hours?,can i get my order delivered after 2 hours,can i get my order delivered after 2 hours
smallest_pulse_pro,svarah_test_0111,success,0,0.400000,6,3,1,0,10,0.485775,4.539500,0.107011,,,1,Chhath Puja is a folk festival that lasts four days.,Chhat Pujah is folk festival that lasts for days.,chhath puja is a folk festival that lasts 4 days,chhat pujah is folk festival that lasts for days
smallest_pulse_pro,svarah_test_0112,success,0,0.000000,1,0,0,0,1,0.378315,0.477500,0.792282,,,1,One,One.,one,one
smallest_pulse_pro,svarah_test_0113,success,0,0.000000,1,0,0,0,1,0.372205,0.435125,0.855398,,,1,On,On.,on,on
smallest_pulse_pro,svarah_test_0114,success,0,0.040000,24,1,0,0,25,0.721827,12.950000,0.055740,,,1,"So the first day of Bohag Bihu is called Guru Bihu. In this Bihu, bulls or cows are bathed in the bank of a river.","So the first day of Bhag Bihu is called Guru Bihu. In this Bihu, bulls or cows are bathed in the bank of a river.",so the 1st day of bohag bihu is called guru bihu in this bihu bulls or cows are bathed in the bank of a river,so the 1st day of bhag bihu is called guru bihu in this bihu bulls or cows are bathed in the bank of a river
smallest_pulse_pro,svarah_test_0115,success,0,0.000000,11,0,0,0,11,0.547184,3.100000,0.176511,,,1,"Now taking the government schools into account, not much was done","Now, taking the government schools into account, not much was done.",now taking the government schools into account not much was done,now taking the government schools into account not much was done
smallest_pulse_pro,svarah_test_0116,success,0,0.000000,10,0,0,0,10,0.462557,3.160000,0.146379,,,1,We have a composter at our garden in our house,We have a composter at our garden in our house.,we have a composter at our garden in our house,we have a composter at our garden in our house
smallest_pulse_pro,svarah_test_0117,success,0,0.000000,11,0,0,0,11,0.480097,2.797750,0.171601,,,1,What remaining bills do I have to pay for this month ?,What remaining bills do I have to pay for this month?,what remaining bills do i have to pay for this month,what remaining bills do i have to pay for this month
smallest_pulse_pro,svarah_test_0118,success,0,0.000000,5,0,0,0,5,0.429475,3.558625,0.120686,,,1,Indian English speakers of English,Indian English speakers of English.,indian english speakers of english,indian english speakers of english
smallest_pulse_pro,svarah_test_0119,success,0,0.100000,9,1,0,0,10,0.505660,5.561687,0.090918,,,1,Chalazion surgery is a safe procedure and complications seldom occur.,"Cholecyston surgery is a safe procedure, and complications seldom occur.",chalazion surgery is a safe procedure and complications seldom occur,cholecyston surgery is a safe procedure and complications seldom occur
smallest_pulse_pro,svarah_test_0120,success,0,0.066667,14,1,0,0,15,0.537684,7.148937,0.075212,,,1,Can you add 120 gm The Laughing Cow Creamy Cheese Triangles to my shopping list?,Can you add one twenty gram the Laughing Cow creamy cheese triangles to my shopping list?,can you add 120 gm the laughing cow creamy cheese triangles to my shopping list,can you add 120 gram the laughing cow creamy cheese triangles to my shopping list
smallest_pulse_pro,svarah_test_0121,success,0,0.333333,2,1,0,0,3,0.358523,0.966000,0.371142,,,1,One is their,One is there.,one is their,one is there
smallest_pulse_pro,svarah_test_0122,success,0,0.021739,46,0,0,1,46,1.081161,26.609750,0.040630,,,1,"as the story developed, which is set in the time of the English Civil War in the 17th century, it became really very interesting and also described not only the culture and the social mores of the period, but also developed into a very good storyline.","As the story developed, which is set in the time of the English Civil War in the seventeenth century, it became really um very interesting and also described the not only the culture and the social mores of the period, but also uh developed uh into a very good storyline.",as the story developed which is set in the time of the english civil war in the 17th century it became really very interesting and also described not only the culture and the social mores of the period but also developed into a very good storyline,as the story developed which is set in the time of the english civil war in the 17th century it became really very interesting and also described the not only the culture and the social mores of the period but also developed into a very good storyline
smallest_pulse_pro,svarah_test_0123,success,0,0.000000,10,0,0,0,10,0.481038,3.702750,0.129914,,,1,Can you send money to unsaved mobile numbers in Pay,Can you send money to unsaved mobile numbers in Pay?,can you send money to unsaved mobile numbers in pay,can you send money to unsaved mobile numbers in pay
smallest_pulse_pro,svarah_test_0124,success,0,0.000000,32,0,0,0,32,0.959312,16.597000,0.057800,,,1,"Kerala's cultural heritage is centuries old. The culture of Kerala is an amalgam of native art forms, language, literature, architectural style, music, festivals, cuisine, archaeological monuments, heritage centers and so on","Kerala's cultural heritage is centuries old. The culture of Kerala is an amalgam of native art forms, language, literature, architectural style, music, festivals, cuisine, archaeological monuments, heritage centers, and so on.",kerala is cultural heritage is centuries old the culture of kerala is an amalgam of native art forms language literature architectural style music festivals cuisine archaeological monuments heritage centers and so on,kerala is cultural heritage is centuries old the culture of kerala is an amalgam of native art forms language literature architectural style music festivals cuisine archaeological monuments heritage centers and so on
smallest_pulse_pro,svarah_test_0125,success,0,1.000000,0,0,1,0,1,0.675775,0.135313,4.994178,,,1,Up,,up,
smallest_pulse_pro,svarah_test_0126,success,0,0.083333,11,1,0,0,12,0.771829,9.000000,0.085759,,,1,"So the climate here in Kanimpung, the winter are a bit cold,","So the climate here in Kalimpong, the winter are a bit cold.",so the climate here in kanimpung the winter are a bit cold,so the climate here in kalimpong the winter are a bit cold
smallest_pulse_pro,svarah_test_0127,success,0,0.000000,2,0,0,0,2,0.556004,1.720000,0.323258,,,1,in 1864,In eighteen sixty four.,in 1864,in 1864
smallest_pulse_pro,svarah_test_0128,success,0,0.076923,12,1,0,0,13,0.574313,7.852688,0.073136,,,1,"It is famous for many cultural traditions like Kirtan, Natak, Allah Rudal etc.","It is famous for many cultural traditions like kirtan, natak, Allah Roodal, etc.",it is famous for many cultural traditions like kirtan natak allah rudal etc,it is famous for many cultural traditions like kirtan natak allah roodal etc
smallest_pulse_pro,svarah_test_0129,success,0,0.000000,18,0,0,0,18,0.635589,9.410500,0.067540,,,1,"HIV directly infects a small number of T helper cells, and also impairs other immune system responses indirectly.","HIV directly infects a small number of T helper cells, and also impairs other immune system responses indirectly.",hiv directly infects a small number of t helper cells and also impairs other immune system responses indirectly,hiv directly infects a small number of t helper cells and also impairs other immune system responses indirectly
smallest_pulse_pro,svarah_test_0130,success,0,1.500000,0,6,0,3,6,0.689465,4.808438,0.143386,,,1,"London, Singapore, New York, Bangkok, Dubai.","लंदन, सिंगापुर, न्यूयॉर्क, बैंकॉक, दुबई",london singapore new york bangkok dubai,लदन स ग पर नयय रक बक क दबई
smallest_pulse_pro,svarah_test_0131,success,0,0.125000,7,1,0,0,8,0.537776,4.379187,0.122803,,,1,Add Fendo Two Fold Umbrella worth rupees R,Add fendo two fold umbrella worth rupees are.,add fendo 2 fold umbrella worth rupees r,add fendo 2 fold umbrella worth rupees are
smallest_pulse_pro,svarah_test_0132,success,0,0.500000,3,1,0,1,4,0.585507,1.900062,0.308151,,,1,students girls students with,"students, ah, girl students with.",students girls students with,students ah girl students with
smallest_pulse_pro,svarah_test_0133,success,0,0.000000,17,0,0,0,17,0.626898,5.520000,0.113568,,,1,What was the last book you read that really impacted you and how did it do so?,"What was the last book you read that really impacted you, and how did it do so?",what was the last book you read that really impacted you and how did it do so,what was the last book you read that really impacted you and how did it do so
smallest_pulse_pro,svarah_test_0134,success,0,0.000000,23,0,0,0,23,0.687940,8.542125,0.080535,,,1,"Chandigarh IT Park, also known as Rajiv Gandhi Chandigarh Technology Park, is the city's attempt to break into the information technology world.","Chandigarh IT Park, also known as Rajiv Gandhi Chandigarh Technology Park, is the city's attempt to break into the information technology world.",chandigarh it park also known as rajiv gandhi chandigarh technology park is the city is attempt to break into the information technology world,chandigarh it park also known as rajiv gandhi chandigarh technology park is the city is attempt to break into the information technology world
smallest_pulse_pro,svarah_test_0135,success,0,0.000000,4,0,0,0,4,0.483889,2.118250,0.228438,,,1,save my music preferences,Save my music preferences.,save my music preferences,save my music preferences
smallest_pulse_pro,svarah_test_0136,success,0,1.000000,0,1,0,0,1,0.393880,0.443188,0.888743,,,1,Tree,Three.,tree,3
smallest_pulse_pro,svarah_test_0137,success,0,0.000000,25,0,0,0,25,0.787423,20.658375,0.038116,,,1,discrimination is also a big issue in schools and colleges discrimination based on caste and religion is very much pronounced in Gujarat's education system,Discrimination is also a big issue in schools and colleges. Discrimination based on caste and religion is very much pronounced in Gujarat's education system.,discrimination is also a big issue in schools and colleges discrimination based on caste and religion is very much pronounced in gujarat is education system,discrimination is also a big issue in schools and colleges discrimination based on caste and religion is very much pronounced in gujarat is education system
smallest_pulse_pro,svarah_test_0138,success,0,0.000000,8,0,0,0,8,0.532974,6.399687,0.083281,,,1,culture values are also changing with their forms,Culture values are also changing with their forms.,culture values are also changing with their forms,culture values are also changing with their forms
smallest_pulse_pro,svarah_test_0139,success,0,0.076923,12,1,0,0,13,0.571627,6.540625,0.087396,,,1,"When people live together in a society, these are there this results automatically.","When people live together in a society, these are the this results automatically.",when people live together in a society these are there this results automatically,when people live together in a society these are the this results automatically
smallest_pulse_pro,svarah_test_0140,success,0,1.833333,0,6,0,5,6,0.698200,9.640000,0.072427,,,1,"Kamrup metro Nalbari, Nagaon, Sonitpur, Lakhimpur.","काम्रूप मेट्रो, नलबारी, नगांव, सुनिदपुर, लखीमपुर",kamrup metro nalbari nagaon sonitpur lakhimpur,क मरप मटर नलब र नग व सन दपर लख मपर
smallest_pulse_pro,svarah_test_0141,success,0,1.000000,0,1,0,0,1,0.399224,0.503687,0.792602,,,1,Katak,कटक,katak,कटक
smallest_pulse_pro,svarah_test_0142,success,0,0.333333,2,0,1,0,3,0.473301,1.012063,0.467659,,,1,The answer is,Answer is.,the answer is,answer is
smallest_pulse_pro,svarah_test_0143,success,0,0.000000,28,0,0,0,28,0.656294,9.999813,0.065631,,,1,"It cannot be denied that opportunities have increased. There were also suggestions of making some villages model villages, but those ended only in the stage of an idea","It cannot be denied that opportunities have increased. There were also suggestions of making some villages model villages, but those ended only in the stage of an idea.",it cannot be denied that opportunities have increased there were also suggestions of making some villages model villages but those ended only in the stage of an idea,it cannot be denied that opportunities have increased there were also suggestions of making some villages model villages but those ended only in the stage of an idea
smallest_pulse_pro,svarah_test_0144,success,0,0.000000,15,0,0,0,15,0.620032,4.607062,0.134583,,,1,"At any time during this phase, the car dealer may offer to settle with you.","At any time during this phase, the car dealer may offer to settle with you.",at any time during this phase the car dealer may offer to settle with you,at any time during this phase the car dealer may offer to settle with you
smallest_pulse_pro,svarah_test_0145,success,0,0.000000,1,0,0,0,1,0.433530,0.680125,0.637427,,,1,Yes,Yes.,yes,yes
smallest_pulse_pro,svarah_test_0146,success,0,0.000000,6,0,0,0,6,0.496748,2.485562,0.199853,,,1,and some of the main festivals,And some of the main festivals.,and some of the main festivals,and some of the main festivals
smallest_pulse_pro,svarah_test_0147,success,0,0.117647,15,2,0,0,17,0.547208,6.481375,0.084428,,,1,Why did I get zero discount when the Slurrp Farm Oats Instant Powder mentioned 90 % on order,Why did I get zero discount when the slab farm oats instant powder mentioned ninety percent on order?,why did i get 0 discount when the slurrp farm oats instant powder mentioned 90 on order,why did i get 0 discount when the slab farm oats instant powder mentioned 90% on order
smallest_pulse_pro,svarah_test_0148,success,0,0.428571,8,2,4,0,14,0.575363,5.549688,0.103675,,,1,Can I change my delivery date from 11-9-2021 TO 23-4-2020 ?,Can I change my delivery date from eleven nine twenty twenty one to twenty three four twenty twenty?,can i change my delivery date from 11 9 2021 to 23 4 2020,can i change my delivery date from 1192021 to 2342020
smallest_pulse_pro,svarah_test_0149,success,0,0.000000,1,0,0,0,1,0.366125,0.379250,0.965393,,,1,Yes,Yes.,yes,yes
smallest_pulse_pro,svarah_test_0150,success,0,0.142857,25,3,0,1,28,0.748245,11.637250,0.064297,,,1,he Padanilam or the battlefield is a paddy field adjacent to the famous Ochera Parabrahma temple and the festivities are part of a ritual associated with the shrine,"In the paddanilam or the battlefield is a paddy field adjacent to the famous Oshara Parabrahma Temple, and the festivities are part of a ritual associated with the shrine.",he padanilam or the battlefield is a paddy field adjacent to the famous ochera parabrahma temple and the festivities are part of a ritual associated with the shrine,in the paddanilam or the battlefield is a paddy field adjacent to the famous oshara parabrahma temple and the festivities are part of a ritual associated with the shrine
smallest_pulse_pro,svarah_test_0151,success,0,0.000000,11,0,0,0,11,0.501575,4.499937,0.111463,,,1,"is the head of the government, heading the council of ministers.",Is the head of the government heading the council of ministers.,is the head of the government heading the council of ministers,is the head of the government heading the council of ministers
smallest_pulse_pro,svarah_test_0152,success,0,0.000000,1,0,0,0,1,0.416445,0.824375,0.505164,,,1,House,House.,house,house
smallest_pulse_pro,svarah_test_0153,success,0,0.000000,8,0,0,0,8,0.437799,3.129125,0.139911,,,1,Some popular beaches in my state Odisha are,"Some popular beaches in my state, Odisha, are.",some popular beaches in my state odisha are,some popular beaches in my state odisha are
smallest_pulse_pro,svarah_test_0154,success,0,0.000000,18,0,0,0,18,0.583035,8.267375,0.070522,,,1,The child with special needs are now accommodated in regular schools where school has resource rooms for them,"The child with special needs are now accommodated in regular schools, where school has resource rooms for them.",the child with special needs are now accommodated in regular schools where school has resource rooms for them,the child with special needs are now accommodated in regular schools where school has resource rooms for them
smallest_pulse_pro,svarah_test_0155,success,0,0.000000,20,0,0,0,20,0.624031,8.100625,0.077035,,,1,"But yeah, it wouldn't harm to represent regional languages a bit more in a quest to keep them alive.","But yeah, it wouldn't harm to represent regional languages a bit more in a quest to keep them alive.",but yeah it would not harm to represent regional languages a bit more in a quest to keep them alive,but yeah it would not harm to represent regional languages a bit more in a quest to keep them alive
smallest_pulse_pro,svarah_test_0156,success,0,0.062500,30,1,1,0,32,0.717561,15.817250,0.045366,,,1,"Some local art forms or crafts that are unique to my district are Bagurumba dance, silk rearing, and weaving. Bagurumba is a dance form performed by women folk belonging to Boro community.","Some local art forms or crafts that are unique to my district are Bagurumba dance, silk rearing, and weaving. Bagurumba is a dance form performed by womenfolk belonging to Boro community.",some local art forms or crafts that are unique to my district are bagurumba dance silk rearing and weaving bagurumba is a dance form performed by women folk belonging to boro community,some local art forms or crafts that are unique to my district are bagurumba dance silk rearing and weaving bagurumba is a dance form performed by womenfolk belonging to boro community
smallest_pulse_pro,svarah_test_0157,success,0,0.000000,1,0,0,0,1,0.397402,0.541250,0.734230,,,1,Jump,Jump.,jump,jump
smallest_pulse_pro,svarah_test_0158,success,0,0.000000,12,0,0,0,12,0.602168,5.600000,0.107530,,,1,"Language, though a means of communication, is naturally the expression or representation","Language, though a means of communication, is naturally the expression or representation.",language though a means of communication is naturally the expression or representation,language though a means of communication is naturally the expression or representation
smallest_pulse_pro,svarah_test_0159,success,0,2.000000,0,1,0,1,1,0.384848,0.227875,1.688854,,,1,Three,त्रिग,3,तर ग
smallest_pulse_pro,svarah_test_0160,success,0,0.000000,25,0,0,0,25,0.668955,14.968750,0.044690,,,1,"Education for girls is top priorities in our state after our Prime Minister Shri Narendra Modi ji has given the slogan, Beti Bachao, Beti Padhao.","Education for girls is top priorities in our state. After our Prime Minister Shri Narendra Modi ji has given the slogan, ""Beti Bachao, Beti Padhao.""",education for girls is top priorities in our state after our prime minister shri narendra modi ji has given the slogan beti bachao beti padhao,education for girls is top priorities in our state after our prime minister shri narendra modi ji has given the slogan beti bachao beti padhao
smallest_pulse_pro,svarah_test_0161,success,0,0.035714,27,1,0,0,28,0.784072,14.830312,0.052870,,,1,"The present district of South 24 Parganas came into existence on March 1, 1986. It then comprised of two subdivisions, namely, Alipur and Diamond Harbour, and 30 blocks.","The present district of South Twenty Four Parganas came into existence on March first, nineteen eighty six. It then comprised of two subdivisions, namely, Alipur and Diamond Harbour, and thirty blocks.",the present district of south 24 parganas came into existence on march one 1986 it then comprised of 2 subdivisions namely alipur and diamond harbor and 30 blocks,the present district of south 24 parganas came into existence on march 1st 1986 it then comprised of 2 subdivisions namely alipur and diamond harbor and 30 blocks
smallest_pulse_pro,svarah_test_0162,success,0,0.130435,21,1,1,1,23,0.588362,6.160312,0.095508,,,1,"or what are the things that you should try in the state, they will also help maybe it may be a shop person",Or what are the thing that you should try in the state? They will also help. Maybe may it be a shop person.,or what are the things that you should try in the state they will also help maybe it may be a shop person,or what are the thing that you should try in the state they will also help maybe may it be a shop person
smallest_pulse_pro,svarah_test_0163,success,0,0.000000,1,0,0,0,1,0.466959,0.521062,0.896168,,,1,Wow,Wow.,wow,wow
smallest_pulse_pro,svarah_test_0164,success,0,0.000000,5,0,0,0,5,0.842526,2.880000,0.292544,,,1,"like manganese, limestone, and pyrite,","Like manganese, limestone, and pyrite.",like manganese limestone and pyrite,like manganese limestone and pyrite
smallest_pulse_pro,svarah_test_0165,success,0,0.000000,1,0,0,0,1,0.643137,0.415125,1.549261,,,1,Tree,tree.,tree,tree
smallest_pulse_pro,svarah_test_0166,success,0,0.071429,13,1,0,0,14,0.631449,5.116375,0.123417,,,1,Open my transaction history for the last 24 hours and mute the contact Wahida,Open my transaction history for the last twenty-four hours and mute the contact Bahida.,open my transaction history for the last 24 hours and mute the contact wahida,open my transaction history for the last 24 hours and mute the contact bahida
smallest_pulse_pro,svarah_test_0167,success,0,0.000000,17,0,0,0,17,0.720151,10.590375,0.068001,,,1,"Sports teach a person sportsman spirit, hard work, alertness, acceptance, and discipline more than any other source.","Sports teach a person sportsman spirit, hard work, alertness, acceptance, and discipline more than any other source.",sports teach a person sportsman spirit hard work alertness acceptance and discipline more than any other source,sports teach a person sportsman spirit hard work alertness acceptance and discipline more than any other source
smallest_pulse_pro,svarah_test_0168,success,0,0.115385,24,2,0,1,26,0.740336,15.202625,0.048698,,,1,Can you transfer Rs. 400 to my 6844663153262 in IndusInd Bank fortnightly via PayUmoney and give me an alert in case the balance goes below that?,"Can you transfer rupees four hundred to my six eight four four six six three one five three two six two in Indusind Bank fortnightly via PayU Money, and give me an alert in case the balance goes below that.",can you transfer rs 400 to my 6844663153262 in indusind bank fortnightly via payumoney and give me an alert in case the balance goes below that,can you transfer rupees 400 to my 6844663153262 in indusind bank fortnightly via payu money and give me an alert in case the balance goes below that
smallest_pulse_pro,svarah_test_0169,success,0,0.400000,3,2,0,0,5,0.487401,2.420000,0.201405,,,1,by making transactions on Limeroad,"By making transactions online, bro.",by making transactions on limeroad,by making transactions online bro
smallest_pulse_pro,svarah_test_0170,success,0,0.000000,1,0,0,0,1,0.474766,0.210437,2.256090,,,1,Up,Up.,up,up
smallest_pulse_pro,svarah_test_0171,success,0,0.055556,18,0,0,1,18,0.555213,7.891312,0.070357,,,1,A cruise boat service has been started by the tourism department for visitors to the dam and reservoir.,A cruise boat service has been started by the tourism department for the visitors to the dam and reservoir.,a cruise boat service has been started by the tourism department for visitors to the dam and reservoir,a cruise boat service has been started by the tourism department for the visitors to the dam and reservoir
smallest_pulse_pro,svarah_test_0172,success,0,1.000000,0,1,0,0,1,0.560626,0.443375,1.264452,,,1,Learn,Lern.,learn,lern
smallest_pulse_pro,svarah_test_0173,success,0,0.000000,19,0,0,0,19,0.688053,6.903562,0.099666,,,1,Najib's dream was to work in the Persian Gulf states and earn enough money to send back home,Najib's dream was to work in the Persian Gulf states and earn enough money to send back home.,najib is dream was to work in the persian gulf states and earn enough money to send back home,najib is dream was to work in the persian gulf states and earn enough money to send back home
smallest_pulse_pro,svarah_test_0174,success,0,0.000000,3,0,0,0,3,0.455590,1.404125,0.324465,,,1,"Yeah, mostly through","Yeah, mostly through.",yeah mostly through,yeah mostly through
smallest_pulse_pro,svarah_test_0175,success,0,0.000000,1,0,0,0,1,0.417675,0.424250,0.984501,,,1,Nila,Nila.,nila,nila
smallest_pulse_pro,svarah_test_0176,success,0,0.000000,11,0,0,0,11,0.609537,4.939312,0.123405,,,1,brainwashing a child towards a particular religion is a strict no,Brainwashing a child towards a particular religion is a strict no.,brainwashing a child towards a particular religion is a strict no,brainwashing a child towards a particular religion is a strict no
smallest_pulse_pro,svarah_test_0177,success,0,0.000000,11,0,0,0,11,0.601302,5.678750,0.105886,,,1,Is there any Kids vaccination centre in the PIN Code 967045,Is there any kids vaccination center in the pin code nine six seven zero four five?,is there any kids vaccination center in the pin code 967045,is there any kids vaccination center in the pin code 967045
smallest_pulse_pro,svarah_test_0178,success,0,0.200000,16,3,1,0,20,0.715240,7.094688,0.100814,,,1,"Davis was back in prison and admitted a role in a different armed robbery, at a Bank of Cyprus branch.",Davis was breaking prison and admitted to rule in a different armed robbery at a bank of Cyprus branch.,davis was back in prison and admitted a role in a different armed robbery at a bank of cyprus branch,davis was breaking prison and admitted to rule in a different armed robbery at a bank of cyprus branch
smallest_pulse_pro,svarah_test_0179,success,0,0.000000,13,0,0,0,13,0.601366,4.597000,0.130817,,,1,we have seen the assimilation of the culture in English language in India.,We have seen the assimilation of the culture in English language in India.,we have seen the assimilation of the culture in english language in india,we have seen the assimilation of the culture in english language in india
smallest_pulse_pro,svarah_test_0180,success,0,0.000000,1,0,0,0,1,0.427717,0.505938,0.845395,,,1,Go,Go.,go,go
smallest_pulse_pro,svarah_test_0181,success,0,0.200000,12,3,0,0,15,0.561782,6.125375,0.091714,,,1,Why did I get zero discount when the Garden Raita Boondi mentioned 40 % on order,Why did I get zero discount when the garden writer Bundi mentioned forty percent on order?,why did i get 0 discount when the garden raita boondi mentioned 40 on order,why did i get 0 discount when the garden writer bundi mentioned 40% on order
smallest_pulse_pro,svarah_test_0182,success,0,0.000000,8,0,0,0,8,0.486288,3.024000,0.160810,,,1,"Despite a defeat of Ladakh by the Mughals,",Despite a defeat of Ladakh by the Mughals.,despite a defeat of ladakh by the mughals,despite a defeat of ladakh by the mughals
smallest_pulse_pro,svarah_test_0183,success,0,0.142857,6,1,0,0,7,0.548157,2.471812,0.221763,,,1,Can you tell us about their work?,Can you tell us about the work?,can you tell us about their work,can you tell us about the work
smallest_pulse_pro,svarah_test_0184,success,0,0.000000,14,0,0,0,14,0.538854,6.639375,0.081160,,,1,"During which several architecture, literature and monuments have been built by the British Empire.","During which several architecture, literature, and monuments have been built by the British Empire.",during which several architecture literature and monuments have been built by the british empire,during which several architecture literature and monuments have been built by the british empire
smallest_pulse_pro,svarah_test_0185,success,0,2.000000,0,2,0,2,2,0.499814,2.484062,0.201208,,,1,Sunitpur Dhubri,"सोनीपुर, धुपरी",sunitpur dhubri,स न पर धपर
smallest_pulse_pro,svarah_test_0186,success,0,0.000000,13,0,0,0,13,0.551785,8.510875,0.064833,,,1,that to have a round shaped roti was an impossible task for me.,That to have a round-shaped roti was an impossible task for me.,that to have a round shaped roti was an impossible task for me,that to have a round shaped roti was an impossible task for me
smallest_pulse_pro,svarah_test_0187,success,0,0.000000,11,0,0,0,11,0.636001,9.872125,0.064424,,,1,"working and what impact it had on people. And so, yeah.","Working and what impact it had on people, and so, um, yeah.",working and what impact it had on people and so yeah,working and what impact it had on people and so yeah
smallest_pulse_pro,svarah_test_0188,success,0,0.045455,21,0,1,0,22,0.720748,9.000000,0.080083,,,1,"In the 21st century, the entire world has become narrow, accessible, shareable and familiar for all the people living on this earth.","In the twenty-first century, the entire world has become narrow, accessible, shareable, and familiar for all the people living on this.",in the 21st century the entire world has become narrow accessible shareable and familiar for all the people living on this earth,in the 21st century the entire world has become narrow accessible shareable and familiar for all the people living on this
smallest_pulse_pro,svarah_test_0189,success,0,0.000000,8,0,0,0,8,0.509212,3.239813,0.157173,,,1,"lockdown period, last three years, so to say","Lockdown period last three years, so to say.",lockdown period last 3 years so to say,lockdown period last 3 years so to say
smallest_pulse_pro,svarah_test_0190,success,0,2.000000,0,1,0,1,1,0.472993,0.511188,0.925282,,,1,Right,राइट,right,र इट
smallest_pulse_pro,svarah_test_0191,success,0,2.333333,0,3,0,4,3,0.455863,1.725250,0.264230,,,1,Add Rs 500,एड रिबीस फाइव हंड्रेड,add rs 500,एड र ब स फ इव हडरड
smallest_pulse_pro,svarah_test_0192,success,0,0.000000,14,0,0,0,14,0.560085,4.112563,0.136189,,,1,"If so, what is it and why do you keep coming back to it?","If so, what is it, and why do you keep coming back to it?",if so what is it and why do you keep coming back to it,if so what is it and why do you keep coming back to it
smallest_pulse_pro,svarah_test_0193,success,0,0.111111,9,0,0,1,9,0.462778,3.449750,0.134148,,,1,"So, there are so many bodies who are working",So there are so so many bodies who are working.,so there are so many bodies who are working,so there are so so many bodies who are working
smallest_pulse_pro,svarah_test_0194,success,0,0.000000,1,0,0,0,1,0.349405,0.335375,1.041833,,,1,Dog,Dog.,dog,dog
smallest_pulse_pro,svarah_test_0195,success,0,1.000000,0,1,0,0,1,0.347607,0.359438,0.967087,,,1,Three,tree.,3,tree
smallest_pulse_pro,svarah_test_0196,success,0,0.000000,18,0,0,0,18,0.594913,18.760000,0.031712,,,1,"Previously, it used to be the richer people's language or only few people can talk in English.","Previously, it used to be the richer people's language, or only few people can talk in English.",previously it used to be the richer people is language or only few people can talk in english,previously it used to be the richer people is language or only few people can talk in english
smallest_pulse_pro,svarah_test_0197,success,0,0.333333,10,2,0,2,12,0.618364,11.802875,0.052391,,,1,"Like that, I already mentioned the title of this book, Jeewan Kadegaful.","Like that, I already mentioned the title of this book, John Cardi's Full.",like that i already mentioned the title of this book jeewan kadegaful,like that i already mentioned the title of this book john cardi is full
smallest_pulse_pro,svarah_test_0198,success,0,0.000000,12,0,0,0,12,0.616113,5.925625,0.103974,,,1,There are primary health centers in every village which provide free medical,"There are primary health centers in every village, which provide free medical.",there are primary health centers in every village which provide free medical,there are primary health centers in every village which provide free medical
smallest_pulse_pro,svarah_test_0199,success,0,0.000000,1,0,0,0,1,0.497005,0.245125,2.027556,,,1,Down,Down.,down,down
